ID	GeneID	geneSymbol	chr	strand	riExonStart_0base	riExonEnd	upstreamES	upstreamEE	downstreamES	downstreamEE	ID	IJC_SAMPLE_1	SJC_SAMPLE_1	IJC_SAMPLE_2	SJC_SAMPLE_2	IncFormLen	SkipFormLen	PValue	FDR	IncLevel1	IncLevel2	IncLevelDifference
0	"Uty"	NA	chrNC_000087.8	-	1085186	1087766	1085186	1087088	1087581	1087766	0	0,0,18	0,0,0	10,9,14	1,1,2	593	100	1	1.0	NA,NA,1.0	0.628,0.603,0.541	0.409
1	"Uty"	NA	chrNC_000087.8	-	1245406	1245737	1245406	1245512	1245599	1245737	1	0,0,101	0,0,19	55,120,72	43,25,26	187	100	1	1.0	NA,NA,0.74	0.406,0.72,0.597	0.166
2	"Gm15246"	NA	chrNC_000086.8	+	168104750	168105838	168104750	168104829	168105745	168105838	2	112,103,53	0,1,4	147,99,144	0,0,1	1016	100	0.0168548099337	0.13918250264838866	1.0,0.91,0.566	1.0,1.0,0.934	-0.153
12	"Ofd1"	NA	chrNC_000086.8	-	165171564	165174954	165171564	165174054	165174886	165174954	12	19,3,6	13,17,22	19,11,10	35,28,19	932	100	0.853592331153	1.0	0.136,0.019,0.028	0.055,0.04,0.053	0.012
13	"Phka2"	NA	chrNC_000086.8	+	159285157	159285900	159285157	159285288	159285742	159285900	13	119,127,120	2,0,2	216,121,146	0,2,2	554	100	0.923028804866	1.0	0.915,1.0,0.915	1.0,0.916,0.929	-0.005
15	"Bclaf3"	NA	chrNC_000086.8	+	158349423	158350361	158349423	158349538	158350092	158350361	15	14,9,4	0,1,0	42,13,34	0,0,0	654	100	1	1.0	1.0,0.579,1.0	1.0,1.0,1.0	-0.14
17	"Klf8"	NA	chrNC_000086.8	+	152142837	152143479	152142837	152142960	152143291	152143479	17	0,0,1	0,0,0	0,4,4	0,0,8	431	100	1	1.0	NA,NA,1.0	NA,1.0,0.104	0.448
18	"Huwe1"	NA	chrNC_000086.8	+	150586751	150587536	150586751	150586798	150587441	150587536	18	30,31,41	3,8,3	70,33,34	8,6,0	743	100	0.41274222599	0.8694451624404734	0.574,0.343,0.648	0.541,0.425,1.0	-0.134
19	"Maged2"	NA	chrNC_000086.8	-	149589705	149590177	149589705	149589843	149589909	149590177	19	370,314,416	69,49,52	424,362,355	57,33,65	166	100	0.367250952925	0.8269915179174476	0.764,0.794,0.828	0.818,0.869,0.767	-0.023
20	"Tro"	NA	chrNC_000086.8	-	149428689	149432651	149428689	149430409	149430469	149432651	20	42,49,24	13,16,7	34,55,100	8,14,17	160	100	0.137755049932	0.4953615936948687	0.669,0.657,0.682	0.726,0.711,0.786	-0.072
21	"Tro"	NA	chrNC_000086.8	-	149428689	149432651	149428689	149431495	149431597	149432651	21	170,227,93	9,7,4	90,156,459	5,4,15	202	100	0.648127794371	1.0	0.903,0.941,0.92	0.899,0.951,0.938	-0.008
22	"Tro"	NA	chrNC_000086.8	-	149428689	149432651	149428689	149431546	149431648	149432651	22	209,252,89	7,4,2	97,168,544	6,6,16	202	100	0.161601866517	0.5416029082850085	0.937,0.969,0.957	0.889,0.933,0.944	0.032
23	"Tro"	NA	chrNC_000086.8	-	149428689	149432651	149428689	149432254	149432284	149432651	23	32,39,15	11,19,4	18,47,63	10,10,25	130	100	0.808362435863	1.0	0.691,0.612,0.743	0.581,0.783,0.66	0.007
24	"Tro"	NA	chrNC_000086.8	-	149428689	149432651	149428689	149429115	149432460	149432651	24	2903,3479,1460	0,0,1	1609,2700,6691	0,0,1	3445	100	1	1.0	1.0,1.0,0.977	1.0,1.0,0.995	-0.006
25	"Gm31214"	NA	chrNC_000086.8	+	134820646	134833726	134820646	134827637	134828799	134833726	25	0,0,6	0,1,0	1,0,0	0,0,0	1262	100	1	1.0	NA,0.0,1.0	1.0,NA,NA	-0.5
26	"Armcx2"	NA	chrNC_000086.8	-	133708202	133708474	133708202	133708262	133708351	133708474	26	13,43,37	2,4,0	34,38,100	2,3,3	189	100	0.61676235888	1.0	0.775,0.85,1.0	0.9,0.87,0.946	-0.03
27	"Armcx2"	NA	chrNC_000086.8	-	133708202	133708474	133708202	133708262	133708369	133708474	27	13,44,38	250,208,254	35,38,106	183,217,283	207	100	5.49865377224e-05	0.004008638452447575	0.025,0.093,0.067	0.085,0.078,0.153	-0.044
28	"Drp2"	NA	chrNC_000086.8	+	133341083	133342135	133341083	133341169	133341977	133342135	28	187,178,186	143,174,140	249,197,240	167,123,143	908	100	0.0234059134565	0.1700511263370204	0.126,0.101,0.128	0.141,0.15,0.156	-0.031
30	"Pbdc1"	NA	chrNC_000086.8	+	104159919	104160696	104159919	104160031	104160432	104160696	30	219,199,173	14,22,18	135,139,109	9,10,19	501	100	0.835022810899	1.0	0.757,0.644,0.657	0.75,0.735,0.534	0.013
38	"Itgb1bp2"	NA	chrNC_000086.8	+	100506745	100507685	100506745	100506900	100507485	100507685	38	10,0,0	0,0,2	2,1,0	1,0,0	685	100	1	1.0	1.0,NA,0.0	0.226,1.0,NA	-0.113
41	"Ophn1"	NA	chrNC_000086.8	-	97933986	97934631	97933986	97934105	97934303	97934631	41	57,69,68	0,2,3	74,38,65	0,0,2	298	100	0.12754977063	0.4746451394872474	1.0,0.92,0.884	1.0,1.0,0.916	-0.037
42	"Maged1"	NA	chrNC_000086.8	-	93581281	93581671	93581281	93581361	93581579	93581671	42	321,289,322	2999,2717,2857	514,412,682	2589,2901,3593	318	100	2.53709432685e-07	0.00011612643176039144	0.033,0.032,0.034	0.059,0.043,0.056	-0.02
43	"Klhl15"	NA	chrNC_000086.8	+	93278300	93279026	93278300	93278731	93278826	93279026	43	4,11,11	2,1,5	2,10,9	6,0,6	195	100	0.540066677341	0.9921867168581217	0.506,0.849,0.53	0.146,1.0,0.435	0.101
44	"Klhl15"	NA	chrNC_000086.8	+	93296020	93299574	93296020	93296732	93297545	93299574	44	12,9,3	0,6,1	12,20,19	2,2,0	913	100	0.236444403607	0.6622096758363881	1.0,0.141,0.247	0.397,0.523,1.0	-0.177
46	"Cmc4"	NA	chrNC_000086.8	-	74459620	74460190	74459620	74459819	74460143	74460190	46	121,108,116	7,7,13	189,121,146	18,15,25	424	100	0.0599089939115	0.3070112542293943	0.803,0.784,0.678	0.712,0.655,0.579	0.106
47	"Fam3a"	NA	chrNC_000086.8	-	73436280	73436856	73436280	73436353	73436704	73436856	47	956,865,898	13,13,8	745,987,798	23,13,7	451	100	0.203387748457	0.6200326794064966	0.942,0.937,0.961	0.878,0.944,0.962	0.019
48	"Irak1"	NA	chrNC_000086.8	-	73057519	73059107	73057519	73057731	73059011	73059107	48	3875,3440,4017	2,8,7	3818,4004,3023	7,7,1	1380	100	0.774407580244	1.0	0.993,0.969,0.977	0.975,0.976,0.995	-0.002
54	"Ints6l"	NA	chrNC_000086.8	+	55500239	55500886	55500239	55500676	55500808	55500886	54	44,34,36	58,54,34	72,26,47	40,44,87	232	100	0.809504822128	1.0	0.246,0.213,0.313	0.437,0.203,0.189	-0.019
55	"Ints6l"	NA	chrNC_000086.8	+	55538398	55539603	55538398	55538493	55539492	55539603	55	379,317,276	27,40,17	432,331,571	36,14,39	1099	100	0.279642312455	0.7281759378690951	0.561,0.419,0.596	0.522,0.683,0.571	-0.067
56	"Ints6l"	NA	chrNC_000086.8	+	55552239	55553187	55552239	55552359	55552573	55553187	56	197,201,161	4,7,3	255,245,327	8,1,7	314	100	0.739233384231	1.0	0.94,0.901,0.945	0.91,0.987,0.937	-0.016
58	"Mospd1"	NA	chrNC_000086.8	-	52433470	52434866	52433470	52433783	52434184	52434866	58	395,364,453	2,1,0	514,402,296	3,0,0	501	100	1	1.0	0.975,0.986,1.0	0.972,1.0,1.0	-0.004
59	"Smarca1"	NA	chrNC_000086.8	-	46898246	46900145	46898246	46898997	46900003	46900145	59	173,200,113	8,3,5	117,166,368	3,1,7	1106	100	0.0946021500264	0.3956988102931927	0.662,0.858,0.671	0.779,0.938,0.826	-0.117
60	"Smarca1"	NA	chrNC_000086.8	-	46898246	46900145	46898246	46898997	46900034	46900145	60	180,200,115	6,18,6	120,168,373	7,15,18	1137	100	0.831034080391	1.0	0.725,0.494,0.628	0.601,0.496,0.646	0.035
61	"Gria3"	NA	chrNC_000086.8	+	40489350	40490532	40489350	40490129	40490405	40490532	61	665,542,427	12,1,8	557,535,437	8,7,2	376	100	0.652877305834	1.0	0.936,0.993,0.934	0.949,0.953,0.983	-0.007
62	"Wdr44"	NA	chrNC_000086.8	+	23559289	23559778	23559289	23559508	23559663	23559778	62	88,106,99	4,8,6	66,92,138	19,1,2	255	100	0.88244514678	1.0	0.896,0.839,0.866	0.577,0.973,0.964	0.029
63	"Ndufb11"	NA	chrNC_000086.8	-	20483298	20483858	20483298	20483520	20483608	20483858	63	278,268,301	62,62,58	246,271,204	100,71,55	188	100	0.0157892462593	0.1348542176891682	0.705,0.697,0.734	0.567,0.67,0.664	0.078
67	"Porcn"	NA	chrNC_000086.8	-	8064213	8065143	8064213	8064324	8064444	8065143	67	58,43,36	3,7,0	21,55,154	2,2,25	220	100	0.180862154222	0.5812260201878515	0.898,0.736,1.0	0.827,0.926,0.737	0.048
68	"Porcn"	NA	chrNC_000086.8	-	8064444	8065391	8064444	8065143	8065305	8065391	68	65,78,35	0,1,1	50,61,281	1,0,2	262	100	1	1.0	1.0,0.968,0.93	0.95,1.0,0.982	-0.011
69	"Otud5"	NA	chrNC_000086.8	+	7707600	7708949	7707600	7707639	7707725	7708949	69	62,57,105	5,5,2	65,84,43	5,0,5	186	100	0.830737385677	1.0	0.87,0.86,0.966	0.875,1.0,0.822	-0.0
70	"Otud5"	NA	chrNC_000086.8	+	7705851	7708949	7705851	7708707	7708836	7708949	70	240,289,300	25,44,22	210,207,349	56,43,42	229	100	0.00727178890878	0.08448278252962826	0.807,0.741,0.856	0.621,0.678,0.784	0.107
71	"Gripap1"	NA	chrNC_000086.8	+	7684534	7685560	7684534	7684628	7685405	7685560	71	349,375,290	210,224,153	274,367,510	107,209,286	877	100	0.279063644018	0.7281759378690951	0.159,0.16,0.178	0.226,0.167,0.169	-0.022
72	"Gripap1"	NA	chrNC_000086.8	+	7685405	7686802	7685405	7685560	7686240	7686802	72	147,132,130	189,197,171	99,98,184	134,215,233	780	100	0.323710509802	0.7882185756874442	0.091,0.079,0.089	0.087,0.055,0.092	0.008
74	"Csf2ra"	NA	chrNC_000085.7	-	61213761	61214090	61213761	61213858	61213960	61214090	74	135,118,90	89,89,62	98,108,158	85,95,119	202	100	0.243385083934	0.6713924940809769	0.429,0.396,0.418	0.363,0.36,0.397	0.041
75	"Csf2ra"	NA	chrNC_000085.7	-	61213761	61214090	61213761	61213858	61214021	61214090	75	247,196,164	17,9,5	182,186,238	8,8,12	263	100	0.77974659019	1.0	0.847,0.892,0.926	0.896,0.898,0.883	-0.004
76	"Csf2ra"	NA	chrNC_000085.7	-	61213960	61214259	61213960	61214090	61214229	61214259	76	119,92,85	129,84,54	64,117,145	73,79,82	239	100	0.38991731953	0.8527611547946211	0.278,0.314,0.397	0.268,0.383,0.425	-0.029
77	"Csf2ra"	NA	chrNC_000085.7	-	61213960	61214493	61213960	61214090	61214365	61214493	77	249,205,189	2,4,6	126,267,244	7,4,8	375	100	0.17532973829	0.5703111487118375	0.971,0.932,0.894	0.828,0.947,0.891	0.044
78	"Csf2ra"	NA	chrNC_000085.7	-	61213960	61214493	61213960	61214259	61214365	61214493	78	244,189,179	63,55,41	113,234,204	39,39,44	206	100	0.494570066893	0.9597834611297225	0.653,0.625,0.679	0.584,0.744,0.692	-0.021
79	"Csf2ra"	NA	chrNC_000085.7	-	61214962	61215364	61214962	61215092	61215243	61215364	79	40,32,34	27,18,33	17,18,41	28,22,25	251	100	0.217925575353	0.641169461369157	0.371,0.415,0.291	0.195,0.246,0.395	0.08
80	"Sfxn4"	NA	chrNC_000085.7	-	60839396	60839894	60839396	60839512	60839617	60839894	80	33,23,19	4,2,17	37,36,40	11,10,4	205	100	0.868651525672	1.0	0.801,0.849,0.353	0.621,0.637,0.83	-0.028
81	"Sfxn4"	NA	chrNC_000085.7	-	60839396	60839894	60839396	60839512	60839793	60839894	81	64,52,67	2,0,2	96,89,96	4,2,1	381	100	0.404995649402	0.8666406320224084	0.894,1.0,0.898	0.863,0.921,0.962	0.015
82	"Rab11fip2"	NA	chrNC_000085.7	-	59891315	59895575	59891315	59894726	59895367	59895575	82	499,698,521	10,9,8	577,561,780	14,8,9	741	100	0.906342253382	1.0	0.871,0.913,0.898	0.848,0.904,0.921	0.003
85	"Trub1"	NA	chrNC_000085.7	+	57475605	57479437	57475605	57475753	57476440	57479437	85	183,116,97	57,47,65	241,106,189	68,56,92	787	100	0.750346033686	1.0	0.29,0.239,0.159	0.311,0.194,0.207	-0.008
88	"Pdcd4"	NA	chrNC_000085.7	+	53917513	53918284	53917513	53917623	53918147	53918284	88	2876,3462,3061	133,109,163	3458,2950,2790	193,134,171	624	100	0.0401825588733	0.2389944827440813	0.776,0.836,0.751	0.742,0.779,0.723	0.04
91	"Pcgf6"	NA	chrNC_000085.7	-	47028482	47030578	47028482	47028581	47030560	47030578	91	441,370,285	5,16,2	490,320,489	11,4,25	2079	100	0.340795273858	0.8058362047535291	0.809,0.527,0.873	0.682,0.794,0.485	0.083
92	"Pcgf6"	NA	chrNC_000085.7	-	47028482	47031232	47028482	47028581	47031204	47031232	92	544,440,341	19,10,21	600,388,614	34,37,12	2723	100	0.48760979618	0.955536261138055	0.513,0.618,0.374	0.393,0.278,0.653	0.06
93	"Pcgf6"	NA	chrNC_000085.7	-	47028482	47031232	47028482	47030578	47031204	47031232	93	118,77,60	7,18,5	119,72,139	9,9,21	726	100	0.913280712732	1.0	0.699,0.371,0.623	0.646,0.524,0.477	0.015
94	"Psd"	NA	chrNC_000085.7	-	46311566	46313452	46311566	46311921	46312714	46313452	94	66,138,48	0,0,2	98,91,201	0,0,1	893	100	1	1.0	1.0,1.0,0.729	1.0,1.0,0.957	-0.076
95	"Psd"	NA	chrNC_000085.7	-	46314605	46315303	46314605	46314621	46314839	46315303	95	49,82,20	0,0,0	62,43,219	0,0,5	318	100	0.384777328762	0.846946984335577	1.0,1.0,1.0	1.0,1.0,0.932	0.023
96	"Psd"	NA	chrNC_000085.7	-	46314605	46315303	46314605	46314661	46314839	46315303	96	25,36,10	2,16,5	34,20,92	14,7,34	278	100	0.550916058531	0.9971014761755899	0.818,0.447,0.418	0.466,0.507,0.493	0.072
97	"Psd"	NA	chrNC_000085.7	-	46314605	46315303	46314605	46314661	46314901	46315303	97	28,46,14	27,31,2	44,26,110	43,17,46	340	100	0.811009053231	1.0	0.234,0.304,0.673	0.231,0.31,0.413	0.086
98	"Psd"	NA	chrNC_000085.7	-	46314605	46315593	46314605	46314621	46315336	46315593	98	69,124,35	1,2,3	116,67,359	9,0,8	815	100	0.534063616984	0.9884643820823515	0.894,0.884,0.589	0.613,1.0,0.846	-0.031
99	"Psd"	NA	chrNC_000085.7	-	46314605	46315593	46314605	46314661	46315336	46315593	99	45,78,25	13,5,5	88,44,232	9,6,33	775	100	0.593256261798	1.0	0.309,0.668,0.392	0.558,0.486,0.476	-0.05
100	"Psd"	NA	chrNC_000085.7	-	46314605	46315593	46314605	46314661	46315446	46315593	100	52,99,36	0,0,0	94,47,298	2,0,4	885	100	0.0114684087749	0.11101142512018006	1.0,1.0,1.0	0.842,1.0,0.894	0.088
101	"4833438C02Rik"	NA	chrNC_000085.7	-	46293546	46294068	46293546	46293630	46293800	46294068	101	69,84,104	5,10,11	119,115,69	11,1,7	270	100	0.15006756013	0.5200697250355719	0.836,0.757,0.778	0.8,0.977,0.785	-0.064
102	"Slf2"	NA	chrNC_000085.7	+	44929897	44931378	44929897	44930865	44931320	44931378	102	26,59,15	3,3,1	27,13,171	0,2,5	555	100	0.282620888772	0.7333509260771913	0.61,0.78,0.73	1.0,0.539,0.86	-0.093
103	"Sorbs1"	NA	chrNC_000085.7	-	40365088	40365460	40365088	40365247	40365427	40365460	103	579,610,573	13,24,14	885,837,800	42,14,24	280	100	0.588307069458	1.0	0.941,0.901,0.936	0.883,0.955,0.923	0.006
104	"Gm32771"	NA	chrNC_000085.7	-	38255306	38256629	38255306	38255362	38256548	38256629	104	18,11,19	0,2,0	10,16,55	0,0,0	1286	100	0.51693730856	0.9788812864221277	1.0,0.3,1.0	1.0,1.0,1.0	-0.233
105	"Gm32771"	NA	chrNC_000085.7	-	38255306	38256972	38255306	38256629	38256875	38256972	105	6,17,3	0,1,0	2,9,29	0,1,0	346	100	1	1.0	1.0,0.831,1.0	1.0,0.722,1.0	0.036
106	"Gm32771"	NA	chrNC_000085.7	-	38257691	38260784	38257691	38257779	38260695	38260784	106	70,114,66	2,0,1	52,48,298	0,0,0	3016	100	0.595488730849	1.0	0.537,1.0,0.686	1.0,1.0,1.0	-0.259
110	"Cdc37l1"	NA	chrNC_000085.7	+	28989288	28990310	28989288	28989453	28990187	28990310	110	252,241,237	121,143,153	256,295,259	196,169,152	834	100	0.34755480492	0.8117104082921631	0.2,0.168,0.157	0.135,0.173,0.17	0.016
111	"Vldlr"	NA	chrNC_000085.7	+	27190069	27195096	27190069	27194348	27194942	27195096	111	61,55,85	1,2,4	124,52,192	21,2,5	694	100	0.132994529455	0.48367136478299666	0.898,0.798,0.754	0.46,0.789,0.847	0.118
112	"Vldlr"	NA	chrNC_000085.7	+	27194357	27195096	27194357	27194532	27194942	27195096	112	59,54,82	0,3,1	115,51,185	2,1,8	510	100	0.131901036066	0.4829839080633875	1.0,0.779,0.941	0.919,0.909,0.819	0.024
116	"Trpm3"	NA	chrNC_000085.7	+	22743997	22746744	22743997	22744172	22744905	22746744	116	149,24,117	48,12,33	123,168,27	46,34,11	833	100	0.675023899989	1.0	0.271,0.194,0.299	0.243,0.372,0.228	-0.026
117	"Trpm3"	NA	chrNC_000085.7	+	22964219	22972774	22964219	22964503	22966157	22972774	117	938,288,469	27,11,14	807,649,303	20,20,27	1754	100	0.356114791255	0.8189187432832257	0.665,0.599,0.656	0.697,0.649,0.39	0.061
120	"Gm30042"	NA	chrNC_000085.7	+	10267535	10268936	10267535	10268311	10268797	10268936	120	2,2,0	2,0,0	0,0,2	0,0,0	586	100	1	1.0	0.146,1.0,NA	NA,NA,1.0	-0.427
124	"Rab3il1"	NA	chrNC_000085.7	+	10011820	10015744	10011820	10012446	10015421	10015744	124	142,193,165	0,3,0	170,161,188	1,1,4	3075	100	0.0630390725256	0.3172554353404834	1.0,0.677,1.0	0.847,0.84,0.605	0.128
125	"Ahnak"	NA	chrNC_000085.7	+	8979062	8996560	8979062	8982525	8989524	8996560	125	13517,11407,13299	9,6,19	16374,11158,6081	13,11,5	7099	100	0.896791230871	1.0	0.955,0.964,0.908	0.947,0.935,0.945	0.0
126	"Ahnak"	NA	chrNC_000085.7	+	8979062	8996560	8979062	8988831	8991969	8996560	126	11588,10007,12814	157,103,165	13484,10976,5201	153,124,53	3238	100	0.34438298478	0.808353907131956	0.695,0.75,0.706	0.731,0.732,0.752	-0.021
127	"1810009A15Rik"	NA	chrNC_000085.7	+	8866246	8866612	8866246	8866328	8866487	8866612	127	67,56,79	412,481,511	78,75,56	462,453,375	259	100	0.389585968567	0.8526184721917132	0.059,0.043,0.056	0.061,0.06,0.055	-0.006
128	"Lgals12"	NA	chrNC_000085.7	-	7584026	7584558	7584026	7584188	7584491	7584558	128	0,4,3	0,0,0	1,7,0	1,2,0	403	100	1	1.0	NA,1.0,1.0	0.199,0.465,NA	0.668
129	"Zfta"	NA	chrNC_000085.7	+	7399278	7403273	7399278	7399827	7400007	7403273	129	68,47,27	26,24,34	33,63,57	25,31,49	280	100	0.727290071936	1.0	0.483,0.412,0.221	0.32,0.421,0.294	0.027
130	"Gpr137"	NA	chrNC_000085.7	-	6917719	6918347	6917719	6917769	6917850	6918347	130	210,239,289	346,427,428	328,250,225	554,413,552	181	100	0.151723284989	0.5249691199835378	0.251,0.236,0.272	0.246,0.251,0.184	0.026
131	"Gpr137"	NA	chrNC_000085.7	-	6917719	6918845	6917719	6917850	6918459	6918845	131	3091,3783,3859	95,119,129	4905,3309,4238	165,126,134	709	100	0.514457902874	0.9778139419850527	0.821,0.818,0.808	0.807,0.787,0.817	0.012
132	"Sf1"	NA	chrNC_000085.7	+	6425687	6428060	6425687	6425892	6426325	6428060	132	1527,1656,1530	0,2,4	1853,1375,2034	5,1,0	533	100	1	1.0	1.0,0.994,0.986	0.986,0.996,1.0	-0.001
133	"Map3k11"	NA	chrNC_000085.7	+	5739504	5741016	5739504	5739540	5739716	5741016	133	25,26,20	18,29,22	24,24,22	20,15,24	276	100	0.598066874373	1.0	0.335,0.245,0.248	0.303,0.367,0.249	-0.03
134	"Ap5b1"	NA	chrNC_000085.7	+	5618051	5618635	5618051	5618111	5618467	5618635	134	13,7,14	10,22,15	24,12,14	7,16,13	456	100	0.103326651903	0.4159027546447387	0.222,0.065,0.17	0.429,0.141,0.191	-0.101
135	"Ccdc85b"	NA	chrNC_000085.7	-	5503190	5507591	5503190	5507212	5507367	5507591	135	2000,1718,1718	29,40,29	1148,1499,1964	28,39,39	255	100	0.135983223275	0.49064217046520275	0.964,0.944,0.959	0.941,0.938,0.952	0.012
136	"Rbm4b"	NA	chrNC_000085.7	+	4810040	4812675	4810040	4810310	4812004	4812675	136	268,249,212	4,2,0	182,223,263	6,4,0	1794	100	0.20206289254	0.6165804835220572	0.789,0.874,1.0	0.628,0.757,1.0	0.093
137	"Rbm4b"	NA	chrNC_000085.7	+	4812004	4815968	4812004	4812675	4814377	4815968	137	239,235,218	3,3,3	250,207,260	11,2,3	1802	100	0.307077761225	0.7650677659136081	0.816,0.813,0.801	0.558,0.852,0.828	0.064
139	"Rbm4b"	NA	chrNC_000085.7	+	4814377	4815968	4814377	4814599	4815290	4815968	139	93,73,99	0,1,1	80,109,123	2,0,0	791	100	1	1.0	1.0,0.902,0.926	0.835,1.0,1.0	-0.002
140	"Rbm4b"	NA	chrNC_000085.7	+	4812004	4815968	4812004	4812675	4815371	4815968	140	371,333,350	83,78,83	357,346,414	70,91,97	2796	100	0.977048831358	1.0	0.138,0.132,0.131	0.154,0.12,0.132	-0.002
141	"Rbm4b"	NA	chrNC_000085.7	+	4814377	4815968	4814377	4814599	4815371	4815968	141	106,80,106	0,0,0	85,119,128	8,1,2	872	100	4.18499450272e-06	0.0007887483756891107	1.0,1.0,1.0	0.549,0.932,0.88	0.213
142	"Top6bl"	NA	chrNC_000085.7	-	4675761	4676218	4675761	4675911	4675991	4676218	142	9,19,7	0,0,0	6,5,5	0,1,3	180	100	0.0494808130896	0.27286837373335354	1.0,1.0,1.0	1.0,0.735,0.481	0.261
143	"Rps6kb2"	NA	chrNC_000085.7	-	4208064	4208716	4208064	4208127	4208608	4208716	143	138,87,131	99,117,70	145,182,164	80,106,138	581	100	0.186821495986	0.5868392873913176	0.193,0.113,0.244	0.238,0.228,0.17	-0.029
144	"Rps6kb2"	NA	chrNC_000085.7	-	4208064	4208716	4208064	4208362	4208608	4208716	144	68,30,52	4,6,11	74,103,74	7,2,14	346	100	0.28546620343	0.7358276072322767	0.831,0.591,0.577	0.753,0.937,0.604	-0.098
145	"Rps6kb2"	NA	chrNC_000085.7	-	4208064	4208716	4208064	4208365	4208608	4208716	145	66,30,52	1,2,4	74,103,74	1,4,8	343	100	0.661050351162	1.0	0.951,0.814,0.791	0.956,0.882,0.729	-0.004
146	"Rps6kb2"	NA	chrNC_000085.7	-	4208608	4208918	4208608	4208716	4208801	4208918	146	69,71,65	6,5,8	61,62,152	7,3,6	185	100	0.21169288149	0.6331565870671421	0.861,0.885,0.815	0.825,0.918,0.932	-0.038
147	"Rps6kb2"	NA	chrNC_000085.7	-	4208608	4208918	4208608	4208716	4208827	4208918	147	97,83,80	48,57,41	81,72,195	58,36,48	211	100	0.337013110674	0.8047236281900103	0.489,0.408,0.48	0.398,0.487,0.658	-0.055
148	"Rps6kb2"	NA	chrNC_000085.7	-	4208608	4208918	4208608	4208716	4208849	4208918	148	112,108,93	13,10,15	101,84,215	3,6,12	233	100	0.00269953650815	0.04510327092110625	0.787,0.823,0.727	0.935,0.857,0.885	-0.113
149	"Pitpnm1"	NA	chrNC_000085.7	+	4156711	4157975	4156711	4156962	4157785	4157975	149	389,424,234	225,302,279	460,513,773	358,219,551	923	100	0.0390207737331	0.235891620831797	0.158,0.132,0.083	0.122,0.202,0.132	-0.028
150	"Kmt5b"	NA	chrNC_000085.7	+	3864114	3868303	3864114	3865421	3865483	3868303	150	115,138,167	9,5,2	139,98,133	1,4,2	162	100	0.0658927936448	0.3238044644753668	0.887,0.945,0.981	0.988,0.938,0.976	-0.03
154	"Gm31792"	NA	chrNC_000084.7	-	84001578	84009503	84001578	84006743	84008937	84009503	154	3,6,0	0,2,0	2,6,8	0,0,0	2294	100	1	1.0	1.0,0.116,NA	1.0,1.0,1.0	-0.442
156	"Haus1"	NA	chrNC_000084.7	-	77859529	77860093	77859529	77859957	77860047	77860093	156	0,2,1	1,1,0	5,2,10	5,1,2	190	100	0.0726208302629	0.3424286051659295	0.0,0.513,1.0	0.345,0.513,0.725	-0.023
157	"Elac1"	NA	chrNC_000084.7	-	73868108	73874745	73868108	73872371	73874628	73874745	157	132,60,126	1,2,4	179,99,132	4,4,7	2357	100	0.257791711528	0.6929233588386846	0.848,0.56,0.572	0.655,0.512,0.444	0.123
158	"Elac1"	NA	chrNC_000084.7	-	73874628	73875872	73874628	73874745	73875407	73875872	158	35,43,52	0,3,1	69,60,81	0,0,4	762	100	0.0793842625383	0.35473804347658744	1.0,0.653,0.872	1.0,1.0,0.727	-0.067
159	"Tcf4"	NA	chrNC_000084.7	+	69816147	69820996	69816147	69816422	69819867	69820996	159	39994,32092,30620	66,51,42	28679,33553,31652	69,77,74	3545	100	0.00148649747089	0.03088331843823462	0.945,0.947,0.954	0.921,0.925,0.923	0.026
160	"Gm30641"	NA	chrNC_000084.7	+	68715698	68719409	68715698	68715941	68719175	68719409	160	0,0,3	1,0,0	2,0,8	0,0,0	3334	100	1	1.0	0.0,NA,1.0	1.0,NA,1.0	-0.5
161	"Ptpn2"	NA	chrNC_000084.7	-	67798570	67805838	67798570	67798944	67805736	67805838	161	995,832,744	212,301,240	1007,899,1360	259,249,226	6892	100	0.0123773118342	0.11561780500518018	0.064,0.039,0.043	0.053,0.05,0.08	-0.012
165	"Grpel2"	NA	chrNC_000084.7	-	61845494	61849198	61845494	61846398	61847466	61849198	165	480,433,362	3,1,0	374,409,485	2,2,1	1168	100	0.592307191925	1.0	0.932,0.974,1.0	0.941,0.946,0.976	0.014
166	"Hmgxb3"	NA	chrNC_000084.7	-	61290414	61290833	61290414	61290590	61290686	61290833	166	140,190,166	28,23,34	166,149,158	53,37,64	196	100	0.000696030296401	0.017708002042425144	0.718,0.808,0.714	0.615,0.673,0.557	0.132
167	"Gm15345"	NA	chrNC_000084.7	+	56929987	56933413	56929987	56930019	56933228	56933413	167	27,26,11	6,2,3	25,18,18	4,2,1	3309	100	0.505445605639	0.9691488452826786	0.12,0.282,0.1	0.159,0.214,0.352	-0.074
169	"C030004G16Rik"	NA	chrNC_000084.7	-	42750271	42751366	42750271	42750477	42750842	42751366	169	6,5,1	0,0,0	2,2,7	2,0,1	465	100	0.0618766746661	0.31220923721288885	1.0,1.0,1.0	0.177,1.0,0.601	0.407
170	"C030004G16Rik"	NA	chrNC_000084.7	-	42750271	42751366	42750271	42750477	42751144	42751366	170	8,7,2	0,0,0	2,5,16	2,0,0	767	100	0.300753383424	0.7563687915937959	1.0,1.0,1.0	0.115,1.0,1.0	0.295
171	"C030004G16Rik"	NA	chrNC_000084.7	-	42750842	42751366	42750842	42750947	42751144	42751366	171	2,2,1	0,0,0	0,3,9	0,0,2	297	100	1	1.0	1.0,1.0,1.0	NA,1.0,0.602	0.199
172	"C030004G16Rik"	NA	chrNC_000084.7	-	42750842	42752498	42750842	42751366	42752406	42752498	172	20,10,5	1,0,2	0,8,29	0,2,0	1140	100	1	1.0	0.637,1.0,0.18	NA,0.26,1.0	-0.024
177	"Sra1"	NA	chrNC_000084.7	-	36803056	36803364	36803056	36803182	36803300	36803364	177	110,75,118	342,331,281	63,101,129	390,308,363	218	100	0.247284271418	0.6760066715453402	0.129,0.094,0.162	0.069,0.131,0.14	0.015
179	"Paip2"	NA	chrNC_000084.7	+	35731927	35732811	35731927	35732363	35732765	35732811	179	90,153,66	0,0,0	109,67,180	1,0,4	502	100	0.205415551139	0.6227978926726275	1.0,1.0,1.0	0.956,1.0,0.9	0.048
180	"Paip2"	NA	chrNC_000084.7	+	35731927	35732811	35731927	35732671	35732765	35732811	180	27,53,13	0,0,0	37,29,39	1,0,4	194	100	0.116402904094	0.44718813515248923	1.0,1.0,1.0	0.95,1.0,0.834	0.072
182	"Pkd2l2"	NA	chrNC_000084.7	+	34568368	34575655	34568368	34568420	34571783	34575655	182	130,81,54	1,1,6	37,63,95	1,1,5	3463	100	0.730584385729	1.0	0.79,0.701,0.206	0.517,0.645,0.354	0.06
186	"Gm33228"	NA	chrNC_000084.7	+	26344260	26350408	26344260	26345434	26346674	26350408	186	2,0,2	0,0,0	2,0,0	1,0,1	1340	100	1	1.0	1.0,NA,1.0	0.13,NA,0.0	0.935
188	"Rprd1a"	NA	chrNC_000084.7	-	24618018	24621388	24618018	24620901	24621192	24621388	188	574,550,442	28,12,10	607,595,830	15,10,28	391	100	0.378114481275	0.8378138298790457	0.84,0.921,0.919	0.912,0.938,0.883	-0.018
191	"Prelid3a"	NA	chrNC_000084.7	+	67610033	67611131	67610033	67610136	67611019	67611131	191	81,77,68	39,51,49	49,84,79	66,32,202	983	100	0.00162050008732	0.0327623979617145	0.174,0.133,0.124	0.07,0.211,0.038	0.037
192	"Prelid3a"	NA	chrNC_000084.7	+	67611019	67613651	67611019	67611131	67612137	67613651	192	54,81,35	24,40,22	35,59,115	40,56,106	1106	100	0.000555057552934	0.0148417198407786	0.169,0.155,0.126	0.073,0.087,0.089	0.067
193	"Prelid3a"	NA	chrNC_000084.7	+	67611019	67613651	67611019	67611131	67612141	67613651	193	55,87,35	28,8,9	35,61,117	2,15,35	1110	100	0.660579041365	1.0	0.15,0.495,0.259	0.612,0.268,0.231	-0.069
194	"Mib1"	NA	chrNC_000084.7	+	10811984	10818578	10811984	10812156	10817818	10818578	194	9235,8965,9397	30,33,27	11178,9069,10233	30,23,33	5762	100	0.397594985492	0.8607394145380866	0.842,0.825,0.858	0.866,0.873,0.843	-0.019
200	"Slc8a1"	NA	chrNC_000083.7	-	81680533	81696496	81680533	81693476	81696238	81696496	200	3390,4265,4324	3,4,15	3489,3536,4554	1,3,6	2862	100	0.0250197327543	0.17579654329995	0.975,0.974,0.91	0.992,0.976,0.964	-0.024
201	"Cyp1b1"	NA	chrNC_000083.7	-	80014368	80018110	80014368	80015930	80017739	80018110	201	9712,9715,10206	47,77,51	10819,9729,7430	43,69,56	1909	100	0.85865350178	1.0	0.915,0.869,0.913	0.929,0.881,0.874	0.004
202	"Tnfaip8"	NA	chrNC_000084.7	+	50223266	50226296	50223266	50223589	50224332	50226296	202	2220,1899,2113	10,15,4	2628,2064,1562	2,4,7	843	100	0.00954683291658	0.09838413021028629	0.963,0.938,0.984	0.994,0.984,0.964	-0.019
204	"Washc1"	NA	chrNC_000083.7	+	66425805	66426445	66425805	66425874	66425991	66426445	204	26,26,22	227,186,212	63,35,19	244,215,230	217	100	0.04532597144	0.2618271270705146	0.05,0.061,0.046	0.106,0.07,0.037	-0.019
205	"Ankrd12"	NA	chrNC_000083.7	-	66272697	66277332	66272697	66275169	66277144	66277332	205	1192,1122,1066	3,3,1	1256,1324,1358	4,4,3	2075	100	0.387777075958	0.8498206233717045	0.95,0.947,0.981	0.938,0.941,0.956	0.014
210	"Crb3"	NA	chrNC_000083.7	+	57372089	57372918	57372089	57372233	57372608	57372918	210	43,43,59	14,7,14	44,73,27	11,12,6	475	100	0.586562413981	1.0	0.393,0.564,0.47	0.457,0.562,0.486	-0.026
211	"Dus3l"	NA	chrNC_000083.7	+	57075517	57075902	57075517	57075628	57075805	57075902	211	242,233,174	97,81,107	165,214,372	90,96,103	277	100	0.650120081276	1.0	0.474,0.509,0.37	0.398,0.446,0.566	-0.019
212	"Safb2"	NA	chrNC_000083.7	-	56869941	56870431	56869941	56870243	56870361	56870431	212	156,137,121	316,285,270	127,128,150	382,296,314	218	100	0.209265281104	0.6301559780612932	0.185,0.181,0.171	0.132,0.166,0.18	0.02
213	"Safb2"	NA	chrNC_000083.7	-	56882354	56883905	56882354	56883012	56883877	56883905	213	424,416,464	119,132,175	646,485,516	188,145,120	965	100	0.128457033186	0.47615349188917455	0.27,0.246,0.216	0.263,0.257,0.308	-0.032
214	"Adcyap1"	NA	chrNC_000083.7	+	93511365	93513967	93511365	93511506	93513362	93513967	214	656,621,158	1,0,0	173,584,728	0,0,1	1956	100	1	1.0	0.971,1.0,1.0	1.0,1.0,0.974	-0.001
217	"Pot1b"	NA	chrNC_000083.7	-	55958189	55960518	55958189	55959530	55960395	55960518	217	104,111,115	0,0,0	187,121,111	0,1,0	965	100	1	1.0	1.0,1.0,1.0	1.0,0.926,1.0	0.025
218	"Pot1b"	NA	chrNC_000083.7	-	55958189	55960518	55958189	55959538	55960395	55960518	218	102,111,114	0,0,0	186,119,110	1,0,0	957	100	1	1.0	1.0,1.0,1.0	0.951,1.0,1.0	0.016
219	"Pot1b"	NA	chrNC_000083.7	-	55958189	55961872	55958189	55960518	55961766	55961872	219	34,40,37	17,10,16	70,40,35	15,22,27	1348	100	0.632212827123	1.0	0.129,0.229,0.146	0.257,0.119,0.088	0.013
222	"Med20"	NA	chrNC_000083.7	+	47929733	47935176	47929733	47929987	47933809	47935176	222	701,530,693	141,113,99	839,665,589	124,125,95	3922	100	0.352794893068	0.8172798542778441	0.113,0.107,0.151	0.147,0.119,0.137	-0.011
223	"Bicral"	NA	chrNC_000083.7	-	47169361	47169624	47169361	47169442	47169593	47169624	223	2,8,4	1,0,0	6,2,17	0,0,0	251	100	1	1.0	0.443,1.0,1.0	1.0,1.0,1.0	-0.186
224	"Pex6"	NA	chrNC_000083.7	+	47034599	47034953	47034599	47034661	47034844	47034953	224	47,67,55	286,288,347	104,61,93	373,290,374	283	100	0.0263727386086	0.18055182585887694	0.055,0.076,0.053	0.09,0.069,0.081	-0.019
225	"Crip3"	NA	chrNC_000083.7	+	46742101	46742706	46742101	46742218	46742304	46742706	225	12,8,5	3,3,9	8,6,22	7,15,2	186	100	0.90427144559	1.0	0.683,0.589,0.23	0.381,0.177,0.855	0.03
226	"Abcc10"	NA	chrNC_000083.7	-	46615082	46615401	46615082	46615180	46615255	46615401	226	9,10,4	23,16,32	4,6,22	27,37,22	175	100	0.938396033354	1.0	0.183,0.263,0.067	0.078,0.085,0.364	-0.005
227	"Tjap1"	NA	chrNC_000083.7	-	46571020	46571835	46571020	46571128	46571805	46571835	227	269,216,261	25,39,26	288,262,235	34,35,51	777	100	0.305469744322	0.7628410450566548	0.581,0.416,0.564	0.522,0.491,0.372	0.059
228	"Gtpbp2"	NA	chrNC_000083.7	+	46479071	46480294	46479071	46479288	46479592	46480294	228	780,796,730	1,0,0	898,828,1274	0,3,1	404	100	1	1.0	0.995,1.0,1.0	1.0,0.986,0.997	0.004
229	"Zmym3"	NA	chrNC_000086.8	-	100456717	100457267	100456717	100456883	100457094	100457267	229	83,125,109	161,226,238	131,159,197	266,198,204	311	100	0.00597963760286	0.07483890187329469	0.142,0.151,0.128	0.137,0.205,0.237	-0.053
230	"Zmym3"	NA	chrNC_000086.8	-	100458353	100459012	100458353	100458504	100458793	100459012	230	135,130,96	131,138,141	102,147,332	220,161,125	389	100	0.486682282942	0.9547171636131628	0.209,0.195,0.149	0.106,0.19,0.406	-0.05
232	"Gm30082"	NA	chrNC_000085.7	+	4252125	4252437	4252125	4252237	4252382	4252437	232	0,1,9	1,0,0	6,11,3	0,0,0	245	100	1	1.0	0.0,1.0,1.0	1.0,1.0,1.0	-0.333
236	"1700071M16Rik"	NA	chrNC_000083.7	-	43900663	43902400	43900663	43900768	43902312	43902400	236	577,508,670	0,0,0	876,655,424	1,1,0	1644	100	1	1.0	1.0,1.0,1.0	0.982,0.976,1.0	0.014
238	"Gabbr1"	NA	chrNC_000083.7	+	37360544	37362051	37360544	37360689	37361890	37362051	238	1560,1409,1083	44,108,45	1436,1555,2622	36,86,289	1301	100	0.572992383327	1.0	0.732,0.501,0.649	0.754,0.582,0.411	0.045
239	"Prr3"	NA	chrNC_000083.7	-	36289272	36289673	36289272	36289335	36289602	36289673	239	72,73,129	87,90,85	118,90,100	129,109,106	367	100	0.415078264897	0.8720726299868773	0.184,0.181,0.293	0.2,0.184,0.204	0.023
240	"Atat1"	NA	chrNC_000083.7	-	36208500	36209191	36208500	36208807	36209148	36209191	240	215,201,246	92,92,109	283,205,206	147,88,57	441	100	0.567440739045	1.0	0.346,0.331,0.339	0.304,0.346,0.45	-0.028
241	"Nyx"	NA	chrNC_000086.8	+	13332348	13334453	13332348	13332399	13334375	13334453	241	24,17,13	5,0,3	18,23,18	2,0,1	2076	100	0.404405590102	0.8666406320224084	0.188,1.0,0.173	0.302,1.0,0.464	-0.135
242	"Nyx"	NA	chrNC_000086.8	+	13332348	13334453	13332348	13334070	13334375	13334453	242	12,5,3	0,0,0	3,1,0	0,0,2	405	100	0.120193030763	0.4560305167249562	1.0,1.0,1.0	1.0,1.0,0.0	0.333
243	"Gpank1"	NA	chrNC_000083.7	+	35341204	35342635	35341204	35341267	35342028	35342635	243	89,113,100	4,3,9	161,77,141	5,4,5	861	100	0.423899618142	0.880826878846539	0.721,0.814,0.563	0.789,0.691,0.766	-0.049
244	"Gpank1"	NA	chrNC_000083.7	+	35341204	35342635	35341204	35341436	35342028	35342635	244	72,105,92	4,2,9	143,75,115	2,2,2	692	100	0.0129125844522	0.11891526901169056	0.722,0.884,0.596	0.912,0.844,0.893	-0.149
245	"Mpig6b"	NA	chrNC_000083.7	-	35283661	35283932	35283661	35283738	35283879	35283932	245	1,0,0	0,0,0	2,0,2	0,2,2	241	100	1	1.0	1.0,NA,NA	1.0,0.0,0.293	0.569
247	"Dxo"	NA	chrNC_000083.7	+	35057762	35058157	35057762	35057883	35057962	35058157	247	31,32,40	140,172,171	36,36,60	130,147,140	179	100	0.019624563445	0.15187705622652173	0.11,0.094,0.116	0.134,0.12,0.193	-0.042
248	"Prrt1"	NA	chrNC_000083.7	+	34849119	34850145	34849119	34849257	34849606	34850145	248	386,298,508	32,29,10	864,532,641	5,13,54	449	100	0.029121252593	0.19398023556750935	0.729,0.696,0.919	0.975,0.901,0.726	-0.086
250	"Gm35918"	NA	chrNC_000084.7	-	11532708	11534137	11532708	11533539	11534001	11534137	250	2,4,5	1,0,1	2,1,0	2,1,0	562	100	1	1.0	0.262,1.0,0.471	0.151,0.151,NA	0.427
251	"Slc39a7"	NA	chrNC_000083.7	-	34249797	34250664	34249797	34250236	34250521	34250664	251	1868,1793,1526	146,150,138	1514,1869,1503	195,131,115	385	100	0.644362957931	1.0	0.769,0.756,0.742	0.669,0.787,0.772	0.013
252	"H2-K1"	NA	chrNC_000083.7	-	34214985	34216131	34214985	34215477	34216011	34216131	252	170,194,283	2,0,1	287,209,146	3,10,3	634	100	0.000105407322762	0.0052769540957726254	0.931,1.0,0.978	0.938,0.767,0.885	0.106
253	"Gm33257"	NA	chrNC_000083.7	+	36597423	36603850	36597423	36602577	36603783	36603850	253	18,22,20	0,0,2	34,35,37	2,0,2	1306	100	0.0681038844058	0.3301132309170699	1.0,1.0,0.434	0.566,1.0,0.586	0.094
254	"Akap8l"	NA	chrNC_000083.7	-	32551976	32553019	32551976	32552118	32552879	32553019	254	901,786,840	42,43,45	1070,892,1493	28,53,50	861	100	0.100106796447	0.40806892597479394	0.714,0.68,0.684	0.816,0.662,0.776	-0.059
255	"Akap8l"	NA	chrNC_000083.7	-	32551976	32553670	32551976	32552118	32553561	32553670	255	1900,1727,1922	119,235,143	2336,2057,3011	179,131,210	1543	100	0.211747183063	0.6331565870671421	0.509,0.323,0.466	0.458,0.504,0.482	-0.049
256	"Akap8l"	NA	chrNC_000083.7	-	32551976	32553670	32551976	32553019	32553561	32553670	256	915,880,1003	39,39,41	1194,1096,1412	24,26,55	642	100	0.0097134684947	0.09963492355849371	0.785,0.778,0.792	0.886,0.868,0.8	-0.066
257	"Akap8l"	NA	chrNC_000083.7	-	32551976	32554144	32551976	32553670	32554084	32554144	257	256,207,249	33,54,31	401,324,447	47,46,81	514	100	0.615183831685	1.0	0.601,0.427,0.61	0.624,0.578,0.518	-0.027
258	"Akap8l"	NA	chrNC_000083.7	-	32557244	32557488	32557244	32557328	32557430	32557488	258	491,561,487	61,72,60	540,486,727	78,80,130	202	100	0.0377787532742	0.23105389391823086	0.799,0.794,0.801	0.774,0.75,0.735	0.045
259	"Brd4"	NA	chrNC_000083.7	-	32417869	32418244	32417869	32418032	32418131	32418244	259	256,249,212	116,85,102	232,271,321	107,114,144	199	100	0.70681831829	1.0	0.526,0.595,0.511	0.521,0.544,0.528	0.013
260	"Pknox1"	NA	chrNC_000083.7	+	31823726	31826659	31823726	31823952	31824037	31826659	260	92,114,118	0,1,0	129,115,96	0,0,0	185	100	1	1.0	1.0,0.984,1.0	1.0,1.0,1.0	-0.005
261	"Slc26a8"	NA	chrNC_000083.7	-	28908690	28910200	28908690	28908898	28909914	28910200	261	47,38,64	1,0,2	81,70,101	11,0,9	1116	100	0.0152252210962	0.1325212274466634	0.808,1.0,0.741	0.398,1.0,0.501	0.217
263	"Hmga1"	NA	chrNC_000083.7	+	27775594	27776040	27775594	27775685	27775925	27776040	263	45,36,58	3,8,11	55,34,99	11,0,16	340	100	0.546640509065	0.9971014761755899	0.815,0.57,0.608	0.595,1.0,0.645	-0.082
264	"Hmga1"	NA	chrNC_000083.7	+	27775594	27776040	27775594	27775723	27775925	27776040	264	40,29,50	1,0,0	45,31,90	0,0,0	302	100	1	1.0	0.93,1.0,1.0	1.0,1.0,1.0	-0.023
266	"Syngap1"	NA	chrNC_000083.7	+	27160618	27163044	27160618	27162674	27162775	27163044	266	27,35,34	6,7,4	33,17,35	12,8,13	201	100	0.0154311730225	0.13362561720024324	0.691,0.713,0.809	0.578,0.514,0.573	0.183
267	"Syngap1"	NA	chrNC_000083.7	+	27185856	27187773	27185856	27185947	27186654	27187773	267	492,439,460	123,112,129	554,521,873	170,130,110	807	100	0.286081807362	0.7368216324661158	0.331,0.327,0.306	0.288,0.332,0.496	-0.051
268	"Capn15"	NA	chrNC_000083.7	-	26178780	26179537	26178780	26178959	26179038	26179537	268	41,24,15	52,67,54	21,28,33	95,71,63	179	100	0.380535430696	0.8418719314732919	0.306,0.167,0.134	0.11,0.181,0.226	0.03
269	"Capn15"	NA	chrNC_000083.7	-	26178780	26179537	26178780	26178959	26179310	26179537	269	297,245,245	10,15,15	204,288,354	2,8,22	451	100	0.190863368439	0.5944771070099475	0.868,0.784,0.784	0.958,0.889,0.781	-0.064
270	"Capn15"	NA	chrNC_000083.7	-	26179038	26179537	26179038	26179205	26179310	26179537	270	199,167,188	1,5,6	148,209,262	14,12,4	205	100	0.00872007767078	0.0931304295239304	0.99,0.942,0.939	0.838,0.895,0.97	0.056
271	"Gnptg"	NA	chrNC_000083.7	-	25453953	25454238	25453953	25454085	25454155	25454238	271	58,96,49	672,717,672	42,81,143	588,632,647	170	100	0.00656351806022	0.07932141540792	0.048,0.073,0.041	0.04,0.07,0.115	-0.021
272	"Gnptg"	NA	chrNC_000083.7	-	25458748	25458945	25458748	25458816	25458887	25458945	272	77,112,67	451,513,452	34,91,170	467,527,426	171	100	0.788193069613	1.0	0.091,0.113,0.08	0.041,0.092,0.189	-0.013
274	"Tsc2"	NA	chrNC_000083.7	-	24818530	24819021	24818530	24818680	24818784	24819021	274	653,612,514	12,8,8	587,582,706	10,17,16	204	100	0.121815183372	0.4599157889744311	0.964,0.974,0.969	0.966,0.944,0.956	0.014
275	"E4f1"	NA	chrNC_000083.7	-	24663387	24663663	24663387	24663450	24663520	24663663	275	75,70,57	96,94,87	58,63,96	95,101,93	170	100	0.915197444801	1.0	0.315,0.305,0.278	0.264,0.268,0.378	-0.004
276	"E4f1"	NA	chrNC_000083.7	-	24663749	24664313	24663749	24663948	24664095	24664313	276	71,48,58	115,89,79	49,66,116	114,66,133	247	100	0.393052194149	0.8549485607966029	0.2,0.179,0.229	0.148,0.288,0.261	-0.03
277	"Tbc1d24"	NA	chrNC_000083.7	-	24394404	24400369	24394404	24399650	24400198	24400369	277	245,226,157	34,28,19	149,215,324	21,35,86	648	100	0.0467244997076	0.2649651275453989	0.527,0.555,0.56	0.523,0.487,0.368	0.088
278	"Srrm2"	NA	chrNC_000083.7	+	24030790	24031594	24030790	24031051	24031401	24031594	278	253,236,169	7,11,2	265,247,324	11,10,14	450	100	0.221581060371	0.644233863365412	0.889,0.827,0.949	0.843,0.846,0.837	0.046
279	"Srrm2"	NA	chrNC_000083.7	+	24040894	24041674	24040894	24040989	24041386	24041674	279	629,584,660	53,94,77	979,666,975	85,56,76	497	100	0.0269425023496	0.1840592271388452	0.705,0.556,0.633	0.699,0.705,0.721	-0.077
280	"Srrm2"	NA	chrNC_000083.7	+	24040894	24042878	24040894	24041674	24041976	24042878	280	379,268,365	148,123,110	455,266,361	161,146,261	402	100	0.047004829718	0.26561459332711107	0.389,0.351,0.452	0.413,0.312,0.256	0.07
281	"Srrm2"	NA	chrNC_000083.7	+	24040894	24042878	24040894	24041674	24042021	24042878	281	497,383,471	26,25,19	593,388,535	18,36,30	447	100	0.725149948683	1.0	0.81,0.774,0.847	0.881,0.707,0.8	0.014
282	"Srrm2"	NA	chrNC_000083.7	+	24040894	24042878	24040894	24041674	24042764	24042878	282	2880,2282,2422	551,545,541	3045,2576,3766	515,499,683	1190	100	0.0459609038417	0.2639045446394387	0.305,0.26,0.273	0.332,0.303,0.317	-0.038
283	"Pkmyt1"	NA	chrNC_000083.7	+	23952796	23953290	23952796	23952889	23952996	23953290	283	53,44,54	0,0,1	59,52,84	4,0,0	207	100	0.948355209911	1.0	1.0,1.0,0.963	0.877,1.0,1.0	0.029
284	"Pkmyt1"	NA	chrNC_000083.7	+	23952796	23953290	23952796	23952889	23953123	23953290	284	76,61,77	0,0,0	81,93,119	0,2,0	334	100	1	1.0	1.0,1.0,1.0	1.0,0.933,1.0	0.022
285	"Grep1"	NA	chrNC_000083.7	-	23927723	23928027	23927723	23927759	23927973	23928027	285	2,0,0	0,0,0	6,1,3	1,1,4	314	100	1	1.0	1.0,NA,NA	0.656,0.242,0.193	0.636
286	"Thoc6"	NA	chrNC_000083.7	-	23892487	23892851	23892487	23892713	23892807	23892851	286	111,136,96	9,12,13	99,152,150	6,11,5	194	100	0.0348016297443	0.22036446976430277	0.864,0.854,0.792	0.895,0.877,0.939	-0.067
287	"Gm7072"	NA	chrNC_000083.7	-	22508749	22509731	22508749	22508876	22509669	22509731	287	27,9,46	0,2,2	56,33,46	0,5,0	893	100	0.515077242152	0.9778139419850527	1.0,0.335,0.72	1.0,0.425,1.0	-0.123
288	"Zfp760"	NA	chrNC_000083.7	+	21939924	21940571	21939924	21940051	21940388	21940571	288	41,24,48	6,5,0	56,61,31	3,4,16	437	100	0.489246367289	0.9558400478932765	0.61,0.523,1.0	0.81,0.777,0.307	0.08
289	"Zfp983"	NA	chrNC_000083.7	+	21875011	21876527	21875011	21875248	21876434	21876527	289	190,121,121	33,35,26	216,187,220	54,36,45	1286	100	0.912020268593	1.0	0.309,0.212,0.266	0.237,0.288,0.275	-0.004
290	"Zfp677"	NA	chrNC_000083.7	+	21617101	21619527	21617101	21618776	21618860	21619527	290	34,43,49	2,7,3	52,38,30	3,3,0	184	100	0.103734373552	0.4164974095997594	0.902,0.77,0.899	0.904,0.873,1.0	-0.069
291	"Flot1"	NA	chrNC_000083.7	+	36140734	36141056	36140734	36140916	36141010	36141056	291	56,83,53	1155,1157,1062	105,77,83	1049,1229,1132	194	100	0.0127172046299	0.11810412647594086	0.024,0.036,0.025	0.049,0.031,0.036	-0.01
293	"Spaca6"	NA	chrNC_000083.7	+	18056346	18057006	18056346	18056415	18056982	18057006	293	276,166,212	56,28,43	189,184,222	67,26,53	667	100	0.371676315432	0.8320820562075366	0.425,0.471,0.425	0.297,0.515,0.386	0.041
294	"Spaca6"	NA	chrNC_000083.7	+	18057770	18058031	18057770	18057848	18057926	18058031	294	77,33,53	21,10,15	56,49,69	24,8,11	178	100	0.565127082093	1.0	0.673,0.65,0.665	0.567,0.775,0.779	-0.044
295	"Spaca6"	NA	chrNC_000083.7	+	18057770	18058505	18057770	18057848	18058348	18058505	295	300,185,263	10,17,16	256,317,293	8,17,30	600	100	0.889666358885	1.0	0.833,0.645,0.733	0.842,0.757,0.619	-0.002
296	"Spaca6"	NA	chrNC_000083.7	+	18057770	18058505	18057770	18058031	18058348	18058505	296	220,150,204	12,16,14	195,261,222	38,10,17	417	100	0.545695670786	0.9971014761755899	0.815,0.692,0.777	0.552,0.862,0.758	0.037
297	"Spaca6"	NA	chrNC_000083.7	+	18057770	18058788	18057770	18058505	18058577	18058788	297	131,86,120	28,23,22	78,106,126	47,36,60	172	100	0.000144329393046	0.00655935816637369	0.731,0.685,0.76	0.491,0.631,0.55	0.168
298	"Spaca6"	NA	chrNC_000083.7	+	18057770	18059333	18057770	18058788	18059246	18059333	298	531,335,527	9,5,9	550,486,485	15,14,12	558	100	0.0539657943644	0.28769784549673477	0.914,0.923,0.913	0.868,0.862,0.879	0.047
299	"Spaca6"	NA	chrNC_000083.7	+	18060040	18063274	18060040	18060121	18063130	18063274	299	235,197,194	4,0,0	145,205,275	1,0,1	3109	100	0.47525839972	0.9405360794952934	0.654,1.0,1.0	0.823,1.0,0.898	-0.022
300	"Dll1"	NA	chrNC_000083.7	-	15587615	15588513	15587615	15588297	15588395	15588513	300	28,11,17	31,23,18	2,10,3	25,20,16	198	100	0.000537095569629	0.01458351021263827	0.313,0.195,0.323	0.039,0.202,0.087	0.168
302	"Ermardl2"	NA	chrNC_000083.7	+	15206706	15207094	15206706	15206829	15206979	15207094	302	15,4,5	2,4,0	6,7,2	4,2,1	250	100	0.274409289264	0.7218451254530838	0.75,0.286,1.0	0.375,0.583,0.444	0.211
305	"Gm34567"	NA	chrNC_000083.7	+	14479770	14486743	14479770	14482655	14483857	14486743	305	24,9,13	5,0,0	6,13,22	0,0,1	1302	100	0.0194241529336	0.15132990971642907	0.269,1.0,1.0	1.0,1.0,0.628	-0.12
315	"Kcnj6"	NA	chrNC_000082.7	-	94545838	94563544	94545838	94550129	94560463	94563544	315	469,720,393	0,0,0	471,495,1954	0,0,1	10434	100	1	1.0	1.0,1.0,1.0	1.0,1.0,0.949	0.017
318	"Ifnar1"	NA	chrNC_000082.7	+	91301942	91307411	91301942	91302892	91303414	91307411	318	1149,1159,1133	16,9,13	1367,1141,1071	15,19,11	622	100	0.561201850701	1.0	0.92,0.954,0.933	0.936,0.906,0.94	0.008
319	"Hunk"	NA	chrNC_000082.7	+	90292977	90296443	90292977	90294313	90295255	90296443	319	1083,1100,1191	2,0,3	1529,1255,1223	6,3,9	1042	100	0.0038799652674	0.05625071817533756	0.981,1.0,0.974	0.961,0.976,0.929	0.03
323	"Gabpa"	NA	chrNC_000082.7	+	84657262	84660671	84657262	84659863	84660016	84660671	323	235,241,227	21,15,21	265,253,186	34,19,11	253	100	0.65321073985	1.0	0.816,0.864,0.81	0.755,0.84,0.87	0.008
326	"Msrb1"	NA	chrNC_000083.7	+	24960879	24961752	24960879	24960911	24961283	24961752	326	235,233,311	641,605,655	182,212,257	523,610,493	472	100	0.851345580255	1.0	0.072,0.075,0.091	0.069,0.069,0.099	0.0
327	"Cep97"	NA	chrNC_000082.7	-	55744723	55745433	55744723	55745042	55745331	55745433	327	10,13,20	10,2,3	25,5,13	11,4,0	389	100	0.772888806564	1.0	0.204,0.626,0.632	0.369,0.243,1.0	-0.05
328	"Cep97"	NA	chrNC_000082.7	-	55744723	55745433	55744723	55745213	55745331	55745433	328	3,5,11	1,0,0	12,1,7	1,0,1	218	100	1	1.0	0.579,1.0,1.0	0.846,1.0,0.763	-0.01
330	"Abhd10"	NA	chrNC_000082.7	-	45550087	45552322	45550087	45550356	45552069	45552322	330	1109,1130,903	49,49,57	1122,1085,1015	32,42,42	1813	100	0.0483819974306	0.2686584398052728	0.555,0.56,0.466	0.659,0.588,0.571	-0.079
331	"Gm53958"	NA	chrNC_000082.7	-	44900225	44901021	44900225	44900367	44900705	44901021	331	13,3,4	0,5,0	3,2,0	0,12,1	438	100	0.00358864149697	0.05372900633781252	1.0,0.12,1.0	1.0,0.037,0.0	0.361
332	"Gm53958"	NA	chrNC_000082.7	-	44900225	44901021	44900225	44900367	44900821	44901021	332	18,8,11	1,2,6	3,6,2	2,1,0	554	100	0.721139839771	1.0	0.765,0.419,0.249	0.213,0.52,1.0	-0.1
334	"Gm30064"	NA	chrNC_000082.7	+	44350735	44353797	44350735	44351880	44352689	44353797	334	11,0,8	0,0,0	12,4,1	0,0,1	909	100	1	1.0	1.0,NA,1.0	1.0,1.0,0.099	0.3
336	"Sidt1"	NA	chrNC_000082.7	-	44060539	44062062	44060539	44061694	44061936	44062062	336	42,75,37	0,0,0	55,51,515	0,0,2	342	100	1	1.0	1.0,1.0,1.0	1.0,1.0,0.987	0.004
339	"Iqcb1"	NA	chrNC_000082.7	+	36649365	36651976	36649365	36649435	36651858	36651976	339	96,50,88	5,5,0	188,74,102	5,5,8	2523	100	0.548151756361	0.9971014761755899	0.432,0.284,1.0	0.598,0.37,0.336	0.137
340	"Iqcb1"	NA	chrNC_000082.7	+	36649365	36651976	36649365	36649435	36651863	36651976	340	96,50,88	69,88,69	188,74,102	96,46,97	2528	100	0.0104034012102	0.10383955600461309	0.052,0.022,0.048	0.072,0.06,0.04	-0.017
341	"Gm15564"	NA	chrNC_000082.7	-	35787120	35787890	35787120	35787240	35787856	35787890	341	6,0,1	1,3,4	0,4,0	0,2,3	716	100	1	1.0	0.456,0.0,0.034	NA,0.218,0.0	0.054
342	"Sema5b"	NA	chrNC_000082.7	+	35480292	35480753	35480292	35480440	35480527	35480753	342	3,1,0	99,94,124	6,5,3	121,60,132	187	100	0.0760643808287	0.34998259526459996	0.016,0.006,0.0	0.026,0.043,0.012	-0.02
343	"Gm35150"	NA	chrNC_000082.7	-	34505259	34505979	34505259	34505500	34505880	34505979	343	6,10,3	0,0,0	11,12,26	3,0,1	480	100	0.0488460954733	0.2702986008574321	1.0,1.0,1.0	0.433,1.0,0.844	0.241
346	"Lrch3"	NA	chrNC_000082.7	+	32829558	32836012	32829558	32832572	32832710	32836012	346	32,23,33	9,6,0	28,40,38	0,7,10	238	100	0.908275887802	1.0	0.599,0.617,1.0	1.0,0.706,0.615	-0.035
349	"Dnajb11"	NA	chrNC_000082.7	+	22690420	22691215	22690420	22690513	22690889	22691215	349	2635,2576,2546	27,13,13	2341,2664,2178	17,18,3	476	100	0.23034460311	0.6550227604902538	0.953,0.977,0.976	0.967,0.969,0.993	-0.008
350	"Clcn2"	NA	chrNC_000082.7	-	20526322	20526666	20526322	20526382	20526592	20526666	350	266,170,272	120,121,81	149,258,175	129,189,145	310	100	0.00312652606352	0.0493467463424536	0.417,0.312,0.52	0.271,0.306,0.28	0.131
351	"Clcn2"	NA	chrNC_000082.7	-	20531221	20531537	20531221	20531299	20531403	20531537	351	97,81,60	171,166,149	31,93,62	150,169,162	204	100	0.0896788787238	0.3847329790639566	0.218,0.193,0.165	0.092,0.212,0.158	0.038
352	"Gm31595"	NA	chrNC_000085.7	-	55257257	55259961	55257257	55258165	55258265	55259961	352	1,0,0	0,0,0	0,0,0	2,1,3	200	100	1	1.0	1.0,NA,NA	0.0,0.0,0.0	1.0
353	"Gm31595"	NA	chrNC_000085.7	-	55257257	55259961	55257257	55258359	55259108	55259961	353	2,8,0	0,1,0	6,8,3	1,0,0	849	100	1	1.0	1.0,0.485,NA	0.414,1.0,1.0	-0.062
354	"Gm31595"	NA	chrNC_000085.7	-	55257257	55259961	55257257	55259240	55259873	55259961	354	19,4,3	0,0,0	7,4,12	1,0,0	733	100	1	1.0	1.0,1.0,1.0	0.488,1.0,1.0	0.171
355	"Gm31595"	NA	chrNC_000085.7	-	55257257	55259961	55257257	55259620	55259873	55259961	355	9,2,0	0,0,0	2,1,6	1,0,0	353	100	1	1.0	1.0,1.0,NA	0.362,1.0,1.0	0.213
357	"Top3b"	NA	chrNC_000082.7	+	16701270	16702216	16701270	16701427	16702102	16702216	357	261,198,271	196,187,207	328,235,341	157,246,171	775	100	0.0537039169595	0.28769784549673477	0.147,0.12,0.145	0.212,0.11,0.205	-0.038
358	"Gm30444"	NA	chrNC_000082.7	+	8824567	8825103	8824567	8824796	8825004	8825103	358	4,0,0	0,1,0	4,10,9	0,0,1	308	100	1	1.0	1.0,0.0,NA	1.0,1.0,0.745	-0.415
359	"Gm30444"	NA	chrNC_000082.7	+	8824567	8825103	8824567	8824796	8825008	8825103	359	4,0,0	0,0,3	4,11,10	0,1,1	312	100	1	1.0	1.0,NA,0.0	1.0,0.779,0.762	-0.347
360	"Mettl22"	NA	chrNC_000082.7	+	8306522	8308065	8306522	8306691	8307965	8308065	360	67,34,46	28,24,39	42,63,134	48,30,67	1374	100	1	1.0	0.148,0.093,0.079	0.06,0.133,0.127	0.0
362	"Sec14l5"	NA	chrNC_000082.7	+	4993912	4994161	4993912	4994001	4994090	4994161	362	3,0,1	5,0,3	3,3,2	4,3,0	189	100	1	1.0	0.241,NA,0.15	0.284,0.346,1.0	-0.348
363	"Sec14l5"	NA	chrNC_000082.7	+	4998079	4998761	4998079	4998214	4998533	4998761	363	22,10,13	12,4,1	15,7,3	2,0,3	419	100	0.494281356554	0.9597834611297225	0.304,0.374,0.756	0.642,1.0,0.193	-0.134
364	"Sec14l5"	NA	chrNC_000082.7	+	4998079	4998761	4998079	4998377	4998533	4998761	364	18,5,6	1,2,0	9,6,3	0,3,0	256	100	0.581914568296	1.0	0.875,0.494,1.0	1.0,0.439,1.0	-0.023
365	"Sec14l5"	NA	chrNC_000082.7	+	4998079	4998761	4998079	4998400	4998533	4998761	365	15,4,6	0,0,0	9,6,3	3,1,0	233	100	0.0657320490921	0.3238044644753668	1.0,1.0,1.0	0.563,0.72,1.0	0.239
367	"Adcy9"	NA	chrNC_000082.7	-	4235716	4237452	4235716	4236836	4237059	4237452	367	139,171,123	0,0,0	131,141,304	0,0,1	323	100	1	1.0	1.0,1.0,1.0	1.0,1.0,0.989	0.004
371	"Dnase1"	NA	chrNC_000082.7	+	3855006	3855298	3855006	3855140	3855220	3855298	371	19,5,15	0,0,1	10,17,9	0,0,1	180	100	1	1.0	1.0,1.0,0.893	1.0,1.0,0.833	0.02
375	"Letmd1"	NA	chrNC_000081.7	+	100360301	100367717	100360301	100367019	100367565	100367717	375	227,216,178	35,72,21	221,257,383	43,44,71	646	100	0.901130523863	1.0	0.501,0.317,0.567	0.443,0.475,0.455	0.004
376	"Letmd1"	NA	chrNC_000081.7	+	100360301	100367717	100360301	100367126	100367565	100367717	376	155,155,114	109,143,105	169,187,292	104,130,163	539	100	0.0130813709122	0.11975060686482514	0.209,0.167,0.168	0.232,0.211,0.249	-0.049
377	"Gm34880"	NA	chrNC_000081.7	-	99566291	99567679	99566291	99566630	99567288	99567679	377	7,6,2	0,0,0	2,6,13	0,0,2	758	100	0.715755179057	1.0	1.0,1.0,1.0	1.0,1.0,0.462	0.179
378	"Prph"	NA	chrNC_000081.7	+	98954649	98955039	98954649	98954817	98954913	98955039	378	6,5,1	10,16,6	0,1,3	10,7,48	196	100	0.000593813793753	0.01572379665441828	0.234,0.138,0.078	0.0,0.068,0.031	0.117
379	"Kmt2d"	NA	chrNC_000081.7	-	98754150	98754709	98754150	98754270	98754487	98754709	379	2,3,3	4,1,9	4,2,8	5,10,2	317	100	0.477496340516	0.9439149817060679	0.136,0.486,0.095	0.202,0.059,0.558	-0.034
380	"Kmt2d"	NA	chrNC_000081.7	-	98754150	98754709	98754150	98754270	98754493	98754709	380	2,3,3	5,3,6	4,3,8	3,0,0	323	100	0.000638945974054	0.016579555302915	0.11,0.236,0.134	0.292,1.0,1.0	-0.604
381	"Cacnb3"	NA	chrNC_000081.7	+	98532028	98533094	98532028	98532132	98532316	98533094	381	21,15,8	0,0,4	4,2,0	0,0,1	284	100	0.3058413303	0.7631741606551401	1.0,1.0,0.413	1.0,1.0,0.0	0.138
382	"Cacnb3"	NA	chrNC_000081.7	+	98532028	98533094	98532028	98532132	98532386	98533094	382	28,18,10	0,1,1	6,11,9	2,1,4	354	100	8.16097592435e-05	0.004489504927822555	1.0,0.836,0.739	0.459,0.757,0.389	0.323
383	"Hdac7"	NA	chrNC_000081.7	-	97698575	97699210	97698575	97698683	97698954	97699210	383	65,33,34	34,51,11	29,48,33	4,26,52	371	100	0.68931008241	1.0	0.34,0.149,0.454	0.661,0.332,0.146	-0.065
384	"Amigo2"	NA	chrNC_000081.7	-	97141954	97145168	97141954	97144478	97144821	97145168	384	20,46,14	3,3,8	13,15,50	4,2,2	443	100	0.40903607043	0.869031516001343	0.601,0.776,0.283	0.423,0.629,0.849	-0.08
385	"Amigo2"	NA	chrNC_000081.7	-	97141954	97145168	97141954	97144478	97144853	97145168	385	23,50,17	30,9,15	16,16,52	15,16,21	475	100	0.822302887749	1.0	0.139,0.539,0.193	0.183,0.174,0.343	0.057
386	"Gm30810"	NA	chrNC_000081.7	-	94963865	94969257	94963865	94965365	94968455	94969257	386	4,4,2	0,0,1	2,3,5	0,0,1	3190	100	1	1.0	1.0,1.0,0.059	1.0,1.0,0.136	-0.026
389	"Gm30810"	NA	chrNC_000081.7	-	94969856	94971831	94969856	94969955	94971709	94971831	389	1,6,1	0,0,2	0,5,2	0,1,0	1854	100	1	1.0	1.0,1.0,0.026	NA,0.212,1.0	0.069
390	"Rabl2"	NA	chrNC_000081.7	-	89468112	89468593	89468112	89468207	89468481	89468593	390	259,271,453	6,14,20	609,336,439	27,11,17	374	100	0.938804554213	1.0	0.92,0.838,0.858	0.858,0.891,0.873	-0.002
391	"Rabl2"	NA	chrNC_000081.7	-	89468112	89468593	89468112	89468210	89468481	89468593	391	256,270,448	161,225,299	593,331,436	351,187,240	371	100	0.0453539499139	0.2618271270705146	0.3,0.244,0.288	0.313,0.323,0.329	-0.044
393	"Lmf2"	NA	chrNC_000081.7	-	89239558	89239813	89239558	89239613	89239788	89239813	393	517,498,630	2,2,1	659,656,441	6,4,3	275	100	0.213765821995	0.6347596790287118	0.989,0.989,0.996	0.976,0.984,0.982	0.011
394	"Brd1"	NA	chrNC_000081.7	-	88575951	88580877	88575951	88580146	88580236	88580877	394	8,12,5	12,0,0	5,11,8	0,0,2	190	100	0.0507400790032	0.27742527837244507	0.26,1.0,1.0	1.0,1.0,0.678	-0.139
395	"Brd1"	NA	chrNC_000081.7	-	88584975	88585440	88584975	88585080	88585162	88585440	395	113,131,140	5,7,7	85,115,85	3,1,3	182	100	0.0443492754027	0.2588252793993639	0.925,0.911,0.917	0.94,0.984,0.94	-0.037
396	"Brd1"	NA	chrNC_000081.7	-	88596818	88597131	88596818	88596967	88597057	88597131	396	307,345,311	9,17,19	403,312,263	22,21,15	190	100	0.258540944919	0.6943547254991417	0.947,0.914,0.896	0.906,0.887,0.902	0.021
398	"Tbc1d22a"	NA	chrNC_000081.7	+	86381013	86382704	86381013	86381138	86382189	86382704	398	1106,1295,1052	15,19,17	958,1155,1165	21,8,20	1151	100	0.902201126177	1.0	0.865,0.856,0.843	0.799,0.926,0.835	0.001
399	"Trmu"	NA	chrNC_000081.7	+	85778378	85779227	85778378	85778484	85779126	85779227	399	148,113,112	2,2,3	145,150,190	15,1,7	742	100	0.0558154259196	0.2939497997021675	0.909,0.884,0.834	0.566,0.953,0.785	0.108
400	"Phf21b"	NA	chrNC_000081.7	-	84675554	84676142	84675554	84675630	84675983	84676142	400	74,75,43	41,37,28	31,49,61	33,33,38	453	100	0.131899662498	0.4829839080633875	0.285,0.309,0.253	0.172,0.247,0.262	0.055
406	"Septin3"	NA	chrNC_000081.7	+	82174938	82178775	82174938	82175032	82175453	82178775	406	1206,1652,989	5,12,9	1375,1245,2972	22,4,62	521	100	0.000237160202497	0.008910171941214977	0.979,0.964,0.955	0.923,0.984,0.902	0.03
407	"Septin3"	NA	chrNC_000081.7	+	82174938	82178775	82174938	82175032	82177446	82178775	407	5314,7920,4818	277,488,251	6675,6041,15185	406,315,1142	2514	100	0.20565548391	0.6227978926726275	0.433,0.392,0.433	0.395,0.433,0.346	0.028
408	"Septin3"	NA	chrNC_000081.7	+	82175453	82178775	82175453	82175519	82177446	82178775	408	4184,6404,3906	8,8,5	5418,4871,12436	12,3,39	2027	100	0.0463441548311	0.26436385009409896	0.963,0.975,0.975	0.957,0.988,0.94	0.009
409	"L3mbtl2"	NA	chrNC_000081.7	+	81571140	81572516	81571140	81571192	81572046	81572516	409	815,965,770	0,3,0	877,827,1277	1,3,2	954	100	0.561979923426	1.0	1.0,0.971,1.0	0.989,0.967,0.985	0.01
411	"Ddx17"	NA	chrNC_000081.7	-	79417175	79420217	79417175	79417411	79420157	79420217	411	11717,9766,9857	27,27,36	13183,12013,14708	36,33,43	2846	100	0.911405342072	1.0	0.938,0.927,0.906	0.928,0.927,0.923	-0.002
413	"Pla2g6"	NA	chrNC_000081.7	-	79211834	79212373	79211834	79211914	79212288	79212373	413	306,297,389	7,15,5	322,294,264	7,2,5	474	100	0.0772722988282	0.34998259526459996	0.902,0.807,0.943	0.907,0.969,0.918	-0.047
414	"Baiap2l2"	NA	chrNC_000081.7	-	79145601	79146165	79145601	79145740	79146012	79146165	414	0,0,1	1,0,0	0,0,0	1,0,1	372	100	1	1.0	0.0,NA,1.0	0.0,NA,0.0	0.5
415	"Ubr2"	NA	chrNC_000083.7	-	47291245	47291513	47291245	47291344	47291414	47291513	415	12,6,15	0,1,0	23,23,23	0,0,0	170	100	1	1.0	1.0,0.779,1.0	1.0,1.0,1.0	-0.074
420	"Tarbp2"	NA	chrNC_000081.7	+	102431283	102432112	102431283	102431437	102431619	102432112	420	137,105,108	0,1,0	118,160,193	1,0,0	282	100	1	1.0	1.0,0.974,1.0	0.977,1.0,1.0	-0.001
421	"Tarbp2"	NA	chrNC_000081.7	+	102431283	102432112	102431283	102431485	102431619	102432112	421	102,77,81	62,77,62	91,126,158	57,57,40	234	100	0.00673817355281	0.07966460539927395	0.413,0.299,0.358	0.406,0.486,0.628	-0.15
422	"Gm41352"	NA	chrNC_000081.7	+	77202923	77206063	77202923	77203189	77205915	77206063	422	8,8,12	0,0,1	22,0,12	0,0,0	2826	100	1	1.0	1.0,1.0,0.298	1.0,NA,1.0	-0.234
423	"Zfp7"	NA	chrNC_000081.7	+	76773408	76776595	76773408	76773757	76774206	76776595	423	31,25,22	0,1,0	7,15,13	0,0,1	549	100	1	1.0	1.0,0.82,1.0	1.0,1.0,0.703	0.039
424	"Zfp7"	NA	chrNC_000081.7	+	76774206	76776595	76774206	76774239	76774361	76776595	424	37,39,44	0,3,2	41,33,61	2,0,1	222	100	0.297339957113	0.7525096544945118	1.0,0.854,0.908	0.902,1.0,0.965	-0.035
425	"Hsf1"	NA	chrNC_000081.7	+	76381967	76382248	76381967	76382029	76382151	76382248	425	54,54,60	265,264,298	34,55,79	346,265,364	222	100	0.243704578844	0.6713924940809769	0.084,0.084,0.083	0.042,0.085,0.089	0.012
426	"Hsf1"	NA	chrNC_000081.7	+	76384330	76384536	76384330	76384396	76384466	76384536	426	67,43,58	194,239,251	73,50,75	284,202,249	170	100	0.526397814107	0.9844616198548356	0.169,0.096,0.12	0.131,0.127,0.151	-0.008
427	"Wdr97"	NA	chrNC_000081.7	+	76241356	76241759	76241356	76241593	76241668	76241759	427	4,7,2	3,1,1	7,9,20	7,0,3	175	100	0.676794291391	1.0	0.432,0.8,0.533	0.364,1.0,0.792	-0.13
428	"Parp10"	NA	chrNC_000081.7	-	76127263	76127640	76127263	76127442	76127546	76127640	428	38,47,36	41,61,66	33,56,15	92,53,60	204	100	0.115034467652	0.443526395134787	0.312,0.274,0.211	0.15,0.341,0.109	0.066
429	"Scrib"	NA	chrNC_000081.7	-	75919469	75920001	75919469	75919521	75919963	75920001	429	116,89,108	79,119,124	103,120,136	121,106,84	542	100	0.264118643636	0.7040234061645125	0.213,0.121,0.138	0.136,0.173,0.23	-0.022
430	"Mapk15"	NA	chrNC_000081.7	+	75867634	75868053	75867634	75867806	75867889	75868053	430	230,325,395	163,191,283	591,253,380	349,198,203	183	100	0.541755460334	0.9935801344648747	0.435,0.482,0.433	0.481,0.411,0.506	-0.016
431	"Mapk15"	NA	chrNC_000081.7	+	75867634	75868363	75867634	75868053	75868223	75868363	431	766,1010,1272	67,86,135	1771,989,1094	192,94,114	270	100	0.399766508401	0.8639369493653827	0.809,0.813,0.777	0.774,0.796,0.78	0.016
432	"Mapk15"	NA	chrNC_000081.7	+	75870398	75871002	75870398	75870527	75870609	75871002	432	137,176,225	26,16,47	260,113,139	28,12,41	182	100	0.90233484081	1.0	0.743,0.858,0.725	0.836,0.838,0.651	0.0
433	"Mapk15"	NA	chrNC_000081.7	+	75870398	75871002	75870398	75870527	75870627	75871002	433	142,180,232	39,38,149	264,114,148	122,31,109	200	100	0.308871478184	0.7671505551174698	0.645,0.703,0.438	0.52,0.648,0.404	0.071
434	"Ccdc166"	NA	chrNC_000081.7	-	75851720	75854134	75851720	75853536	75853649	75854134	434	16,26,39	7,0,3	25,16,39	1,1,0	213	100	1	1.0	0.518,1.0,0.859	0.921,0.883,1.0	-0.142
436	"Gm32994"	NA	chrNC_000081.7	+	74547446	74551365	74547446	74547561	74547795	74551365	436	3,0,0	0,0,0	0,0,3	0,0,2	334	100	1	1.0	1.0,NA,NA	NA,NA,0.31	0.69
437	"Gm32994"	NA	chrNC_000081.7	+	74547446	74551365	74547446	74547561	74551100	74551365	437	4,2,12	0,0,0	12,4,24	2,0,1	3639	100	0.00150368217115	0.03088331843823462	1.0,1.0,1.0	0.142,1.0,0.397	0.487
440	"Stap2"	NA	chrNC_000083.7	-	56306742	56307015	56306742	56306808	56306912	56307015	440	4,10,1	6,4,4	9,2,9	7,10,1	204	100	0.678746638394	1.0	0.246,0.551,0.109	0.387,0.089,0.815	-0.128
442	"Mtbp"	NA	chrNC_000081.7	+	55471822	55473151	55471822	55471967	55472902	55473151	442	10,3,3	0,0,0	14,11,4	1,0,0	1035	100	1	1.0	1.0,1.0,1.0	0.575,1.0,1.0	0.142
443	"Trps1"	NA	chrNC_000081.7	-	50694224	50695354	50694224	50694402	50695002	50695354	443	319,420,419	13,10,13	500,339,355	17,14,11	700	100	0.6023056486	1.0	0.778,0.857,0.822	0.808,0.776,0.822	0.017
445	"Rrm2b"	NA	chrNC_000081.7	-	37924195	37927641	37924195	37925034	37927298	37927641	445	2009,2192,2028	0,2,2	2439,1891,2530	1,3,0	2364	100	1	1.0	1.0,0.979,0.977	0.99,0.964,1.0	0.001
446	"Gm34590"	NA	chrNC_000081.7	+	36939854	36940404	36939854	36940202	36940307	36940404	446	0,0,0	1,0,0	2,1,0	0,0,0	205	100	1	1.0	0.0,NA,NA	1.0,1.0,NA	-1.0
447	"Gm34590"	NA	chrNC_000081.7	+	36955364	36956634	36955364	36955530	36955733	36956634	447	20,16,6	0,0,2	23,21,13	14,0,1	303	100	0.00784470658104	0.08788265694283973	1.0,1.0,0.498	0.352,1.0,0.811	0.112
448	"Rpl30"	NA	chrNC_000081.7	-	34443170	34443405	34443170	34443223	34443330	34443405	448	105,121,134	1094,1206,1137	146,145,151	1184,1076,1106	207	100	0.040354561537	0.2389944827440813	0.044,0.046,0.054	0.056,0.061,0.062	-0.012
451	"Nexmif"	NA	chrNC_000086.8	-	103120366	103126889	103120366	103124708	103126759	103126889	451	330,338,178	7,8,5	133,251,760	1,1,6	2151	100	0.0011311254483	0.025343538016455943	0.687,0.663,0.623	0.861,0.921,0.855	-0.221
452	"Gm46594"	NA	chrNC_000083.7	-	83765970	83769201	83765970	83768748	83768893	83769201	452	3,1,0	2,6,0	0,4,1	0,0,0	245	100	1	1.0	0.38,0.064,NA	NA,1.0,1.0	-0.778
454	"Gm2824"	NA	chrNC_000081.7	-	24999600	25006159	24999600	25001817	25002597	25006159	454	2,0,2	0,0,0	0,0,17	0,0,1	880	100	1	1.0	1.0,NA,1.0	NA,NA,0.659	0.341
456	"Gm2824"	NA	chrNC_000081.7	-	24999600	25006159	24999600	25005914	25006022	25006159	456	2,0,0	0,0,0	0,0,5	0,0,4	208	100	1	1.0	1.0,NA,NA	NA,NA,0.375	0.625
457	"Dnajc21"	NA	chrNC_000081.7	-	10464559	10469282	10464559	10466248	10466397	10469282	457	7,8,0	0,3,0	5,6,5	0,5,0	249	100	1	1.0	1.0,0.517,NA	1.0,0.325,1.0	-0.017
458	"Cplane1"	NA	chrNC_000081.7	+	8258073	8258814	8258073	8258542	8258710	8258814	458	177,156,156	4,8,10	241,159,150	18,9,2	268	100	0.6034345631	1.0	0.943,0.879,0.853	0.833,0.868,0.965	0.003
459	"Rictor"	NA	chrNC_000081.7	+	6815856	6816862	6815856	6816500	6816597	6816862	459	99,69,78	1,7,1	86,88,93	3,0,3	197	100	0.425792042104	0.8812905057501397	0.98,0.833,0.975	0.936,1.0,0.94	-0.029
460	"Uggt2"	NA	chrNC_000080.7	-	119244556	119245351	119244556	119244739	119245135	119245351	460	50,48,46	0,2,0	42,47,53	0,0,1	496	100	1	1.0	1.0,0.829,1.0	1.0,1.0,0.914	-0.028
461	"Uggt2"	NA	chrNC_000080.7	-	119244556	119245351	119244556	119244739	119245229	119245351	461	54,54,48	1,2,1	48,49,69	1,3,4	590	100	0.20191469897	0.6165804835220572	0.902,0.821,0.891	0.891,0.735,0.745	0.081
463	"Gm6145"	NA	chrNC_000080.7	-	105861869	105862155	105861869	105861997	105862108	105862155	463	31,31,18	12,8,11	76,51,66	25,11,13	211	100	0.169848607726	0.5604479290979444	0.55,0.647,0.437	0.59,0.687,0.706	-0.116
464	"Gm6145"	NA	chrNC_000080.7	-	105864811	105868248	105864811	105864927	105865947	105868248	464	158,144,164	116,86,101	391,206,239	165,91,148	1120	100	0.0207000314175	0.15711606020619576	0.108,0.13,0.127	0.175,0.168,0.126	-0.035
465	"Gm6145"	NA	chrNC_000080.7	-	105864811	105868248	105864811	105864927	105867921	105868248	465	528,572,616	0,0,1	1438,662,906	0,0,0	3094	100	1	1.0	1.0,1.0,0.952	1.0,1.0,1.0	-0.016
466	"Gm6145"	NA	chrNC_000080.7	-	105865947	105868248	105865947	105866015	105867921	105868248	466	374,436,467	1,1,2	1070,469,677	2,5,2	2006	100	0.452235897473	0.9166474317313683	0.949,0.956,0.921	0.964,0.824,0.944	0.031
467	"Gm6145"	NA	chrNC_000080.7	-	105864811	105868248	105864811	105864927	105868106	105868248	467	565,610,660	15,15,19	1548,737,1011	9,19,35	3279	100	0.28358982441	0.7333509260771913	0.535,0.554,0.514	0.84,0.542,0.468	-0.082
468	"Gm6145"	NA	chrNC_000080.7	-	105865947	105868248	105865947	105866015	105868106	105868248	468	411,474,511	89,83,61	1180,544,782	141,54,99	2191	100	0.00742798645142	0.08560887982140172	0.174,0.207,0.277	0.276,0.315,0.265	-0.066
469	"Gm6145"	NA	chrNC_000080.7	-	105872404	105873351	105872404	105872492	105873075	105873351	469	154,144,222	2,3,5	331,167,186	7,4,0	683	100	0.841339284025	1.0	0.919,0.875,0.867	0.874,0.859,1.0	-0.024
470	"Gm6145"	NA	chrNC_000080.7	-	105880821	105881159	105880821	105881038	105881116	105881159	470	28,56,40	0,0,0	85,42,58	0,2,2	178	100	0.407478051165	0.8686358455972455	1.0,1.0,1.0	1.0,0.922,0.942	0.045
471	"Ednrb"	NA	chrNC_000080.7	-	104052054	104054636	104052054	104053282	104054499	104054636	471	4961,7215,8554	15,62,61	11379,7981,9774	147,66,91	1317	100	0.000462345132488	0.013109325703465062	0.962,0.898,0.914	0.855,0.902,0.891	0.042
477	"Tsc22d1"	NA	chrNC_000080.7	+	76653315	76656449	76653315	76654429	76654675	76656449	477	650,592,498	49,34,50	532,613,686	34,44,22	346	100	0.0463349683696	0.26436385009409896	0.793,0.834,0.742	0.819,0.801,0.9	-0.05
478	"Tsc22d1"	NA	chrNC_000080.7	+	76675105	76676548	76675105	76675255	76676375	76676548	478	154,86,109	3,11,5	110,121,169	4,11,11	1220	100	0.675109288113	1.0	0.808,0.391,0.641	0.693,0.474,0.557	0.039
479	"Tsc22d1"	NA	chrNC_000080.7	+	76675105	76676548	76675105	76675255	76676403	76676548	479	158,93,114	1,2,2	118,133,176	0,2,0	1248	100	0.0330013923909	0.21274941895461486	0.927,0.788,0.82	1.0,0.842,1.0	-0.102
480	"Tsc22d1"	NA	chrNC_000080.7	+	76675105	76679060	76675105	76676548	76677348	76679060	480	67,82,76	4,1,0	64,55,100	4,2,9	900	100	0.0158234195099	0.1348542176891682	0.65,0.901,1.0	0.64,0.753,0.552	0.202
481	"Tsc22d1"	NA	chrNC_000080.7	+	76675105	76679060	76675105	76675255	76677395	76679060	481	256,195,216	0,0,2	202,210,307	0,0,0	2240	100	1	1.0	1.0,1.0,0.828	1.0,1.0,1.0	-0.057
482	"Tsc22d1"	NA	chrNC_000080.7	+	76675105	76679060	76675105	76676548	76677395	76679060	482	74,87,91	28,21,22	68,61,106	28,32,36	947	100	0.064315041591	0.3204749506338476	0.218,0.304,0.304	0.204,0.168,0.237	0.072
483	"Gm35679"	NA	chrNC_000080.7	-	75517415	75519620	75517415	75517476	75517587	75519620	483	2,3,1	0,0,0	0,3,7	0,3,0	211	100	1	1.0	1.0,1.0,1.0	NA,0.322,1.0	0.339
486	"Reep4"	NA	chrNC_000080.7	+	70784369	70784675	70784369	70784446	70784554	70784675	486	70,44,79	51,25,35	81,65,45	63,42,30	208	100	0.293594006523	0.7453844666400095	0.398,0.458,0.52	0.382,0.427,0.419	0.049
487	"Lgi3"	NA	chrNC_000080.7	+	70768309	70768710	70768309	70768358	70768629	70768710	487	125,212,162	0,0,0	222,227,762	2,0,0	371	100	1	1.0	1.0,1.0,1.0	0.968,1.0,1.0	0.011
488	"Gm26908"	NA	chrNC_000080.7	+	70442812	70444303	70442812	70442902	70444209	70444303	488	262,252,326	1,8,4	854,258,417	19,9,10	1407	100	0.115601791544	0.4451780530131923	0.949,0.691,0.853	0.762,0.671,0.748	0.104
489	"Gm26908"	NA	chrNC_000080.7	+	70442812	70444303	70442812	70443008	70444209	70444303	489	255,248,322	0,6,0	799,252,403	2,0,0	1301	100	0.0317002643435	0.20643830682230488	1.0,0.761,1.0	0.968,1.0,1.0	-0.069
492	"Adra1a"	NA	chrNC_000080.7	+	66964894	66977526	66964894	66965133	66965226	66977526	492	16,14,35	0,3,0	24,29,25	0,2,1	193	100	0.239850951302	0.6684093536177426	1.0,0.707,1.0	1.0,0.883,0.928	-0.035
493	"Adra1a"	NA	chrNC_000080.7	+	66964894	66977526	66964894	66965133	66969012	66977526	493	58,131,107	0,0,1	157,69,331	5,5,0	3979	100	8.23467342499e-05	0.004489504927822555	1.0,1.0,0.729	0.441,0.258,1.0	0.343
494	"Adra1a"	NA	chrNC_000080.7	+	66964894	66977526	66964894	66965280	66969012	66977526	494	45,122,78	2,2,6	139,56,310	6,16,1	3832	100	0.967293974919	1.0	0.37,0.614,0.253	0.377,0.084,0.89	-0.038
495	"Adra1a"	NA	chrNC_000080.7	+	66964894	66977526	66964894	66965449	66969012	66977526	495	26,91,60	9,7,14	108,29,290	23,14,10	3663	100	0.631712880108	1.0	0.073,0.262,0.105	0.114,0.054,0.442	-0.057
497	"Gm52132"	NA	chrNC_000080.7	+	64452921	64458689	64452921	64458445	64458543	64458689	497	0,1,0	1,5,4	0,0,2	7,0,0	198	100	1	1.0	0.0,0.092,0.0	0.0,NA,1.0	-0.469
499	"Gm52129"	NA	chrNC_000080.7	+	64438466	64447794	64438466	64438603	64440604	64447794	499	3,6,1	0,2,0	1,5,33	2,2,7	2101	100	0.0923230482191	0.39024148613983695	1.0,0.125,1.0	0.023,0.106,0.183	0.604
503	"Trabd"	NA	chrNC_000081.7	+	88960283	88960901	88960283	88960344	88960702	88960901	503	83,48,31	0,4,3	51,38,40	0,7,0	458	100	0.741022955781	1.0	1.0,0.724,0.693	1.0,0.542,1.0	-0.042
504	"Amer2"	NA	chrNC_000080.7	+	60615140	60625642	60615140	60616458	60616836	60625642	504	105,133,132	35,40,38	153,114,211	31,35,39	478	100	0.0963903226364	0.3984962499703556	0.386,0.41,0.421	0.508,0.405,0.531	-0.076
505	"Amer2"	NA	chrNC_000080.7	+	60615140	60625642	60615140	60616665	60616836	60625642	505	77,99,84	4,1,6	112,102,154	1,5,3	271	100	0.265337274345	0.7059756694577227	0.877,0.973,0.838	0.976,0.883,0.95	-0.04
509	"Phf11d"	NA	chrNC_000080.7	-	59584645	59586837	59584645	59586500	59586670	59586837	509	27,22,38	3,2,0	23,22,9	0,0,1	270	100	0.036451326055	0.2263373036438372	0.769,0.803,1.0	1.0,1.0,0.769	-0.066
510	"Phf11b"	NA	chrNC_000080.7	-	59558412	59559069	59558412	59558732	59558902	59559069	510	11,19,11	0,2,0	15,2,0	0,0,0	270	100	1	1.0	1.0,0.779,1.0	1.0,1.0,NA	-0.074
511	"Xpo4"	NA	chrNC_000080.7	-	57877227	57880680	57877227	57879617	57880538	57880680	511	5,3,4	2,1,1	0,0,6	0,1,4	1021	100	1	1.0	0.197,0.227,0.281	NA,0.0,0.128	0.171
513	"Mdp1"	NA	chrNC_000080.7	-	55897444	55897685	55897444	55897555	55897624	55897685	513	250,209,246	268,304,277	210,260,278	255,299,290	169	100	0.561439424531	1.0	0.356,0.289,0.344	0.328,0.34,0.362	-0.014
514	"Carmil3"	NA	chrNC_000080.7	+	55738915	55739350	55738915	55739050	55739286	55739350	514	186,224,80	86,118,38	69,140,431	38,46,173	336	100	0.242781267443	0.6705786042132518	0.392,0.361,0.385	0.351,0.475,0.426	-0.038
515	"Carmil3"	NA	chrNC_000080.7	+	55742856	55743116	55742856	55742923	55743026	55743116	515	68,90,27	57,106,25	44,64,171	39,78,221	203	100	0.333137991906	0.7989327290919342	0.37,0.295,0.347	0.357,0.288,0.276	0.03
516	"Carmil3"	NA	chrNC_000080.7	+	55742856	55743116	55742856	55742928	55743026	55743116	516	66,85,27	0,0,0	44,59,161	0,1,1	198	100	1	1.0	1.0,1.0,1.0	1.0,0.968,0.988	0.015
517	"Homez"	NA	chrNC_000080.7	-	55090192	55095738	55090192	55093168	55094178	55095738	517	816,706,910	3,1,0	1024,816,732	1,0,2	1110	100	0.932396088716	1.0	0.961,0.985,1.0	0.989,1.0,0.971	-0.005
518	"Homez"	NA	chrNC_000080.7	-	55090192	55095738	55090192	55093168	55094217	55095738	518	833,717,928	9,9,6	1041,824,744	10,12,7	1149	100	0.610441386779	1.0	0.89,0.874,0.931	0.901,0.857,0.902	0.012
519	"Cdh24"	NA	chrNC_000080.7	-	54873351	54873926	54873351	54873595	54873789	54873926	519	17,30,15	1,1,6	19,36,78	0,2,0	294	100	0.000331790632876	0.010525318690442615	0.853,0.911,0.46	1.0,0.86,1.0	-0.212
520	"Zfp995"	NA	chrNC_000083.7	-	22097887	22100075	22097887	22099474	22099642	22100075	520	45,52,56	5,0,1	80,85,60	1,13,4	268	100	0.0812563456102	0.36009036145930956	0.771,1.0,0.954	0.968,0.709,0.848	0.067
521	"Zfp995"	NA	chrNC_000083.7	-	22122656	22126334	22122656	22122816	22123510	22126334	521	5,3,3	0,0,0	5,0,8	2,0,0	794	100	1	1.0	1.0,1.0,1.0	0.239,NA,1.0	0.381
523	"Rpgrip1"	NA	chrNC_000080.7	+	52371242	52374275	52371242	52371316	52374114	52374275	523	10,6,2	0,1,1	22,10,16	4,0,0	2898	100	0.128549553834	0.47615349188917455	1.0,0.172,0.065	0.16,1.0,1.0	-0.308
525	"Arhgef40"	NA	chrNC_000080.7	+	52242335	52242492	52242335	52242356	52242445	52242492	525	81,75,88	12,16,5	130,82,94	19,26,17	189	100	0.127815206638	0.4750811160883434	0.781,0.713,0.903	0.784,0.625,0.745	0.081
526	"Arhgef40"	NA	chrNC_000080.7	+	52242445	52243086	52242445	52242492	52242615	52243086	526	33,62,40	83,38,30	49,51,33	22,61,35	223	100	0.505199286845	0.9691488452826786	0.151,0.423,0.374	0.5,0.273,0.297	-0.041
527	"Arhgef40"	NA	chrNC_000080.7	+	52242445	52243086	52242445	52242492	52242797	52243086	527	191,136,139	185,144,174	120,194,131	189,200,129	405	100	0.545215774674	0.9971014761755899	0.203,0.189,0.165	0.136,0.193,0.2	0.009
528	"B430209F14Rik"	NA	chrNC_000081.7	+	98875126	98877237	98875126	98875287	98875382	98877237	528	4,1,6	0,0,1	8,5,5	1,0,0	195	100	1	1.0	1.0,1.0,0.755	0.804,1.0,1.0	-0.016
529	"Tep1"	NA	chrNC_000080.7	-	51064512	51066486	51064512	51064656	51066361	51066486	529	49,54,61	35,29,21	58,79,15	41,31,15	1805	100	0.586766422593	1.0	0.072,0.094,0.139	0.073,0.124,0.052	0.019
530	"Parp2"	NA	chrNC_000080.7	+	51052326	51052884	51052326	51052412	51052808	51052884	530	114,94,107	3,0,2	87,88,180	0,0,1	496	100	0.160773523267	0.5409224235510347	0.885,1.0,0.915	1.0,1.0,0.973	-0.058
531	"Parp2"	NA	chrNC_000080.7	+	51052326	51052884	51052326	51052423	51052808	51052884	531	94,79,86	79,113,69	70,81,158	109,80,122	485	100	0.865576394135	1.0	0.197,0.126,0.204	0.117,0.173,0.211	0.009
532	"Parp2"	NA	chrNC_000080.7	+	51054788	51056730	51054788	51054927	51056666	51056730	532	62,66,87	111,109,89	70,63,103	141,104,115	1839	100	0.699032794833	1.0	0.029,0.032,0.05	0.026,0.032,0.046	0.002
533	"Ap5m1"	NA	chrNC_000080.7	+	49311005	49311651	49311005	49311199	49311426	49311651	533	334,343,302	2,4,2	283,309,315	9,6,3	327	100	0.0177637055345	0.1437245265973182	0.981,0.963,0.979	0.906,0.94,0.97	0.036
534	"Gmfb"	NA	chrNC_000080.7	-	47056918	47059551	47056918	47057029	47058513	47059551	534	145,109,121	0,0,0	170,135,83	0,0,1	1584	100	1	1.0	1.0,1.0,1.0	1.0,1.0,0.84	0.053
535	"Gmfb"	NA	chrNC_000080.7	-	47056918	47059551	47056918	47057029	47059379	47059551	535	368,377,395	0,1,0	450,341,368	0,0,0	2450	100	1	1.0	1.0,0.939,1.0	1.0,1.0,1.0	-0.02
537	"Gm15222"	NA	chrNC_000080.7	+	46624934	46626739	46624934	46625594	46625720	46626739	537	28,7,9	1,1,0	17,6,3	1,0,0	226	100	1	1.0	0.925,0.756,1.0	0.883,1.0,1.0	-0.067
538	"Gm15222"	NA	chrNC_000080.7	+	46624934	46626739	46624934	46625079	46626499	46626739	538	156,153,125	1,3,0	164,86,50	9,0,0	1520	100	0.160892343834	0.5409224235510347	0.911,0.77,1.0	0.545,1.0,1.0	0.045
539	"Gm15222"	NA	chrNC_000080.7	+	46624934	46626739	46624934	46625594	46626499	46626739	539	85,62,70	3,5,6	85,42,25	7,6,4	1005	100	0.158495147104	0.5363238036588215	0.738,0.552,0.537	0.547,0.411,0.383	0.162
560	"Mdfi"	NA	chrNC_000083.7	-	48143868	48144216	48143868	48143955	48144169	48144216	560	18,12,9	3,1,1	31,9,8	5,4,2	314	100	0.179399610548	0.5780255583431035	0.656,0.793,0.741	0.664,0.417,0.56	0.183
568	"Carns1"	NA	chrNC_000085.7	-	4219897	4220910	4219897	4220129	4220824	4220910	568	329,312,335	24,27,30	303,283,195	36,20,17	795	100	0.58811647568	1.0	0.633,0.592,0.584	0.514,0.64,0.591	0.021
569	"Carns1"	NA	chrNC_000085.7	-	4220994	4221898	4220994	4221169	4221410	4221898	569	72,38,66	52,48,57	68,47,47	39,56,26	341	100	0.36144412703	0.8254219408439915	0.289,0.188,0.253	0.338,0.198,0.346	-0.051
570	"Nisch"	NA	chrNC_000080.7	-	30904455	30907007	30904455	30904597	30906898	30907007	570	3142,2630,2845	4,8,11	4130,3123,3121	4,1,2	2401	100	0.000184615400885	0.007583432620968462	0.97,0.932,0.915	0.977,0.992,0.985	-0.046
571	"Duxbl1"	NA	chrNC_000080.7	+	25979341	25980945	25979341	25980098	25980686	25980945	571	42,40,46	1,4,7	107,61,52	6,3,7	688	100	0.763765919117	1.0	0.859,0.592,0.489	0.722,0.747,0.519	-0.016
572	"Duxbl1"	NA	chrNC_000080.7	+	25979341	25980945	25979341	25980098	25980702	25980945	572	43,41,49	0,0,2	110,61,57	6,4,0	704	100	0.00182344773467	0.035408039647773816	1.0,1.0,0.777	0.723,0.684,1.0	0.123
573	"Duxbl1"	NA	chrNC_000080.7	+	25979341	25980945	25979341	25980098	25980743	25980945	573	44,50,51	2,1,3	125,63,69	4,0,2	745	100	0.421050764437	0.8787749381886094	0.747,0.87,0.695	0.807,1.0,0.822	-0.106
579	"Prpf40b"	NA	chrNC_000081.7	+	99207565	99207916	99207565	99207680	99207824	99207916	579	83,133,126	64,120,84	159,142,239	84,78,149	244	100	0.0215978563844	0.1624402156235155	0.347,0.312,0.381	0.437,0.427,0.397	-0.074
580	"Prpf40b"	NA	chrNC_000081.7	+	99212723	99213167	99212723	99212861	99213071	99213167	580	165,201,161	129,157,146	204,165,196	168,167,215	310	100	0.161310754251	0.5415918443675058	0.292,0.292,0.262	0.281,0.242,0.227	0.032
582	"Nudt13"	NA	chrNC_000080.7	+	20345155	20347699	20345155	20345334	20347582	20347699	582	119,111,86	4,10,9	157,94,207	16,13,17	2348	100	0.349465676606	0.8150633712532277	0.559,0.321,0.289	0.295,0.235,0.341	0.099
583	"Nudt13"	NA	chrNC_000080.7	+	20356299	20357432	20356299	20356434	20357300	20357432	583	138,107,116	1,3,10	169,153,161	5,14,2	966	100	0.773439214043	1.0	0.935,0.787,0.546	0.778,0.531,0.893	0.022
584	"Nudt13"	NA	chrNC_000080.7	+	20356299	20357867	20356299	20356434	20357760	20357867	584	208,165,203	56,57,53	258,222,264	54,46,67	1426	100	0.0823386190869	0.3630975076730526	0.207,0.169,0.212	0.251,0.253,0.216	-0.044
585	"Nudt13"	NA	chrNC_000080.7	+	20356299	20357867	20356299	20357432	20357760	20357867	585	65,52,76	2,8,4	84,63,90	7,3,12	428	100	0.528703181243	0.9871590866565104	0.884,0.603,0.816	0.737,0.831,0.637	0.033
589	"Cep15"	NA	chrNC_000080.7	-	10166528	10168615	10166528	10168191	10168516	10168615	589	897,972,949	0,0,0	929,858,835	2,0,0	425	100	1	1.0	1.0,1.0,1.0	0.991,1.0,1.0	0.003
590	"Cep15"	NA	chrNC_000080.7	-	10166632	10168615	10166632	10168364	10168516	10168615	590	492,484,495	26,20,26	484,461,420	47,21,29	252	100	0.0430000409137	0.25279290107797214	0.882,0.906,0.883	0.803,0.897,0.852	0.04
591	"Il3ra"	NA	chrNC_000080.7	-	8119495	8119915	8119495	8119728	8119828	8119915	591	24,31,28	1,3,1	16,38,27	0,2,7	200	100	0.351248249431	0.8160981806939261	0.923,0.838,0.933	1.0,0.905,0.659	0.043
593	"Nr1d2"	NA	chrNC_000080.7	+	4254202	4257917	4254202	4254753	4257731	4257917	593	882,754,706	3,6,15	804,1012,740	5,14,15	3078	100	0.416193684471	0.8734829556773751	0.905,0.803,0.605	0.839,0.701,0.616	0.052
594	"Nr1d2"	NA	chrNC_000080.7	+	4254202	4257917	4254202	4254822	4257731	4257917	594	731,589,574	196,183,204	652,792,610	211,243,163	3009	100	0.766079868085	1.0	0.11,0.097,0.086	0.093,0.098,0.111	-0.003
595	"Gm38620"	NA	chrNC_000080.7	-	3974314	3975599	3974314	3974412	3974856	3975599	595	1,0,10	0,0,0	0,0,1	0,4,0	544	100	1	1.0	1.0,NA,1.0	NA,0.0,1.0	0.5
596	"Zfp131"	NA	chrNC_000079.7	-	120237302	120237985	120237302	120237525	120237620	120237985	596	119,96,97	10,10,5	121,165,189	11,10,10	195	100	0.551817482752	0.9971014761755899	0.859,0.831,0.909	0.849,0.894,0.906	-0.017
597	"Zfp131"	NA	chrNC_000079.7	-	120237302	120237985	120237302	120237525	120237627	120237985	597	136,102,114	81,80,76	131,171,198	68,94,127	202	100	0.241640484114	0.669430335101658	0.454,0.387,0.426	0.488,0.474,0.436	-0.044
598	"Parp8"	NA	chrNC_000079.7	-	117161711	117161931	117161711	117161813	117161900	117161931	598	41,49,48	33,49,26	25,54,47	23,30,56	187	100	0.690531500899	1.0	0.399,0.348,0.497	0.368,0.49,0.31	0.025
599	"Slc38a9"	NA	chrNC_000079.7	+	112820595	112822732	112820595	112820680	112822468	112822732	599	137,108,187	0,0,0	150,136,135	0,1,1	1888	100	1	1.0	1.0,1.0,1.0	1.0,0.878,0.877	0.082
600	"Slc38a9"	NA	chrNC_000079.7	+	112820595	112822732	112820595	112820680	112822599	112822732	600	152,123,190	5,2,2	170,145,147	0,6,1	2019	100	0.460960315307	0.9259666772687323	0.601,0.753,0.825	1.0,0.545,0.879	-0.082
601	"Slc38a9"	NA	chrNC_000079.7	+	112868032	112875285	112868032	112871439	112871598	112875285	601	32,33,33	4,2,2	36,36,43	5,3,1	259	100	0.773613791634	1.0	0.755,0.864,0.864	0.735,0.822,0.943	-0.006
602	"Slc38a9"	NA	chrNC_000079.7	+	112868032	112875285	112868032	112871733	112871946	112875285	602	37,36,20	1,1,0	32,40,50	3,1,0	313	100	0.499485925789	0.9638182852326714	0.922,0.92,1.0	0.773,0.927,1.0	0.047
603	"Slc38a9"	NA	chrNC_000079.7	+	112868032	112875285	112868032	112872398	112874521	112875285	603	127,91,174	0,0,0	207,185,247	0,2,0	2223	100	1	1.0	1.0,1.0,1.0	1.0,0.806,1.0	0.065
604	"Ankrd55"	NA	chrNC_000079.7	+	112424989	112425516	112424989	112425131	112425421	112425516	604	2,0,0	0,0,0	2,0,9	1,0,0	390	100	1	1.0	1.0,NA,NA	0.339,NA,1.0	0.331
607	"Ndufaf2"	NA	chrNC_000079.7	-	108189122	108189488	108189122	108189215	108189247	108189488	607	77,87,75	0,0,0	60,54,122	0,0,2	132	100	1	1.0	1.0,1.0,1.0	1.0,1.0,0.979	0.007
608	"Gm32186"	NA	chrNC_000079.7	-	107772251	107773626	107772251	107773219	107773477	107773626	608	7,11,17	4,1,0	6,5,2	2,0,0	358	100	0.0146580193183	0.12902278542811318	0.328,0.754,1.0	0.456,1.0,1.0	-0.125
613	"Dimt1"	NA	chrNC_000079.7	+	107086062	107086293	107086062	107086124	107086199	107086293	613	26,7,16	48,54,45	16,15,22	62,60,58	175	100	0.747472662312	1.0	0.236,0.069,0.169	0.129,0.125,0.178	0.014
614	"Gm41349"	NA	chrNC_000081.7	+	75963182	75967681	75963182	75963895	75965921	75967681	614	120,76,157	9,27,44	219,137,87	114,26,49	2126	100	0.0283935065345	0.1903196546789498	0.385,0.117,0.144	0.083,0.199,0.077	0.096
615	"Gm41349"	NA	chrNC_000081.7	+	75963182	75967681	75963182	75963895	75967277	75967681	615	408,478,578	9,14,12	1282,456,560	32,17,11	3482	100	0.674569168506	1.0	0.566,0.495,0.58	0.535,0.435,0.594	0.026
617	"Gm52054"	NA	chrNC_000079.7	+	103914177	103915819	103914177	103914263	103914954	103915819	617	2,6,2	0,3,0	5,3,4	0,2,3	791	100	0.516068469381	0.9778139419850527	1.0,0.202,1.0	1.0,0.159,0.144	0.3
625	"Ankra2"	NA	chrNC_000079.7	+	98409279	98410426	98409279	98409360	98409885	98410426	625	529,443,481	165,240,238	404,561,486	301,231,282	625	100	0.0666984738739	0.32626245846103147	0.339,0.228,0.244	0.177,0.28,0.216	0.046
630	"Mtx3"	NA	chrNC_000079.7	+	92985425	92986031	92985425	92985583	92985837	92986031	630	55,64,41	5,7,2	109,76,96	4,6,3	354	100	0.146203290962	0.5136352458796579	0.757,0.721,0.853	0.885,0.782,0.9	-0.079
631	"Mtx3"	NA	chrNC_000079.7	+	92985425	92986031	92985425	92985583	92985932	92986031	631	87,83,47	0,4,1	129,98,108	6,3,2	449	100	0.225013658252	0.6489142763631036	1.0,0.822,0.913	0.827,0.879,0.923	0.035
632	"Mtx3"	NA	chrNC_000079.7	+	92985837	92986886	92985837	92986031	92986797	92986886	632	178,128,135	7,8,6	209,141,161	8,9,6	866	100	0.89084028905	1.0	0.746,0.649,0.722	0.751,0.644,0.756	-0.011
633	"Zcchc9"	NA	chrNC_000079.7	-	91946941	91947484	91946941	91947010	91947438	91947484	633	38,62,19	9,0,8	39,69,43	7,7,14	528	100	0.487983056335	0.9556831983480073	0.444,1.0,0.31	0.513,0.651,0.368	0.074
634	"Gm26803"	NA	chrNC_000079.7	-	83806510	83808299	83806510	83806636	83808244	83808299	634	10,6,8	5,8,4	7,8,22	15,3,2	1708	100	0.52581020837	0.9844616198548356	0.105,0.042,0.105	0.027,0.135,0.392	-0.101
635	"Gm26803"	NA	chrNC_000079.7	-	83806510	83810426	83806510	83808299	83809670	83810426	635	6,4,4	3,4,0	4,3,26	4,1,0	1471	100	0.479330397193	0.9456740102255986	0.12,0.064,1.0	0.064,0.169,1.0	-0.016
637	"Gm32067"	NA	chrNC_000079.7	+	78782155	78784293	78782155	78782231	78782871	78784293	637	6,2,6	0,0,0	11,4,0	1,1,0	740	100	1	1.0	1.0,1.0,1.0	0.598,0.351,NA	0.526
639	"Slc9a3"	NA	chrNC_000079.7	+	74313929	74317561	74313929	74314179	74314929	74317561	639	0,2,0	0,0,0	0,0,0	2,0,0	850	100	1	1.0	NA,1.0,NA	0.0,NA,NA	1.0
640	"Brd9"	NA	chrNC_000079.7	+	74086983	74088416	74086983	74087116	74088355	74088416	640	257,230,260	160,167,134	480,241,506	127,127,211	1339	100	0.00013737721159	0.006456215442988695	0.107,0.093,0.127	0.22,0.124,0.152	-0.056
641	"Brd9"	NA	chrNC_000079.7	+	74086983	74088909	74086983	74088416	74088764	74088909	641	86,71,89	70,98,111	137,110,134	91,78,105	448	100	0.00163006717018	0.0327623979617145	0.215,0.139,0.152	0.252,0.239,0.222	-0.069
642	"Tert"	NA	chrNC_000079.7	+	73775469	73776793	73775469	73775757	73776266	73776793	642	45,35,43	0,1,1	55,47,44	3,3,3	609	100	1	1.0	1.0,0.852,0.876	0.751,0.72,0.707	0.183
647	"Zfp729a"	NA	chrNC_000079.7	-	67760878	67769968	67760878	67765083	67766026	67769968	647	198,264,191	9,5,5	243,273,260	4,4,1	1043	100	0.0144632704966	0.12801193003068065	0.678,0.835,0.786	0.853,0.867,0.961	-0.127
648	"Zfp729a"	NA	chrNC_000079.7	-	67760878	67769968	67760878	67768432	67769776	67769968	648	425,391,335	0,1,1	444,377,400	1,2,0	1444	100	1	1.0	1.0,0.964,0.959	0.969,0.929,1.0	0.008
649	"Zfp874b"	NA	chrNC_000079.7	-	67619631	67623070	67619631	67622673	67622956	67623070	649	132,142,160	17,15,7	141,192,133	8,8,20	383	100	0.62244671185	1.0	0.67,0.712,0.856	0.821,0.862,0.635	-0.027
650	"Mfsd14b"	NA	chrNC_000079.7	-	65260317	65260736	65260317	65260472	65260569	65260736	650	190,134,251	0,0,1	190,96,271	0,0,0	197	100	1	1.0	1.0,1.0,0.992	1.0,1.0,1.0	-0.003
651	"Aopep"	NA	chrNC_000079.7	+	63446525	63450691	63446525	63446670	63449592	63450691	651	843,716,348	62,67,41	342,812,1460	38,52,41	3022	100	0.100590509304	0.40951968463788563	0.31,0.261,0.219	0.229,0.341,0.541	-0.107
652	"A530001N23Rik"	NA	chrNC_000079.7	-	60635013	60635259	60635013	60635113	60635210	60635259	652	0,2,0	0,0,0	0,1,0	1,0,1	197	100	1	1.0	NA,1.0,NA	0.0,1.0,0.0	0.667
655	"A530001N23Rik"	NA	chrNC_000079.7	-	60635013	60635919	60635013	60635441	60635846	60635919	655	0,0,2	0,0,0	0,0,2	1,0,0	505	100	1	1.0	NA,NA,1.0	0.0,NA,1.0	0.5
656	"Tut7"	NA	chrNC_000079.7	-	59926565	59927015	59926565	59926629	59926950	59927015	656	30,23,27	79,82,77	15,28,30	37,78,28	421	100	0.0572370781452	0.2991641082825788	0.083,0.062,0.077	0.088,0.079,0.203	-0.049
662	"Grk6"	NA	chrNC_000079.7	+	55607145	55608740	55607145	55607147	55607596	55608740	662	155,149,124	39,47,37	132,181,373	29,30,66	549	100	0.00572544287038	0.07279491649483143	0.42,0.366,0.379	0.453,0.524,0.507	-0.106
663	"Nsd1"	NA	chrNC_000079.7	+	55361016	55361963	55361016	55361130	55361873	55361963	663	171,199,171	63,81,48	125,210,199	78,77,145	843	100	0.00257021179985	0.0439680405136232	0.244,0.226,0.297	0.16,0.244,0.14	0.074
664	"Zftraf1"	NA	chrNC_000081.7	-	76533140	76541120	76533140	76533379	76540559	76541120	664	2159,1872,1865	393,375,372	2224,1991,2530	373,333,398	7280	100	0.0777739100588	0.34998259526459996	0.07,0.064,0.064	0.076,0.076,0.08	-0.011
666	"Uimc1"	NA	chrNC_000079.7	-	55223070	55223807	55223070	55223271	55223568	55223807	666	240,226,271	4,5,5	268,268,244	11,14,10	397	100	0.00347653215558	0.05279056410653232	0.938,0.919,0.932	0.86,0.828,0.86	0.08
668	"Zfp950"	NA	chrNC_000085.7	-	61103419	61106165	61103419	61105726	61106062	61106165	668	30,27,31	0,0,0	24,40,23	1,0,2	436	100	0.74820742665	1.0	1.0,1.0,1.0	0.846,1.0,0.725	0.143
669	"Zfp950"	NA	chrNC_000085.7	-	61106664	61108890	61106664	61106785	61108756	61108890	669	508,425,518	0,0,1	548,531,574	3,2,2	2071	100	0.00766521355329	0.0864765641716238	1.0,1.0,0.962	0.898,0.928,0.933	0.068
670	"Zfp950"	NA	chrNC_000085.7	-	61106664	61108890	61106664	61106788	61108756	61108890	670	508,423,518	2,2,2	548,531,574	1,1,0	2068	100	1	1.0	0.925,0.911,0.926	0.964,0.963,1.0	-0.055
671	"Fbxw17"	NA	chrNC_000079.7	+	50584203	50585786	50584203	50584623	50585575	50585786	671	214,131,194	15,17,6	168,135,136	8,8,6	1052	100	0.336196446466	0.8044611011777923	0.576,0.423,0.755	0.666,0.616,0.683	-0.07
672	"Fbxw17"	NA	chrNC_000079.7	+	50586206	50586591	50586206	50586297	50586436	50586591	672	140,163,188	4,6,9	140,163,119	4,4,3	239	100	0.228929696793	0.6534778149719039	0.936,0.919,0.897	0.936,0.945,0.943	-0.024
673	"Fbxw17"	NA	chrNC_000079.7	+	50586136	50586591	50586136	50586382	50586463	50586591	673	63,71,85	73,72,57	69,51,55	49,84,47	181	100	0.692731666421	1.0	0.323,0.353,0.452	0.438,0.251,0.393	0.015
674	"Fbxw17"	NA	chrNC_000079.7	+	50586206	50586591	50586206	50586297	50586463	50586591	674	146,172,203	1,3,3	146,164,123	4,2,3	266	100	0.364749311387	0.8254606480808705	0.982,0.956,0.962	0.932,0.969,0.939	0.02
675	"Mier3"	NA	chrNC_000079.7	+	111851217	111855130	111851217	111852114	111852264	111855130	675	188,165,217	7,6,8	159,143,124	7,6,0	250	100	0.520576551542	0.981711166062724	0.915,0.917,0.916	0.901,0.905,1.0	-0.019
679	"Gm31733"	NA	chrNC_000085.7	-	15637009	15638240	15637009	15637480	15638159	15638240	679	2,0,0	0,0,0	1,0,0	1,1,2	779	100	1	1.0	1.0,NA,NA	0.114,0.0,0.0	0.962
681	"Smug1"	NA	chrNC_000081.7	-	103071698	103073138	103071698	103071864	103072962	103073138	681	0,0,6	0,4,0	0,2,6	6,0,0	1198	100	1	1.0	NA,0.0,1.0	0.0,1.0,1.0	-0.167
686	"Brcc3"	NA	chrNC_000086.8	+	74493574	74497607	74493574	74493748	74494289	74497607	686	64,53,58	5,6,1	55,52,144	5,5,1	641	100	0.564413792283	1.0	0.666,0.579,0.9	0.632,0.619,0.957	-0.021
687	"Brcc3"	NA	chrNC_000086.8	+	74493574	74497607	74493574	74493751	74494289	74497607	687	62,49,52	23,34,14	48,42,137	12,18,40	638	100	0.218533044734	0.6417780708778515	0.297,0.184,0.368	0.385,0.268,0.349	-0.051
689	"Gm33195"	NA	chrNC_000079.7	+	44018150	44019252	44018150	44018374	44019050	44019252	689	10,7,19	2,0,0	11,6,14	0,1,0	776	100	0.626212299759	1.0	0.392,1.0,1.0	1.0,0.436,1.0	-0.015
691	"Gm33195"	NA	chrNC_000079.7	+	44018150	44019480	44018150	44018304	44019297	44019480	691	17,9,24	0,0,0	14,7,19	0,0,1	1093	100	1	1.0	1.0,1.0,1.0	1.0,1.0,0.635	0.122
692	"Gm33195"	NA	chrNC_000079.7	+	44018150	44019515	44018150	44018374	44019297	44019515	692	17,7,24	0,0,0	14,7,19	0,0,4	1023	100	0.0308433133708	0.20291986866538644	1.0,1.0,1.0	1.0,1.0,0.317	0.228
693	"Gm33195"	NA	chrNC_000079.7	+	44018150	44019480	44018150	44019252	44019353	44019480	693	11,0,6	0,2,0	3,3,4	4,0,9	201	100	0.0245214161429	0.17420535991541378	1.0,0.0,1.0	0.272,1.0,0.181	0.182
694	"Dach2"	NA	chrNC_000086.8	+	112207624	112208632	112207624	112207774	112208220	112208632	694	32,19,29	0,0,0	27,27,9	3,2,0	546	100	0.00331064106338	0.051339813428475004	1.0,1.0,1.0	0.622,0.712,1.0	0.222
695	"Recql4"	NA	chrNC_000081.7	-	76589390	76590056	76589390	76589643	76589793	76590056	695	3,11,8	0,4,7	1,0,17	6,4,4	250	100	0.065882666548	0.3238044644753668	1.0,0.524,0.314	0.062,0.0,0.63	0.382
701	"Snrnp48"	NA	chrNC_000079.7	+	38398580	38400489	38398580	38398588	38400300	38400489	701	248,218,226	7,2,7	263,269,311	3,4,19	1812	100	0.756231739238	1.0	0.662,0.857,0.641	0.829,0.788,0.475	0.023
703	"Gm38636"	NA	chrNC_000079.7	+	36904364	36906039	36904364	36904434	36905899	36906039	703	2,13,6	1,0,0	6,0,5	0,0,0	1565	100	1	1.0	0.113,1.0,1.0	1.0,NA,1.0	-0.296
705	"Zcchc12"	NA	chrNC_000086.8	+	35459552	35459811	35459552	35459665	35459756	35459811	705	52,81,69	27,40,25	87,72,82	32,30,33	191	100	0.466513956095	0.9316949960324187	0.502,0.515,0.591	0.587,0.557,0.565	-0.034
706	"Zcchc12"	NA	chrNC_000086.8	+	35459756	35460231	35459756	35459811	35460161	35460231	706	28,12,26	94,147,94	31,46,66	143,118,120	450	100	0.000397509859442	0.012129729425258742	0.062,0.018,0.058	0.046,0.08,0.109	-0.032
707	"Zcchc12"	NA	chrNC_000086.8	+	35459756	35460231	35459756	35459811	35460164	35460231	707	33,18,37	31,44,47	43,55,78	43,37,67	453	100	0.00979556832738	0.09963492355849371	0.19,0.083,0.148	0.181,0.247,0.204	-0.07
708	"Dok2"	NA	chrNC_000080.7	+	71009110	71010804	71009110	71009187	71009457	71010804	708	9,0,2	2,0,0	4,8,6	1,1,2	370	100	1	1.0	0.549,NA,1.0	0.519,0.684,0.448	0.224
712	"Gm46430"	NA	chrNC_000079.7	-	74758318	74759440	74758318	74758445	74759382	74759440	712	94,48,104	12,12,17	162,115,113	7,11,13	1037	100	0.0205421441763	0.15670721414491715	0.43,0.278,0.371	0.691,0.502,0.456	-0.19
713	"Gm46430"	NA	chrNC_000079.7	-	74765320	74765635	74765320	74765406	74765508	74765635	713	48,28,30	1,0,0	21,13,43	3,0,0	202	100	0.731901638161	1.0	0.96,1.0,1.0	0.776,1.0,1.0	0.061
716	"Amph"	NA	chrNC_000079.7	+	19323341	19323602	19323341	19323414	19323534	19323602	716	258,339,170	6,4,1	169,287,857	1,1,3	220	100	0.0419555156538	0.24801747630032325	0.951,0.975,0.987	0.987,0.992,0.992	-0.019
717	"Inhba"	NA	chrNC_000079.7	+	16186784	16189117	16186784	16186971	16189035	16189117	717	26,16,22	2,3,1	15,10,20	0,2,2	2164	100	0.913177461724	1.0	0.375,0.198,0.504	1.0,0.188,0.316	-0.142
718	"Ggps1"	NA	chrNC_000079.7	-	14224377	14226978	14224377	14226715	14226862	14226978	718	274,269,282	12,6,15	260,273,288	27,23,34	247	100	8.69612112808e-06	0.001071629695937243	0.902,0.948,0.884	0.796,0.828,0.774	0.112
719	"Ggps1"	NA	chrNC_000079.7	-	14233903	14235592	14233903	14234038	14235547	14235592	719	153,170,175	0,2,0	221,204,299	0,0,0	1609	100	1	1.0	1.0,0.841,1.0	1.0,1.0,1.0	-0.053
720	"Ggps1"	NA	chrNC_000079.7	-	14233903	14235592	14233903	14234042	14235547	14235592	720	153,165,173	0,1,0	217,199,296	0,0,0	1605	100	1	1.0	1.0,0.911,1.0	1.0,1.0,1.0	-0.03
721	"Ero1b"	NA	chrNC_000079.7	+	12621715	12624417	12621715	12621772	12624126	12624417	721	630,658,583	1,3,0	619,485,756	2,2,1	2454	100	0.559886405752	1.0	0.963,0.899,1.0	0.927,0.908,0.969	0.019
722	"Wdr37"	NA	chrNC_000079.7	-	8853029	8855982	8853029	8854314	8854393	8855982	722	188,142,111	9,14,8	156,177,218	3,10,10	179	100	0.0682493558967	0.3303186348837263	0.921,0.85,0.886	0.967,0.908,0.924	-0.047
723	"Wdr37"	NA	chrNC_000079.7	-	8921518	8921772	8921518	8921599	8921689	8921772	723	72,55,37	0,3,2	30,49,77	1,0,2	190	100	0.40908688186	0.869031516001343	1.0,0.906,0.907	0.94,1.0,0.953	-0.027
724	"Dnase1l2"	NA	chrNC_000083.7	-	24660831	24661126	24660831	24660944	24661025	24661126	724	4,0,3	9,20,20	7,5,0	21,6,20	181	100	0.197661844126	0.6071989919268495	0.197,0.0,0.077	0.156,0.315,0.0	-0.066
725	"Sp4"	NA	chrNC_000078.7	-	118262372	118263927	118262372	118263446	118263623	118263927	725	154,150,105	1,3,2	194,183,136	0,4,1	277	100	0.490807269661	0.9562375472551349	0.982,0.948,0.95	1.0,0.943,0.98	-0.014
726	"Ncapg2"	NA	chrNC_000078.7	+	116424183	116427152	116424183	116424259	116424336	116427152	726	26,27,34	0,0,0	38,33,37	0,2,2	177	100	0.781090311625	1.0	1.0,1.0,1.0	1.0,0.903,0.913	0.061
727	"Hmgb3"	NA	chrNC_000086.8	+	70601658	70602178	70601658	70601813	70602038	70602178	727	9,12,9	391,430,387	8,10,4	514,397,355	325	100	1	1.0	0.007,0.009,0.007	0.005,0.008,0.003	0.002
728	"Brf1"	NA	chrNC_000078.7	-	112919250	112923978	112919250	112919409	112922966	112923978	728	2945,2752,2487	20,10,14	2837,2983,2743	14,9,19	3657	100	0.70147848965	1.0	0.801,0.883,0.829	0.847,0.901,0.798	-0.011
729	"Brf1"	NA	chrNC_000078.7	-	112919250	112923978	112919250	112919409	112923481	112923978	729	3611,3286,2982	0,0,0	3375,3632,3391	0,0,1	4172	100	1	1.0	1.0,1.0,1.0	1.0,1.0,0.988	0.004
730	"Brf1"	NA	chrNC_000078.7	-	112950078	112951712	112950078	112950172	112950756	112951712	730	246,175,225	6,2,4	157,231,110	2,3,2	684	100	0.40611409602	0.8674597090987199	0.857,0.927,0.892	0.92,0.918,0.889	-0.017
731	"Inf2"	NA	chrNC_000078.7	+	112577843	112579038	112577843	112578470	112578978	112579038	731	482,269,256	23,25,26	488,586,496	8,36,17	608	100	0.00425967656199	0.05908226711954961	0.775,0.639,0.618	0.909,0.728,0.828	-0.144
732	"Inf2"	NA	chrNC_000078.7	+	112577843	112579038	112577843	112578470	112578981	112579038	732	488,270,263	270,132,196	495,597,505	147,273,143	611	100	1.42057322271e-05	0.0015694884846768414	0.228,0.251,0.18	0.355,0.264,0.366	-0.109
733	"Trmt61a"	NA	chrNC_000078.7	+	111644538	111645396	111644538	111644595	111645036	111645396	733	260,216,172	37,28,25	137,217,255	36,17,22	541	100	0.686067539695	1.0	0.565,0.588,0.56	0.413,0.702,0.682	-0.028
734	"Trmt61a"	NA	chrNC_000078.7	+	111644538	111645396	111644538	111644734	111645036	111645396	734	208,176,142	0,0,0	116,184,224	0,0,2	402	100	1	1.0	1.0,1.0,1.0	1.0,1.0,0.965	0.012
735	"Gm40578"	NA	chrNC_000078.7	-	111465898	111469143	111465898	111466043	111466417	111469143	735	72,58,66	36,72,43	119,85,99	84,44,57	474	100	0.242602546293	0.6705786042132518	0.297,0.145,0.245	0.23,0.29,0.268	-0.034
737	"Gm51959"	NA	chrNC_000078.7	+	110954351	110954745	110954351	110954405	110954525	110954745	737	0,0,4	0,0,0	2,0,2	0,0,2	220	100	1	1.0	NA,NA,1.0	1.0,NA,0.312	0.344
738	"Zfp839"	NA	chrNC_000078.7	+	110834583	110838346	110834583	110836577	110837654	110838346	738	31,13,25	0,3,0	32,30,38	0,1,0	1177	100	0.121869071423	0.4599157889744311	1.0,0.269,1.0	1.0,0.718,1.0	-0.15
739	"Mok"	NA	chrNC_000078.7	-	110774231	110774833	110774231	110774551	110774638	110774833	739	60,83,71	4,10,5	73,112,63	32,14,5	187	100	0.0422117589014	0.24907269893201767	0.889,0.816,0.884	0.55,0.811,0.871	0.119
740	"Mok"	NA	chrNC_000078.7	-	110774231	110774833	110774231	110774555	110774638	110774833	740	54,77,66	142,166,202	58,100,60	233,187,223	183	100	0.375177276222	0.8357705450090618	0.172,0.202,0.151	0.12,0.226,0.128	0.017
743	"Sfxn2"	NA	chrNC_000085.7	+	46583110	46585340	46583110	46583307	46585106	46585340	743	360,382,394	13,4,5	274,452,335	2,1,2	1899	100	0.000769313872457	0.01865818192298021	0.593,0.834,0.806	0.878,0.96,0.898	-0.168
744	"Dlk1"	NA	chrNC_000078.7	+	109425532	109429262	109425532	109425818	109425971	109429262	744	138,130,110	2,2,9	380,115,116	17,3,2	253	100	0.774127614925	1.0	0.965,0.963,0.829	0.898,0.938,0.958	-0.012
745	"Dlk1"	NA	chrNC_000078.7	+	109425532	109429262	109425532	109425818	109426037	109429262	745	165,161,140	2,0,1	493,131,141	8,3,6	319	100	0.00148092456623	0.03088331843823462	0.963,1.0,0.978	0.951,0.932,0.88	0.059
746	"Dlk1"	NA	chrNC_000078.7	+	109425532	109429262	109425532	109425758	109426043	109429262	746	198,215,182	4,2,3	635,168,182	12,2,1	385	100	0.722872212999	1.0	0.928,0.965,0.94	0.932,0.956,0.979	-0.011
747	"Dlk1"	NA	chrNC_000078.7	+	109425532	109429262	109425532	109425818	109426043	109429262	747	165,167,143	13,19,17	500,135,145	57,3,10	325	100	0.224282999418	0.6482564330313976	0.796,0.73,0.721	0.73,0.933,0.817	-0.078
749	"Wars1"	NA	chrNC_000078.7	-	108825959	108827352	108825959	108826259	108827113	108827352	749	3968,4425,4152	3,2,3	4226,4015,5093	0,0,4	954	100	1	1.0	0.993,0.996,0.993	1.0,1.0,0.993	-0.004
750	"Wars1"	NA	chrNC_000078.7	-	108825959	108827352	108825959	108826259	108827194	108827352	750	4272,4789,4495	27,24,25	4556,4331,5470	27,27,28	1035	100	0.911341124153	1.0	0.939,0.951,0.946	0.942,0.939,0.95	0.002
752	"Cyp46a1"	NA	chrNC_000078.7	+	108311832	108312434	108311832	108311906	108312347	108312434	752	348,266,222	240,226,201	301,313,522	359,208,430	541	100	0.465953320668	0.9316949960324187	0.211,0.179,0.17	0.134,0.218,0.183	0.008
754	"Ptgr3"	NA	chrNC_000084.7	+	84106249	84106905	84106249	84106498	84106752	84106905	754	87,76,68	0,2,0	69,65,67	1,0,0	354	100	1	1.0	1.0,0.915,1.0	0.951,1.0,1.0	-0.012
755	"Ptgr3"	NA	chrNC_000084.7	+	84112534	84115579	84112534	84113318	84114420	84115579	755	2470,2238,2182	9,1,2	2605,2247,1797	4,10,4	1202	100	0.204173373914	0.6212454796015726	0.958,0.995,0.989	0.982,0.949,0.974	0.012
757	"Ppp4r4"	NA	chrNC_000078.7	+	103579066	103580098	103579066	103579251	103579711	103580098	757	283,213,195	3,1,5	225,282,425	4,6,4	560	100	0.568278190948	1.0	0.944,0.974,0.874	0.909,0.894,0.95	0.013
758	"Taf2"	NA	chrNC_000081.7	-	54878524	54879997	54878524	54879549	54879768	54879997	758	227,279,307	44,49,69	278,295,315	85,52,57	319	100	0.621521506027	1.0	0.618,0.641,0.582	0.506,0.64,0.634	0.02
759	"D130020L05Rik"	NA	chrNC_000078.7	+	101048709	101050758	101048709	101050284	101050542	101050758	759	64,104,83	30,57,51	56,70,56	73,52,52	358	100	0.0010713305199	0.02434427649474893	0.373,0.338,0.313	0.176,0.273,0.231	0.115
761	"Efs"	NA	chrNC_000080.7	-	55158359	55158638	55158359	55158471	55158557	55158638	761	175,162,220	3,8,11	396,271,291	21,10,21	186	100	0.149291225321	0.519513105678645	0.969,0.916,0.915	0.91,0.936,0.882	0.024
762	"Galc"	NA	chrNC_000078.7	-	98223949	98225360	98223949	98224040	98224232	98225360	762	12,6,3	1,1,6	12,7,4	16,3,8	292	100	0.113764186066	0.44181872988541093	0.804,0.673,0.146	0.204,0.444,0.146	0.276
765	"Tmem63c"	NA	chrNC_000078.7	+	87099599	87103371	87099599	87099662	87101230	87103371	765	10,31,10	0,2,0	13,17,120	2,0,2	1668	100	0.077331821153	0.34998259526459996	1.0,0.482,1.0	0.28,1.0,0.782	0.14
766	"Tmem63c"	NA	chrNC_000078.7	+	87099599	87103371	87099599	87099662	87102218	87103371	766	36,63,35	0,2,0	22,23,248	0,0,1	2656	100	0.837627497072	1.0	1.0,0.543,1.0	1.0,1.0,0.903	-0.12
767	"Tmem63c"	NA	chrNC_000078.7	+	87099599	87103371	87099599	87099662	87103161	87103371	767	54,78,48	16,39,8	37,27,311	15,11,90	3599	100	0.676518939213	1.0	0.086,0.053,0.143	0.064,0.064,0.088	0.022
768	"Tmem63c"	NA	chrNC_000078.7	+	87102218	87103371	87102218	87102259	87103161	87103371	768	18,16,13	0,0,0	15,4,70	0,1,0	1002	100	1	1.0	1.0,1.0,1.0	1.0,0.285,1.0	0.238
769	"Cipc"	NA	chrNC_000078.7	+	87006501	87007215	87006501	87006602	87007045	87007215	769	25,33,63	7,13,14	41,32,60	4,13,20	543	100	0.804243696358	1.0	0.397,0.319,0.453	0.654,0.312,0.356	-0.051
771	"Prox2"	NA	chrNC_000078.7	-	85132583	85134328	85132583	85133420	85134125	85134328	771	89,114,92	12,9,5	185,62,145	11,0,1	805	100	0.0036314749838	0.05389270021488715	0.48,0.611,0.696	0.676,1.0,0.947	-0.279
772	"Bbof1"	NA	chrNC_000078.7	+	84475116	84476853	84475116	84475218	84476361	84476853	772	74,79,77	0,0,0	187,94,103	0,1,6	1243	100	0.000507439565347	0.014015830753205071	1.0,1.0,1.0	1.0,0.883,0.58	0.179
773	"Bbof1"	NA	chrNC_000078.7	+	84475116	84476853	84475116	84475218	84476778	84476853	773	96,107,110	13,24,20	251,126,156	78,28,42	1660	100	0.0395910150074	0.23801420769780002	0.308,0.212,0.249	0.162,0.213,0.183	0.07
774	"Bbof1"	NA	chrNC_000078.7	+	84476361	84476853	84476361	84476398	84476778	84476853	774	32,50,40	0,0,0	90,41,61	1,1,2	480	100	0.113189761729	0.4406561319316112	1.0,1.0,1.0	0.949,0.895,0.864	0.097
775	"Fam161b"	NA	chrNC_000078.7	-	84392087	84393709	84392087	84393183	84393560	84393709	775	153,159,224	181,217,263	231,186,149	359,206,225	477	100	0.331564625348	0.7965383398484707	0.151,0.133,0.152	0.119,0.159,0.122	0.012
776	"Sipa1l1"	NA	chrNC_000078.7	+	82216249	82216850	82216249	82216277	82216789	82216850	776	83,70,95	66,84,53	74,84,220	103,88,84	612	100	0.940964949538	1.0	0.17,0.12,0.227	0.105,0.135,0.3	-0.008
778	"Gm30706"	NA	chrNC_000078.7	-	81849508	81850657	81849508	81849716	81850518	81850657	778	0,4,2	1,0,0	2,2,2	0,0,0	902	100	1	1.0	0.0,1.0,1.0	1.0,1.0,1.0	-0.333
780	"Gm26777"	NA	chrNC_000078.7	-	80554642	80563335	80554642	80554727	80555082	80563335	780	0,0,0	2,0,1	8,1,4	1,0,0	455	100	1	1.0	0.0,NA,0.0	0.637,1.0,1.0	-0.879
781	"Gm26777"	NA	chrNC_000078.7	-	80554642	80563335	80554642	80557501	80558496	80563335	781	100,101,174	8,4,6	297,128,172	6,0,18	1095	100	0.320726062725	0.7838339473462242	0.533,0.698,0.726	0.819,1.0,0.466	-0.109
782	"Gm26777"	NA	chrNC_000078.7	-	80554642	80563335	80554642	80557501	80563246	80563335	782	478,678,686	4,4,3	1420,555,825	3,4,5	5845	100	0.548666915102	0.9971014761755899	0.672,0.744,0.796	0.89,0.704,0.738	-0.04
783	"Gm26777"	NA	chrNC_000078.7	-	80554642	80563335	80554642	80558653	80563246	80563335	783	374,570,505	0,2,3	1107,416,637	0,0,5	4693	100	0.292569484461	0.7448561073100858	1.0,0.859,0.782	1.0,1.0,0.731	-0.03
784	"Gm26777"	NA	chrNC_000078.7	-	80554642	80563335	80554642	80559004	80563246	80563335	784	319,515,457	0,1,1	1027,357,583	6,0,1	4342	100	0.0156197397486	0.1345313068669742	1.0,0.922,0.913	0.798,1.0,0.931	0.035
785	"Gm26777"	NA	chrNC_000078.7	-	80563983	80564950	80563983	80564141	80564842	80564950	785	132,89,91	8,2,2	185,72,127	15,9,12	801	100	0.0063095888717	0.07755935721034947	0.673,0.847,0.85	0.606,0.5,0.569	0.232
786	"Gm40443"	NA	chrNC_000078.7	-	76356614	76359607	76356614	76359283	76359462	76359607	786	2,3,5	0,0,2	4,9,2	0,0,0	279	100	0.73713757506	1.0	1.0,1.0,0.473	1.0,1.0,1.0	-0.176
787	"Snapc1"	NA	chrNC_000078.7	+	74029251	74035836	74029251	74029353	74029490	74035836	787	21,16,20	7,10,3	30,18,19	5,4,6	237	100	0.338766730368	0.8047236281900103	0.559,0.403,0.738	0.717,0.655,0.572	-0.081
788	"Snapc1"	NA	chrNC_000078.7	+	74029251	74035836	74029251	74029353	74030636	74035836	788	311,258,268	163,199,149	282,362,324	240,175,210	1383	100	0.624064568332	1.0	0.121,0.086,0.115	0.078,0.13,0.1	0.005
791	"Lrrc9"	NA	chrNC_000078.7	+	72557109	72561269	72557109	72557251	72561030	72561269	791	288,297,440	35,40,50	748,348,408	91,29,47	3879	100	0.444716732621	0.9069529772691068	0.175,0.161,0.185	0.175,0.236,0.183	-0.024
794	"Cimap1b"	NA	chrNC_000081.7	-	89261651	89262075	89261651	89261792	89261934	89262075	794	60,164,232	141,333,391	519,106,200	1041,219,416	242	100	0.659665101626	1.0	0.15,0.169,0.197	0.171,0.167,0.166	0.004
795	"Dmac2l"	NA	chrNC_000078.7	+	69771718	69772328	69771718	69771788	69772215	69772328	795	166,148,160	0,1,0	164,152,162	1,1,3	527	100	0.124577567085	0.4675108048508993	1.0,0.966,1.0	0.969,0.966,0.911	0.04
796	"Dmac2l"	NA	chrNC_000078.7	+	69771718	69772328	69771718	69771788	69772228	69772328	796	168,153,165	9,12,5	170,153,165	8,7,12	540	100	0.904059118523	1.0	0.776,0.702,0.859	0.797,0.802,0.718	0.007
797	"Zfyve21"	NA	chrNC_000078.7	+	111792009	111794119	111792009	111792066	111793976	111794119	797	230,149,216	27,11,37	186,253,139	9,18,21	2010	100	0.219699903354	0.6428479363892383	0.298,0.403,0.225	0.507,0.412,0.248	-0.08
798	"Zfyve21"	NA	chrNC_000078.7	+	111792009	111794119	111792009	111792066	111793979	111794119	798	237,156,222	9,8,4	190,257,141	4,9,8	2013	100	0.902800909494	1.0	0.567,0.492,0.734	0.702,0.587,0.467	0.012
802	"Ice1"	NA	chrNC_000079.7	-	70756894	70758739	70756894	70757295	70758652	70758739	802	129,191,40	79,64,79	59,90,490	76,87,82	1457	100	0.481386885202	0.9480023362451063	0.101,0.17,0.034	0.051,0.066,0.291	-0.034
806	"Prkar2b"	NA	chrNC_000078.7	-	32008469	32010521	32008469	32008720	32010380	32010521	806	1091,1580,782	1,2,0	955,1189,2855	1,1,2	1760	100	1	1.0	0.984,0.978,1.0	0.982,0.985,0.988	0.002
807	"Cbll1"	NA	chrNC_000078.7	-	31534827	31538313	31534827	31537460	31537925	31538313	807	732,809,719	0,2,2	769,754,921	3,0,2	565	100	1	1.0	1.0,0.986,0.985	0.978,1.0,0.988	0.002
808	"Gm21748"	NA	chrNC_000087.8	-	90850045	90851805	90850045	90850655	90850932	90851805	808	0,2,1	5,6,3	0,2,0	2,2,1	377	100	0.631150102569	1.0	0.0,0.081,0.081	0.0,0.21,0.0	-0.016
809	"Gm21748"	NA	chrNC_000087.8	-	90850045	90851805	90850045	90850655	90851645	90851805	809	4,11,5	11,5,3	2,10,1	5,8,6	1090	100	0.271699024046	0.7176617255097971	0.032,0.168,0.133	0.035,0.103,0.015	0.06
810	"Gm21748"	NA	chrNC_000087.8	-	90850045	90851805	90850045	90851255	90851645	90851805	810	0,3,1	2,1,1	0,6,0	0,0,0	490	100	1	1.0	0.0,0.38,0.169	NA,1.0,NA	-0.817
813	"Gm20208"	NA	chrNC_000078.7	-	29576956	29577822	29576956	29577133	29577470	29577822	813	3,4,0	9,2,2	2,4,16	2,8,9	437	100	0.0894893211142	0.3847329790639566	0.071,0.314,0.0	0.186,0.103,0.289	-0.064
816	"1600012H06Rik"	NA	chrNC_000083.7	+	15163445	15166201	15163445	15163581	15163763	15166201	816	198,161,147	17,15,21	134,155,186	25,7,14	282	100	0.68326484398	1.0	0.805,0.792,0.713	0.655,0.887,0.825	-0.019
817	"1600012H06Rik"	NA	chrNC_000083.7	+	15163445	15166201	15163445	15163581	15163828	15166201	817	258,234,184	104,95,79	181,213,261	91,90,79	347	100	0.850446505552	1.0	0.417,0.415,0.402	0.364,0.405,0.488	-0.008
818	"1600012H06Rik"	NA	chrNC_000083.7	+	15163445	15166201	15163445	15163581	15163833	15166201	818	262,237,187	6,20,3	185,214,264	8,11,15	352	100	0.409847667078	0.869031516001343	0.925,0.771,0.947	0.868,0.847,0.833	0.032
823	"Cys1"	NA	chrNC_000078.7	-	24716765	24717231	24716765	24716826	24717088	24717231	823	93,45,68	21,24,20	45,59,40	23,20,26	362	100	0.154172181912	0.5305775197057444	0.55,0.341,0.484	0.351,0.449,0.298	0.092
825	"Tctn3"	NA	chrNC_000085.7	-	40593998	40594777	40593998	40594241	40594669	40594777	825	214,168,116	83,124,112	151,254,264	188,118,112	528	100	0.858006071961	1.0	0.328,0.204,0.164	0.132,0.29,0.309	-0.012
827	"Trib2"	NA	chrNC_000078.7	-	15865231	15866858	15865231	15866599	15866783	15866858	827	87,73,68	12,2,3	66,55,100	6,1,11	284	100	0.806161526202	1.0	0.719,0.928,0.889	0.795,0.951,0.762	0.009
837	"Kcns3"	NA	chrNC_000078.7	-	11140737	11142756	11140737	11142441	11142687	11142756	837	110,110,90	3,3,1	70,75,124	1,0,0	346	100	0.0113912956543	0.11059912507993092	0.914,0.914,0.963	0.953,1.0,1.0	-0.054
839	"Armcx1"	NA	chrNC_000086.8	+	133619118	133619567	133619118	133619210	133619474	133619567	839	27,20,19	49,62,74	15,26,53	52,58,138	364	100	0.757377266494	1.0	0.131,0.081,0.066	0.073,0.11,0.095	0.0
840	"Ubxn2a"	NA	chrNC_000078.7	-	4926813	4930771	4926813	4927639	4927702	4930771	840	267,231,238	24,3,26	266,236,326	14,27,35	163	100	0.207591844877	0.6274757273451962	0.872,0.979,0.849	0.921,0.843,0.851	0.028
841	"Wdcp"	NA	chrNC_000078.7	+	4898862	4901942	4898862	4899190	4900126	4901942	841	12,13,1	1,0,0	12,5,9	2,0,0	1036	100	0.595274829374	1.0	0.537,1.0,1.0	0.367,1.0,1.0	0.057
842	"Pfn4"	NA	chrNC_000078.7	+	4819294	4820269	4819294	4819568	4819981	4820269	842	129,146,188	1,5,1	276,158,195	4,1,10	513	100	0.188692307075	0.5905517981937891	0.962,0.851,0.973	0.931,0.969,0.792	0.031
843	"Pfn4"	NA	chrNC_000078.7	+	4819294	4820269	4819294	4819885	4819981	4820269	843	42,59,70	3,10,1	87,56,81	5,8,8	196	100	0.596762850442	1.0	0.877,0.751,0.973	0.899,0.781,0.838	0.028
844	"Dtnb"	NA	chrNC_000078.7	+	3823550	3824610	3823550	3823640	3824569	3824610	844	168,175,132	31,33,18	207,110,416	39,27,26	1029	100	0.536809453836	0.9901770236560413	0.345,0.34,0.416	0.34,0.284,0.609	-0.044
845	"Hexd"	NA	chrNC_000077.7	+	121111689	121112416	121111689	121111987	121112326	121112416	845	122,148,106	7,13,8	102,119,182	2,0,8	439	100	0.00116558924052	0.025804401507049653	0.799,0.722,0.751	0.921,1.0,0.838	-0.162
847	"Cenpx"	NA	chrNC_000077.7	-	120602528	120602721	120602528	120602582	120602669	120602721	847	11,16,32	319,359,364	24,31,13	421,331,292	187	100	0.467839062656	0.9321305936129665	0.018,0.023,0.045	0.03,0.048,0.023	-0.005
848	"Cenpx"	NA	chrNC_000077.7	-	120602528	120602721	120602528	120602582	120602715	120602721	848	35,45,56	5,8,3	56,56,29	7,3,4	233	100	0.672157187293	1.0	0.75,0.707,0.889	0.774,0.889,0.757	-0.025
850	"Pcyt2"	NA	chrNC_000077.7	-	120502826	120503427	120502826	120502909	120503288	120503427	850	696,541,678	127,150,118	687,823,815	123,164,232	479	100	0.719331663461	1.0	0.534,0.43,0.545	0.538,0.512,0.423	0.012
852	"Gm38486"	NA	chrNC_000085.7	-	21555123	21567990	21555123	21558994	21567942	21567990	852	34,22,26	1,3,3	36,16,41	0,0,0	9048	100	1.7763568394e-15	5.6914473134376e-12	0.273,0.075,0.087	1.0,1.0,1.0	-0.855
854	"Bahcc1"	NA	chrNC_000077.7	+	120180133	120181012	120180133	120180370	120180502	120181012	854	2,0,0	48,30,28	0,0,0	24,35,31	232	100	1	1.0	0.018,0.0,0.0	0.0,0.0,0.0	0.006
855	"Bahcc1"	NA	chrNC_000077.7	+	120180133	120183108	120180133	120181012	120181253	120183108	855	81,84,53	0,4,8	52,62,97	0,3,0	341	100	0.00229671411164	0.04134085400952	1.0,0.86,0.66	1.0,0.858,1.0	-0.113
856	"Aatk"	NA	chrNC_000077.7	-	119898136	119900301	119898136	119899270	119900100	119900301	856	254,235,159	91,151,67	164,251,576	107,129,351	930	100	0.0756208300173	0.3497106258035688	0.231,0.143,0.203	0.141,0.173,0.15	0.038
857	"Aatk"	NA	chrNC_000077.7	-	119900659	119903252	119900659	119901357	119901667	119903252	857	468,536,231	6,9,2	430,381,1335	5,3,5	410	100	0.0379760008752	0.23132149582536274	0.95,0.936,0.966	0.954,0.969,0.985	-0.019
862	"Cant1"	NA	chrNC_000077.7	-	118308399	118309971	118308399	118308605	118309755	118309971	862	1323,1165,1192	5,12,10	1061,1250,1221	11,4,10	1250	100	0.89361849367	1.0	0.955,0.886,0.905	0.885,0.962,0.907	-0.003
863	"Cant1"	NA	chrNC_000077.7	-	118308399	118309971	118308399	118308632	118309755	118309971	863	1280,1110,1147	21,5,17	1026,1202,1174	11,14,20	1223	100	0.705276169145	1.0	0.833,0.948,0.847	0.884,0.875,0.828	0.014
864	"Cant1"	NA	chrNC_000077.7	-	118308399	118309971	118308399	118308480	118309797	118309971	864	1527,1387,1387	24,24,22	1278,1485,1462	31,17,13	1417	100	0.553296904491	0.9976917751989083	0.818,0.803,0.816	0.744,0.86,0.888	-0.018
865	"Cant1"	NA	chrNC_000077.7	-	118308399	118309971	118308399	118308605	118309797	118309971	865	1324,1166,1192	2,6,2	1066,1250,1221	3,6,2	1292	100	0.749595120329	1.0	0.981,0.938,0.979	0.965,0.942,0.979	0.004
866	"Cant1"	NA	chrNC_000077.7	-	118308399	118309971	118308399	118308632	118309797	118309971	866	1281,1111,1147	3,8,3	1031,1202,1174	1,6,6	1265	100	0.802717980923	1.0	0.971,0.917,0.968	0.988,0.941,0.939	-0.004
867	"Birc5"	NA	chrNC_000077.7	+	117743488	117746569	117743488	117743606	117746050	117746569	867	64,37,41	27,22,25	43,45,35	26,11,5	2544	100	0.0918390035133	0.3897309384870563	0.085,0.062,0.061	0.061,0.139,0.216	-0.069
868	"Afmid"	NA	chrNC_000077.7	+	117720196	117723275	117720196	117722559	117723170	117723275	868	12,7,20	0,0,0	28,31,12	2,0,0	711	100	1	1.0	1.0,1.0,1.0	0.663,1.0,1.0	0.112
871	"Sec14l1"	NA	chrNC_000077.7	+	117047626	117050094	117047626	117047728	117048084	117050094	871	2569,2643,2804	7,12,6	2693,2263,2576	16,6,1	456	100	1	1.0	0.988,0.98,0.99	0.974,0.988,0.998	-0.001
872	"Sec14l1"	NA	chrNC_000077.7	+	117047626	117050094	117047626	117047728	117049579	117050094	872	9329,10353,11307	46,61,51	10765,9340,10098	73,48,121	1951	100	0.00212731725798	0.03917197985383862	0.912,0.897,0.919	0.883,0.909,0.811	0.042
873	"Mfsd11"	NA	chrNC_000077.7	+	116744589	116744999	116744589	116744729	116744825	116744999	873	220,190,227	58,56,57	137,229,194	93,62,87	196	100	0.0207428506452	0.15711606020619576	0.659,0.634,0.67	0.429,0.653,0.532	0.116
874	"Srsf2"	NA	chrNC_000077.7	-	116740729	116741787	116740729	116741179	116741681	116741787	874	4295,4395,4228	189,193,197	3657,4477,3639	212,201,219	602	100	0.066616487753	0.32626245846103147	0.791,0.791,0.781	0.741,0.787,0.734	0.034
875	"Srsf2"	NA	chrNC_000077.7	-	116740729	116742577	116740729	116741787	116742473	116742577	875	1311,1088,1254	51,34,41	1508,1361,1642	60,28,58	786	100	0.647570656803	1.0	0.766,0.803,0.796	0.762,0.861,0.783	-0.014
876	"Srsf2"	NA	chrNC_000077.7	-	116740729	116743157	116740729	116742577	116742846	116743157	876	679,530,667	18,20,38	784,809,875	30,26,33	369	100	0.565065704143	1.0	0.911,0.878,0.826	0.876,0.894,0.878	-0.011
877	"Jmjd6"	NA	chrNC_000077.7	-	116729815	116730757	116729815	116729954	116730468	116730757	877	116,93,125	4,3,7	276,147,102	8,4,5	614	100	0.576950079716	1.0	0.825,0.835,0.744	0.849,0.857,0.769	-0.024
878	"Jmjd6"	NA	chrNC_000077.7	-	116729815	116730757	116729815	116729954	116730663	116730757	878	156,117,158	27,25,55	390,190,133	67,32,37	809	100	0.317829323764	0.780502882489415	0.417,0.366,0.262	0.418,0.423,0.308	-0.035
882	"Eapp"	NA	chrNC_000078.7	-	54717124	54720635	54717124	54717855	54720355	54720635	882	2723,2808,2861	13,5,1	3187,2921,2915	10,6,6	2600	100	0.930597632216	1.0	0.89,0.956,0.991	0.925,0.949,0.949	0.005
883	"Nup85"	NA	chrNC_000077.7	+	115471746	115472685	115471746	115471898	115472567	115472685	883	141,121,152	161,142,157	177,160,200	136,141,153	769	100	0.00829008535	0.09034501177346939	0.102,0.1,0.112	0.145,0.129,0.145	-0.035
884	"Gm32013"	NA	chrNC_000077.7	-	115285445	115290170	115285445	115289296	115289743	115290170	884	8,5,0	2,0,0	4,2,0	0,0,0	547	100	1	1.0	0.422,1.0,NA	1.0,1.0,NA	-0.289
885	"Gm32013"	NA	chrNC_000077.7	-	115285445	115290170	115285445	115289296	115290032	115290170	885	12,5,0	0,0,8	10,7,10	0,0,0	836	100	0.0014278963488	0.030499866010368002	1.0,1.0,0.0	1.0,1.0,1.0	-0.333
886	"Gm32013"	NA	chrNC_000077.7	-	115285445	115290170	115285445	115289899	115290032	115290170	886	2,0,0	1,0,0	4,0,10	2,3,0	233	100	1	1.0	0.462,NA,NA	0.462,0.0,1.0	-0.025
887	"Gm32013"	NA	chrNC_000077.7	-	115291390	115292079	115291390	115291574	115291783	115292079	887	0,1,4	2,0,0	6,0,0	1,0,0	309	100	1	1.0	0.0,1.0,1.0	0.66,NA,NA	0.007
888	"Hid1"	NA	chrNC_000077.7	-	115250520	115251318	115250520	115250634	115251147	115251318	888	74,109,51	63,74,53	72,110,255	63,80,116	613	100	0.0969680011758	0.4003678811433804	0.161,0.194,0.136	0.157,0.183,0.264	-0.038
889	"Hid1"	NA	chrNC_000077.7	-	115250520	115251318	115250520	115250637	115251147	115251318	889	74,109,51	27,33,46	72,108,254	21,22,35	610	100	0.00101308299791	0.023185128037883144	0.31,0.351,0.154	0.36,0.446,0.543	-0.178
890	"Grin2c"	NA	chrNC_000077.7	-	115151559	115157417	115151559	115151973	115157245	115157417	890	10,4,3	0,0,0	8,10,4	2,1,0	5372	100	1.17165902516e-05	0.0013903687098565333	1.0,1.0,1.0	0.069,0.157,1.0	0.591
892	"Rpl38"	NA	chrNC_000077.7	+	114559405	114559640	114559405	114559435	114559606	114559640	892	54,72,47	1037,1264,1199	36,44,91	1215,1170,1150	271	100	0.852049930663	1.0	0.019,0.021,0.014	0.011,0.014,0.028	0.0
893	"Rpl38"	NA	chrNC_000077.7	+	114559405	114559640	114559405	114559452	114559606	114559640	893	54,72,47	410,449,359	36,44,91	539,429,493	254	100	0.157412811647	0.5359730589978619	0.049,0.059,0.049	0.026,0.039,0.068	0.008
894	"Rpl38"	NA	chrNC_000077.7	+	114559405	114559640	114559405	114559511	114559606	114559640	894	54,71,47	90,109,88	34,44,91	117,116,118	195	100	0.16083354363	0.5409224235510347	0.235,0.25,0.215	0.13,0.163,0.283	0.041
895	"Cog1"	NA	chrNC_000077.7	+	113552484	113553227	113552484	113552519	113553032	113553227	895	1130,909,985	63,52,62	956,1246,1051	44,46,36	613	100	0.0039370065808	0.05656578064970045	0.745,0.74,0.722	0.78,0.815,0.826	-0.071
897	"Anks3"	NA	chrNC_000082.7	-	4759295	4759846	4759295	4759661	4759762	4759846	897	40,55,45	184,134,193	39,81,45	127,148,86	201	100	0.00202869104206	0.037985646068600235	0.098,0.17,0.104	0.133,0.214,0.207	-0.061
898	"Anks3"	NA	chrNC_000082.7	-	4761422	4764043	4761422	4761564	4763918	4764043	898	346,398,313	266,210,232	376,319,634	262,223,181	2454	100	0.0152622761947	0.1325212274466634	0.05,0.072,0.052	0.055,0.055,0.125	-0.02
901	"1810010H24Rik"	NA	chrNC_000077.7	+	106919188	106921269	106919188	106919383	106920410	106921269	901	133,183,218	55,92,54	257,126,234	122,49,95	1127	100	0.407082227869	0.8683698123117684	0.177,0.15,0.264	0.157,0.186,0.179	0.023
902	"1810010H24Rik"	NA	chrNC_000077.7	+	106919188	106921269	106919188	106919536	106920410	106921269	902	124,150,189	1,2,2	210,108,200	3,2,0	974	100	0.578309529606	1.0	0.927,0.885,0.907	0.878,0.847,1.0	-0.002
904	"Ace"	NA	chrNC_000077.7	+	105879254	105880790	105879254	105879442	105879627	105880790	904	585,270,244	602,267,298	370,247,122	452,280,120	285	100	0.602110653419	1.0	0.254,0.262,0.223	0.223,0.236,0.263	0.006
905	"Mapt"	NA	chrNC_000077.7	+	104218797	104222916	104218797	104219005	104219927	104222916	905	2151,2711,1062	11,16,10	1400,2059,6432	8,8,43	1022	100	0.928834847381	1.0	0.95,0.943,0.912	0.945,0.962,0.936	-0.013
906	"Dcakd"	NA	chrNC_000077.7	-	102916051	102916283	102916051	102916176	102916252	102916283	906	51,42,53	10,20,16	65,70,45	28,23,21	176	100	0.342393731392	0.8066393495440941	0.743,0.544,0.653	0.569,0.634,0.549	0.063
907	"Gm34620"	NA	chrNC_000077.7	+	102882370	102883441	102882370	102882590	102883140	102883441	907	72,60,61	0,2,0	75,134,146	0,1,3	650	100	0.802961512315	1.0	1.0,0.822,1.0	1.0,0.954,0.882	-0.005
908	"Gm34620"	NA	chrNC_000077.7	+	102882370	102883441	102882370	102882590	102883304	102883441	908	104,81,87	3,2,3	111,227,209	6,3,11	814	100	0.539258720684	0.9917869760405783	0.81,0.833,0.781	0.694,0.903,0.7	0.042
909	"Gpatch8"	NA	chrNC_000077.7	-	102398969	102401087	102398969	102399037	102401042	102401087	909	82,39,50	17,11,14	109,74,123	10,22,29	2105	100	0.365318966439	0.8254606480808705	0.186,0.144,0.145	0.341,0.138,0.168	-0.057
910	"Tmub2"	NA	chrNC_000077.7	+	102175776	102176544	102175776	102175914	102176489	102176544	910	477,418,475	210,179,225	573,536,642	256,224,261	675	100	0.59451261452	1.0	0.252,0.257,0.238	0.249,0.262,0.267	-0.01
912	"Gm39392"	NA	chrNC_000077.7	+	101679078	101679978	101679078	101679135	101679600	101679978	912	3,0,6	0,0,1	12,7,4	0,0,0	565	100	1	1.0	1.0,NA,0.515	1.0,1.0,1.0	-0.242
913	"Nbr1"	NA	chrNC_000077.7	+	101465824	101466242	101465824	101465941	101466049	101466242	913	1426,1610,1679	32,43,34	1649,1616,1571	67,44,46	208	100	0.0230178183994	0.16837691815451508	0.955,0.947,0.96	0.922,0.946,0.943	0.017
914	"Brca1"	NA	chrNC_000077.7	-	101414150	101417465	101414150	101415236	101415371	101417465	914	11,7,16	4,0,0	11,17,13	0,0,0	235	100	0.158085544805	0.5363238036588215	0.539,1.0,1.0	1.0,1.0,1.0	-0.154
915	"Aoc2"	NA	chrNC_000077.7	+	101218783	101219455	101218783	101218893	101219169	101219455	915	15,29,31	2,0,0	40,17,48	1,3,0	376	100	0.227995953385	0.6522312809335179	0.666,1.0,1.0	0.914,0.601,1.0	0.05
916	"Wnk4"	NA	chrNC_000077.7	+	101167653	101168235	101167653	101167709	101167858	101168235	916	24,19,8	0,0,1	15,21,15	0,0,0	249	100	1	1.0	1.0,1.0,0.763	1.0,1.0,1.0	-0.079
917	"Wnk4"	NA	chrNC_000077.7	+	101167653	101168235	101167653	101167751	101167858	101168235	917	15,15,5	1,2,6	12,16,14	10,3,2	207	100	0.664816566348	1.0	0.879,0.784,0.287	0.367,0.72,0.772	0.03
921	"Nt5c3b"	NA	chrNC_000077.7	-	100331654	100331890	100331654	100331753	100331869	100331890	921	14,5,11	52,60,49	6,10,8	55,69,68	216	100	0.183895217242	0.5841022156895381	0.111,0.037,0.094	0.048,0.063,0.052	0.026
923	"Gm31862"	NA	chrNC_000077.7	+	98668543	98671975	98668543	98668618	98668771	98671975	923	3,1,0	0,0,0	2,2,0	2,0,0	253	100	1	1.0	1.0,1.0,NA	0.283,1.0,NA	0.359
935	"Med1"	NA	chrNC_000077.7	-	98042979	98048960	98042979	98045732	98046002	98048960	935	108,90,93	4,3,3	140,131,124	2,1,12	370	100	0.66544642409	1.0	0.879,0.89,0.893	0.95,0.973,0.736	0.001
937	"Med1"	NA	chrNC_000077.7	-	98042979	98049295	98042979	98043789	98049154	98049295	937	4127,3927,3921	5,7,6	4220,3979,4448	13,9,14	5465	100	0.0200617828309	0.15451430814952788	0.938,0.911,0.923	0.856,0.89,0.853	0.058
938	"Med1"	NA	chrNC_000077.7	-	98042979	98049295	98042979	98043951	98049154	98049295	938	3866,3697,3678	12,17,27	3982,3742,4123	30,14,27	5303	100	0.405189658792	0.8666406320224084	0.859,0.804,0.72	0.715,0.834,0.742	0.031
939	"Med1"	NA	chrNC_000077.7	-	98042979	98049295	98042979	98045075	98049154	98049295	939	3004,2808,2671	1,7,1	3020,2843,3193	3,0,0	4179	100	0.0338202968258	0.21706754407332482	0.986,0.906,0.985	0.96,1.0,1.0	-0.028
940	"Med1"	NA	chrNC_000077.7	-	98042979	98049295	98042979	98045732	98049154	98049295	940	2547,2400,2229	10,11,10	2579,2389,2792	4,11,6	3522	100	0.0959380846901	0.3978975222315617	0.879,0.861,0.864	0.948,0.86,0.93	-0.045
941	"Med1"	NA	chrNC_000077.7	-	98042979	98049295	98042979	98048960	98049154	98049295	941	203,197,195	7,8,12	209,176,242	15,3,15	294	100	0.636890027608	1.0	0.908,0.893,0.847	0.826,0.952,0.846	0.008
942	"Pcgf2"	NA	chrNC_000077.7	-	97590031	97590474	97590031	97590126	97590361	97590474	942	94,101,64	0,2,2	70,72,136	2,5,3	335	100	0.0491294114385	0.2713976452568172	1.0,0.938,0.905	0.913,0.811,0.931	0.063
943	"Arhgap23"	NA	chrNC_000077.7	+	97354209	97354527	97354209	97354336	97354458	97354527	943	113,122,153	3,0,3	92,157,214	6,7,5	222	100	0.0129283140263	0.11891526901169056	0.944,1.0,0.958	0.874,0.91,0.951	0.056
947	"Cbx1"	NA	chrNC_000077.7	+	96697441	96698975	96697441	96697590	96698628	96698975	947	1920,2017,2004	39,60,76	2288,2144,1869	45,31,39	1138	100	0.00293260119932	0.04745457026609788	0.812,0.747,0.699	0.817,0.859,0.808	-0.075
948	"Cbx1"	NA	chrNC_000077.7	+	96697441	96698975	96697441	96697620	96698628	96698975	948	1831,1925,1941	9,11,12	2188,2076,1804	4,24,4	1108	100	0.772094055589	1.0	0.948,0.94,0.936	0.98,0.886,0.976	-0.006
956	"Snf8"	NA	chrNC_000077.7	+	95937105	95938256	95937105	95937180	95938020	95938256	956	197,168,155	369,467,413	262,213,265	441,483,492	940	100	0.0364126614033	0.2263373036438372	0.054,0.037,0.038	0.059,0.045,0.054	-0.01
958	"Spop"	NA	chrNC_000077.7	+	95304908	95305230	95304908	95304957	95305157	95305230	958	1990,1631,1818	44,52,38	1450,2201,1485	69,52,51	300	100	0.0249111108526	0.17541802015764923	0.938,0.913,0.941	0.875,0.934,0.907	0.025
960	"Gm11513"	NA	chrNC_000077.7	+	94928460	94929109	94928460	94928532	94928696	94929109	960	0,0,0	0,2,0	1,2,4	0,0,7	264	100	1	1.0	NA,0.0,NA	1.0,1.0,0.178	-0.726
961	"Xylt2"	NA	chrNC_000077.7	-	94557023	94557504	94557023	94557182	94557357	94557504	961	144,126,139	1,0,0	138,153,159	0,0,0	275	100	1	1.0	0.981,1.0,1.0	1.0,1.0,1.0	-0.006
962	"Mycbpap"	NA	chrNC_000077.7	-	94403053	94403603	94403053	94403169	94403416	94403603	962	22,34,55	22,47,67	90,43,44	99,22,78	347	100	0.521772516425	0.9822013051207394	0.224,0.173,0.191	0.208,0.36,0.14	-0.04
963	"Luc7l3"	NA	chrNC_000077.7	-	94181898	94183858	94181898	94182404	94183752	94183858	963	3655,2863,3442	80,88,98	4692,3803,4987	93,66,85	1448	100	0.00116780219055	0.025804401507049653	0.759,0.692,0.708	0.777,0.799,0.802	-0.073
964	"Luc7l3"	NA	chrNC_000077.7	-	94181898	94184104	94181898	94182404	94183910	94184104	964	3872,3055,3639	284,312,349	4977,4047,5251	268,335,316	1606	100	0.00433961273869	0.05967433139383159	0.459,0.379,0.394	0.536,0.429,0.509	-0.081
965	"Luc7l3"	NA	chrNC_000077.7	-	94181898	94184104	94181898	94183858	94183963	94184104	965	381,373,364	221,291,227	475,467,422	266,233,396	205	100	0.869406504746	1.0	0.457,0.385,0.439	0.466,0.494,0.342	-0.007
967	"Akap1"	NA	chrNC_000077.7	-	88734415	88734650	88734415	88734522	88734637	88734650	967	19,16,22	2,0,0	31,23,49	0,0,0	215	100	1	1.0	0.815,1.0,1.0	1.0,1.0,1.0	-0.062
968	"Gm38534"	NA	chrNC_000077.7	+	88146524	88147789	88146524	88146738	88147721	88147789	968	12,8,6	0,0,0	4,16,10	0,1,0	1083	100	1	1.0	1.0,1.0,1.0	1.0,0.596,1.0	0.135
970	"Srsf1"	NA	chrNC_000077.7	+	87939868	87944583	87939868	87940041	87940237	87944583	970	486,403,544	723,679,760	930,455,611	543,729,544	296	100	0.00310544809516	0.049256711370755636	0.185,0.167,0.195	0.367,0.174,0.275	-0.09
971	"Srsf1"	NA	chrNC_000077.7	+	87940237	87944583	87940237	87940921	87941802	87944583	971	5210,4973,5333	229,164,219	4142,5281,3682	329,200,244	981	100	0.00816817448658	0.09034501177346939	0.699,0.756,0.713	0.562,0.729,0.606	0.09
972	"Gm33937"	NA	chrNC_000077.7	+	87193170	87249696	87193170	87248719	87248851	87249696	972	8,1,2	1,1,0	0,2,12	0,0,0	232	100	1	1.0	0.775,0.301,1.0	NA,1.0,1.0	-0.308
973	"Gm33937"	NA	chrNC_000077.7	+	87250989	87252570	87250989	87251094	87251459	87252570	973	35,40,22	0,0,0	29,28,67	0,0,2	465	100	1	1.0	1.0,1.0,1.0	1.0,1.0,0.878	0.041
976	"Telo2"	NA	chrNC_000083.7	-	25320272	25320678	25320272	25320388	25320613	25320678	976	21,18,11	76,61,60	20,8,16	72,81,95	325	100	0.143214944863	0.5081513658261927	0.078,0.083,0.053	0.079,0.029,0.049	0.019
977	"Telo2"	NA	chrNC_000083.7	-	25320613	25321084	25320613	25320678	25320984	25321084	977	84,21,26	55,56,51	73,24,62	43,45,79	406	100	0.328001628661	0.792546921741964	0.273,0.085,0.112	0.295,0.116,0.162	-0.034
978	"Bcas3"	NA	chrNC_000077.7	+	85520694	85523436	85520694	85520819	85522172	85523436	978	0,0,0	1,0,0	0,2,0	0,0,0	1453	100	1	1.0	0.0,NA,NA	NA,1.0,NA	-1.0
979	"Myo19"	NA	chrNC_000077.7	+	84798335	84799131	84798335	84798461	84799045	84799131	979	23,11,10	30,25,22	20,9,32	28,14,23	684	100	0.0663938748305	0.32576718982683306	0.101,0.06,0.062	0.095,0.086,0.169	-0.042
980	"Myo19"	NA	chrNC_000077.7	+	84800079	84801955	84800079	84800379	84801218	84801955	980	74,63,43	26,31,27	64,75,126	25,34,21	939	100	0.0971664939824	0.40067110259924016	0.233,0.178,0.145	0.214,0.19,0.39	-0.079
981	"Dhrs11"	NA	chrNC_000077.7	-	84712490	84713266	84712490	84712583	84713136	84713266	981	183,182,157	107,122,111	188,171,151	164,101,104	653	100	0.456406985541	0.9226044048412392	0.208,0.186,0.178	0.149,0.206,0.182	0.012
982	"Dhrs11"	NA	chrNC_000077.7	-	84712490	84713266	84712490	84712624	84713136	84713266	982	162,167,146	0,0,0	175,154,135	1,0,2	612	100	0.425453896077	0.8812905057501397	1.0,1.0,1.0	0.966,1.0,0.917	0.039
983	"Emd"	NA	chrNC_000086.8	+	73298813	73299136	73298813	73298921	73299058	73299136	983	8,34,3	559,696,546	1,5,36	774,556,569	237	100	0.911583330273	1.0	0.006,0.02,0.002	0.001,0.004,0.026	-0.001
984	"Emd"	NA	chrNC_000086.8	+	73299058	73299482	73299058	73299136	73299348	73299482	984	94,238,35	619,765,597	36,57,203	911,602,617	312	100	0.034706707541	0.22036446976430277	0.046,0.091,0.018	0.013,0.029,0.095	0.006
985	"Emd"	NA	chrNC_000086.8	+	73300483	73301353	73300483	73300530	73300612	73301353	985	62,170,32	775,851,664	23,61,153	991,680,728	182	100	0.306498400938	0.7642185810158382	0.042,0.099,0.026	0.013,0.047,0.104	0.001
986	"Emd"	NA	chrNC_000086.8	+	73300483	73301353	73300483	73300733	73300973	73301353	986	1531,1742,1287	13,13,7	1891,1402,1505	4,4,9	340	100	0.013480080731	0.12269937119921591	0.972,0.975,0.982	0.993,0.99,0.98	-0.011
987	"Heatr6"	NA	chrNC_000077.7	+	83655711	83656986	83655711	83655849	83656678	83656986	987	17,12,14	81,65,75	17,12,20	105,89,71	929	100	0.880839452851	1.0	0.022,0.019,0.02	0.017,0.014,0.029	0.0
988	"Gm32650"	NA	chrNC_000077.7	+	83423390	83424150	83423390	83423506	83424086	83424150	988	1,0,0	0,0,1	0,0,0	4,1,0	680	100	1	1.0	1.0,NA,0.0	0.0,0.0,NA	0.5
989	"Gm32650"	NA	chrNC_000077.7	+	83423390	83424150	83423390	83423509	83424086	83424150	989	1,0,0	0,0,0	0,0,0	0,0,1	677	100	1	1.0	1.0,NA,NA	NA,NA,0.0	1.0
990	"Nle1"	NA	chrNC_000077.7	-	82795065	82795810	82795065	82795201	82795617	82795810	990	58,46,63	40,48,59	47,45,86	40,35,51	516	100	0.252172525442	0.6829761382216128	0.219,0.157,0.171	0.185,0.199,0.246	-0.028
1000	"Gm11419"	NA	chrNC_000077.7	+	81859618	81866977	81859618	81862624	81866856	81866977	1000	0,3,2	0,0,0	8,2,16	1,0,0	4332	100	1	1.0	NA,1.0,1.0	0.156,1.0,1.0	0.281
1002	"Neto1"	NA	chrNC_000084.7	+	86411109	86414035	86411109	86412519	86412730	86414035	1002	8,8,0	1,0,0	2,13,15	0,0,3	311	100	1	1.0	0.72,1.0,NA	1.0,1.0,0.617	-0.012
1003	"Neto1"	NA	chrNC_000084.7	+	86411109	86414035	86411109	86413201	86413335	86414035	1003	57,56,29	5,2,0	24,39,129	1,4,3	234	100	0.791522262958	1.0	0.83,0.923,1.0	0.911,0.806,0.948	0.029
1007	"Crlf3"	NA	chrNC_000077.7	-	79939417	79946034	79939417	79939530	79945956	79946034	1007	573,330,433	1,0,0	612,498,606	0,0,0	6526	100	1	1.0	0.898,1.0,1.0	1.0,1.0,1.0	-0.034
1008	"Sdf2"	NA	chrNC_000077.7	+	78145676	78146310	78145676	78145701	78145815	78146310	1008	2154,2068,2434	10,15,21	2131,2258,1880	26,8,3	214	100	0.489549725973	0.9558400478932765	0.99,0.985,0.982	0.975,0.992,0.997	-0.002
1009	"Sdf2"	NA	chrNC_000077.7	+	78145676	78146310	78145676	78145737	78145815	78146310	1009	1700,1655,1935	95,89,112	1694,1760,1480	95,108,73	178	100	0.984621876972	1.0	0.91,0.913,0.907	0.909,0.902,0.919	0.0
1010	"Ankrd13b"	NA	chrNC_000077.7	-	77361310	77363005	77361310	77362649	77362839	77363005	1010	218,157,173	5,3,10	118,229,328	2,5,4	290	100	0.0613707913095	0.3108888069326787	0.938,0.947,0.856	0.953,0.94,0.966	-0.039
1011	"Ankrd13b"	NA	chrNC_000077.7	-	77361310	77363005	77361310	77362704	77362839	77363005	1011	168,112,131	3,2,4	85,180,217	3,0,1	235	100	0.0399280957876	0.23867466213334032	0.96,0.96,0.933	0.923,1.0,0.989	-0.02
1012	"Ankrd13b"	NA	chrNC_000077.7	-	77361310	77363204	77361310	77362649	77363127	77363204	1012	427,355,378	76,74,71	249,418,638	43,41,189	578	100	0.720621317731	1.0	0.493,0.454,0.479	0.5,0.638,0.369	-0.027
1013	"Ankrd13b"	NA	chrNC_000077.7	-	77361310	77363204	77361310	77362704	77363127	77363204	1013	377,310,336	58,47,35	216,369,527	30,23,90	523	100	0.533420373305	0.9884643820823515	0.554,0.558,0.647	0.579,0.754,0.528	-0.034
1014	"Ankrd13b"	NA	chrNC_000077.7	-	77361310	77363204	77361310	77362919	77363127	77363204	1014	227,204,211	14,4,14	143,201,325	15,11,17	308	100	0.282966035951	0.7333509260771913	0.84,0.943,0.83	0.756,0.856,0.861	0.047
1015	"Ankrd13b"	NA	chrNC_000077.7	-	77361310	77363204	77361310	77363005	77363127	77363204	1015	142,150,148	10,4,1	100,140,230	1,2,3	222	100	0.0171767141613	0.1403933473796051	0.865,0.944,0.985	0.978,0.969,0.972	-0.042
1016	"Ankrd13b"	NA	chrNC_000077.7	-	77361310	77363204	77361310	77363025	77363127	77363204	1016	128,142,134	2,4,8	93,134,225	4,0,11	202	100	0.729246370438	1.0	0.969,0.946,0.892	0.92,1.0,0.91	-0.008
1017	"Ankrd13b"	NA	chrNC_000077.7	-	77363274	77363703	77363274	77363438	77363550	77363703	1017	98,64,60	224,241,148	59,75,118	166,161,470	212	100	0.501188655724	0.9650291183531826	0.171,0.111,0.161	0.144,0.18,0.106	0.004
1018	"Efcab5"	NA	chrNC_000077.7	-	76993619	76995177	76993619	76993716	76994055	76995177	1018	5,6,5	5,0,0	2,19,21	3,1,2	439	100	0.292659273748	0.7448561073100858	0.186,1.0,1.0	0.132,0.812,0.705	0.179
1019	"Efcab5"	NA	chrNC_000077.7	-	76994055	76995177	76994055	76994339	76994923	76995177	1019	11,4,0	6,0,0	5,22,13	2,0,1	684	100	1	1.0	0.211,1.0,NA	0.268,1.0,0.655	-0.035
1020	"Efcab5"	NA	chrNC_000077.7	-	77027831	77029121	77027831	77028538	77028778	77029121	1020	10,8,2	2,0,0	4,13,10	0,0,0	340	100	1	1.0	0.595,1.0,1.0	1.0,1.0,1.0	-0.135
1022	"Zfp808"	NA	chrNC_000079.7	+	62318963	62321752	62318963	62320937	62321021	62321752	1022	15,13,16	3,10,10	46,17,23	18,19,14	184	100	0.609326174131	1.0	0.731,0.414,0.465	0.581,0.327,0.472	0.077
1024	"Camkk1"	NA	chrNC_000077.7	+	72928020	72928451	72928020	72928094	72928363	72928451	1024	24,30,19	50,65,46	21,54,91	68,82,168	369	100	0.417439423297	0.8747389877328895	0.115,0.111,0.101	0.077,0.151,0.128	-0.01
1025	"Gm54079"	NA	chrNC_000086.8	-	8729225	8742887	8729225	8740562	8742795	8742887	1025	32,11,29	0,4,5	9,30,10	6,5,1	2333	100	0.292802916399	0.7448561073100858	1.0,0.105,0.199	0.06,0.205,0.3	0.246
1026	"Gm46287"	NA	chrNC_000077.7	+	72656308	72656778	72656308	72656633	72656679	72656778	1026	0,0,1	0,0,0	4,2,0	0,2,1	146	100	1	1.0	NA,NA,1.0	1.0,0.407,0.0	0.531
1027	"Spns2"	NA	chrNC_000077.7	-	72342463	72344426	72342463	72343941	72344379	72344426	1027	6,11,5	46,56,18	3,7,57	39,40,232	538	100	0.443500453749	0.9056567583249178	0.024,0.035,0.049	0.014,0.032,0.044	0.006
1029	"Ggt6"	NA	chrNC_000077.7	+	72327964	72329392	72327964	72328167	72328517	72329392	1029	0,2,3	0,0,1	3,3,4	0,0,0	450	100	1	1.0	NA,1.0,0.4	1.0,1.0,1.0	-0.3
1031	"Gm34127"	NA	chrNC_000077.7	-	71708903	71709318	71708903	71709094	71709224	71709318	1031	3,2,4	0,0,1	0,4,1	0,0,0	230	100	1	1.0	1.0,1.0,0.635	NA,1.0,1.0	-0.122
1032	"Arrb2"	NA	chrNC_000077.7	+	70330989	70331654	70330989	70331101	70331581	70331654	1032	453,522,426	0,1,2	463,426,890	0,1,5	580	100	0.589968511153	1.0	1.0,0.989,0.973	1.0,0.987,0.968	0.002
1033	"Gps2"	NA	chrNC_000077.7	+	69804845	69805259	69804845	69804896	69805098	69805259	1033	123,142,197	20,17,25	159,182,152	19,21,16	302	100	0.419125118867	0.8776973077450118	0.671,0.734,0.723	0.735,0.742,0.759	-0.036
1034	"Fgf11"	NA	chrNC_000077.7	-	69686893	69689098	69686893	69688705	69688990	69689098	1034	97,157,141	0,9,5	454,113,722	7,1,11	385	100	0.0618303161971	0.31220923721288885	1.0,0.819,0.88	0.944,0.967,0.945	-0.052
1035	"Cntrob"	NA	chrNC_000077.7	-	69210178	69211234	69210178	69210295	69210683	69211234	1035	21,31,41	30,28,25	28,33,32	35,32,33	488	100	0.467603871232	0.9321305936129665	0.125,0.185,0.252	0.141,0.174,0.166	0.027
1036	"Aloxe3"	NA	chrNC_000077.7	+	69020830	69023662	69020830	69020956	69023558	69023662	1036	39,38,17	0,7,0	10,44,77	4,2,6	2702	100	0.077562621209	0.34998259526459996	1.0,0.167,1.0	0.085,0.449,0.322	0.437
1037	"Slc25a35"	NA	chrNC_000077.7	+	68858953	68859863	68858953	68859006	68859419	68859863	1037	444,300,366	1,0,4	311,367,230	2,4,5	513	100	0.0278014727584	0.18832118122180463	0.989,1.0,0.947	0.968,0.947,0.9	0.04
1038	"Slc25a35"	NA	chrNC_000077.7	+	68858953	68859863	68858953	68859006	68859578	68859863	1038	568,413,500	12,3,13	429,460,289	5,2,3	672	100	0.01295300527	0.11891526901169056	0.876,0.953,0.851	0.927,0.972,0.935	-0.051
1039	"Slc25a35"	NA	chrNC_000077.7	+	68858953	68859863	68858953	68859012	68859578	68859863	1039	568,413,500	1,0,0	429,460,289	0,0,0	666	100	1	1.0	0.988,1.0,1.0	1.0,1.0,1.0	-0.004
1040	"Gm32273"	NA	chrNC_000077.7	+	68848219	68848630	68848219	68848364	68848456	68848630	1040	7,6,5	2,0,3	6,5,13	1,0,1	192	100	0.00909642411981	0.09524491137212823	0.646,1.0,0.465	0.758,1.0,0.871	-0.173
1042	"Arhgef15"	NA	chrNC_000077.7	-	68833979	68835655	68833979	68834341	68835502	68835655	1042	23,21,10	0,2,0	14,20,28	0,0,0	1261	100	0.702110659035	1.0	1.0,0.454,1.0	1.0,1.0,1.0	-0.182
1044	"Dennd1c"	NA	chrNC_000083.7	-	57373731	57374116	57373731	57373942	57374048	57374116	1044	1,2,11	1,1,1	4,2,0	0,3,1	206	100	0.0750867079489	0.34825032170012216	0.327,0.493,0.842	1.0,0.244,0.0	0.139
1045	"Dennd1c"	NA	chrNC_000083.7	-	57373731	57374116	57373731	57373982	57374048	57374116	1045	1,2,8	0,0,2	4,2,0	2,0,0	166	100	1	1.0	1.0,1.0,0.707	0.546,1.0,NA	0.129
1046	"Dennd1c"	NA	chrNC_000083.7	-	57377112	57377448	57377112	57377184	57377407	57377448	1046	4,3,4	0,0,4	0,0,2	0,2,3	323	100	1	1.0	1.0,1.0,0.236	NA,0.0,0.171	0.66
1050	"Zfp287"	NA	chrNC_000077.7	-	62596275	62603045	62596275	62596417	62602975	62603045	1050	478,444,426	3,0,1	747,507,585	7,4,0	6658	100	0.114508082451	0.44303186923937354	0.705,1.0,0.865	0.616,0.656,1.0	0.099
1052	"Zfp287"	NA	chrNC_000077.7	-	62602975	62606202	62602975	62603045	62604490	62606202	1052	475,393,502	6,6,5	529,432,559	19,4,10	1545	100	0.110463200577	0.4358671116363399	0.837,0.809,0.867	0.643,0.875,0.783	0.071
1053	"Mfap4"	NA	chrNC_000077.7	+	61377735	61378087	61377735	61377832	61377904	61378087	1053	20,0,3	572,109,170	18,6,4	170,201,73	172	100	0.00515471668536	0.06659561395118323	0.02,0.0,0.01	0.058,0.017,0.031	-0.025
1054	"Kifc2"	NA	chrNC_000081.7	+	76544539	76544965	76544539	76544841	76544907	76544965	1054	82,120,61	2,0,0	121,81,487	0,1,2	166	100	1	1.0	0.961,1.0,1.0	1.0,0.98,0.993	-0.004
1055	"Kifc2"	NA	chrNC_000081.7	+	76546794	76547096	76546794	76546872	76546981	76547096	1055	41,58,33	60,128,44	57,51,159	132,59,396	209	100	0.458957256243	0.9248421691840076	0.246,0.178,0.264	0.171,0.293,0.161	0.021
1056	"Kifc2"	NA	chrNC_000081.7	+	76546794	76547096	76546794	76546872	76547032	76547096	1056	112,170,80	26,60,22	167,137,559	41,25,131	260	100	0.130652345732	0.48217415573201844	0.624,0.521,0.583	0.61,0.678,0.621	-0.06
1057	"Kifc2"	NA	chrNC_000081.7	+	76546794	76547096	76546794	76546872	76547038	76547096	1057	115,176,84	1,0,0	171,141,580	0,1,3	266	100	1	1.0	0.977,1.0,1.0	1.0,0.981,0.986	0.003
1058	"Kifc2"	NA	chrNC_000081.7	+	76546794	76547096	76546794	76546872	76547041	76547096	1058	115,176,84	1,4,1	171,141,580	1,1,3	269	100	0.205085826449	0.6227978926726275	0.977,0.942,0.969	0.985,0.981,0.986	-0.021
1060	"Aldh3a2"	NA	chrNC_000077.7	-	61115311	61119171	61115311	61115512	61119087	61119171	1060	38,17,19	1,0,0	44,9,37	0,0,1	3675	100	1	1.0	0.508,1.0,1.0	1.0,1.0,0.502	0.002
1061	"Llgl1"	NA	chrNC_000077.7	+	60603746	60605009	60603746	60603867	60603954	60605009	1061	677,787,786	202,192,246	1071,709,785	276,188,179	187	100	0.219456418887	0.6428479363892383	0.642,0.687,0.631	0.675,0.669,0.701	-0.028
1062	"Tom1l2"	NA	chrNC_000077.7	-	60131395	60132719	60131395	60132171	60132643	60132719	1062	153,87,87	9,7,5	201,157,124	8,16,11	572	100	0.683370135815	1.0	0.748,0.685,0.753	0.815,0.632,0.663	0.025
1063	"Col4a5"	NA	chrNC_000086.8	+	140258414	140258811	140258414	140258462	140258634	140258811	1063	630,507,577	28,39,57	707,644,311	92,25,32	272	100	0.414671516565	0.8717897238020079	0.892,0.827,0.788	0.739,0.904,0.781	0.028
1066	"Zfp692"	NA	chrNC_000077.7	+	58198337	58198830	58198337	58198587	58198798	58198830	1066	46,29,29	36,52,31	65,42,85	37,46,70	311	100	0.0999418445033	0.40791550291537987	0.291,0.152,0.231	0.361,0.227,0.281	-0.065
1067	"Zfp692"	NA	chrNC_000077.7	+	58198337	58198830	58198337	58198712	58198798	58198830	1067	30,15,17	1,1,2	33,29,53	1,1,3	186	100	0.8511075605	1.0	0.942,0.89,0.82	0.947,0.94,0.905	-0.047
1070	"Gm46261"	NA	chrNC_000077.7	-	56555524	56556110	56555524	56555761	56555853	56556110	1070	3,1,1	4,1,0	2,3,0	0,4,0	192	100	1	1.0	0.281,0.342,1.0	1.0,0.281,NA	-0.1
1071	"Gm46261"	NA	chrNC_000077.7	-	56555524	56556110	56555524	56555761	56555870	56556110	1071	3,1,1	0,0,0	4,3,0	0,0,1	209	100	1	1.0	1.0,1.0,1.0	1.0,1.0,0.0	0.333
1072	"Slc22a4"	NA	chrNC_000077.7	-	53877303	53879790	53877303	53877439	53879607	53879790	1072	1105,826,1286	427,546,660	1818,1349,695	634,532,442	2268	100	0.108575114826	0.4321424445993839	0.102,0.063,0.079	0.112,0.101,0.065	-0.011
1073	"Slc22a21"	NA	chrNC_000077.7	-	53851108	53851447	53851108	53851263	53851378	53851447	1073	5,3,19	0,0,0	8,3,17	2,0,0	215	100	1	1.0	1.0,1.0,1.0	0.65,1.0,1.0	0.117
1074	"Kif3a"	NA	chrNC_000077.7	+	53481543	53484357	53481543	53481552	53484200	53484357	1074	686,437,502	32,54,46	682,775,790	29,39,152	2748	100	0.841067914313	1.0	0.438,0.227,0.284	0.461,0.42,0.159	-0.03
1075	"Kif3a"	NA	chrNC_000077.7	+	53481543	53484357	53481543	53481552	53484221	53484357	1075	791,543,585	3,4,3	777,868,931	6,3,11	2769	100	0.26286971825	0.701277749602831	0.905,0.831,0.876	0.824,0.913,0.753	0.041
1076	"Gdf9"	NA	chrNC_000077.7	+	53323764	53324629	53323764	53323876	53324433	53324629	1076	4,9,0	2,3,0	2,2,4	1,3,1	657	100	1	1.0	0.233,0.313,NA	0.233,0.092,0.378	0.039
1077	"Uqcrq"	NA	chrNC_000077.7	-	53321362	53321658	53321362	53321529	53321614	53321658	1077	4200,4272,3820	122,141,140	3697,4153,4829	209,144,146	185	100	0.0842274002715	0.3692659368441718	0.949,0.942,0.937	0.905,0.94,0.947	0.012
1078	"Gm30366"	NA	chrNC_000077.7	+	52551378	52551900	52551378	52551504	52551814	52551900	1078	0,0,2	0,0,0	1,0,4	0,0,1	410	100	1	1.0	NA,NA,1.0	1.0,NA,0.494	0.253
1079	"Zswim8"	NA	chrNC_000080.7	+	20763950	20764935	20763950	20764636	20764738	20764935	1079	554,521,577	36,27,23	596,569,548	33,17,24	202	100	0.294682488913	0.7472917934573924	0.884,0.905,0.925	0.899,0.943,0.919	-0.016
1080	"Zfp2"	NA	chrNC_000077.7	-	50788091	50796513	50788091	50792118	50792222	50796513	1080	6,3,2	0,1,0	21,6,14	2,0,0	204	100	1	1.0	1.0,0.595,1.0	0.837,1.0,1.0	-0.081
1082	"Kcnh6"	NA	chrNC_000077.7	+	105910947	105911569	105910947	105911147	105911316	105911569	1082	0,0,0	0,1,0	0,0,3	0,0,0	269	100	1	1.0	NA,0.0,NA	NA,NA,1.0	-1.0
1083	"Hnrnph1"	NA	chrNC_000077.7	+	50270647	50272424	50270647	50270791	50272285	50272424	1083	2824,1879,2742	467,422,434	2645,3065,2228	403,437,532	1594	100	0.724145234724	1.0	0.275,0.218,0.284	0.292,0.306,0.208	-0.01
1084	"Gm36411"	NA	chrNC_000077.7	+	49611007	49618477	49611007	49611189	49613677	49618477	1084	19,17,8	0,0,0	14,14,12	0,0,1	2588	100	1	1.0	1.0,1.0,1.0	1.0,1.0,0.317	0.228
1085	"Gm36411"	NA	chrNC_000077.7	+	49611007	49618477	49611007	49613731	49617740	49618477	1085	11,14,21	0,0,0	12,28,11	0,0,1	4109	100	1	1.0	1.0,1.0,1.0	1.0,1.0,0.211	0.263
1086	"Cnot6"	NA	chrNC_000077.7	-	49579991	49580178	49579991	49580085	49580173	49580178	1086	429,391,368	15,7,7	384,456,302	7,11,7	188	100	0.698479425769	1.0	0.938,0.967,0.965	0.967,0.957,0.958	-0.004
1087	"Fgd2"	NA	chrNC_000083.7	+	29583884	29584584	29583884	29583965	29584435	29584584	1087	2,1,0	1,2,0	6,2,0	0,2,0	570	100	1	1.0	0.26,0.081,NA	1.0,0.149,NA	-0.404
1088	"Trim41"	NA	chrNC_000077.7	-	48697229	48698673	48697229	48698402	48698497	48698673	1088	357,415,383	17,15,15	417,385,346	28,15,7	195	100	0.821323851827	1.0	0.915,0.934,0.929	0.884,0.929,0.962	0.001
1090	"Adra1b"	NA	chrNC_000077.7	-	43725966	43727687	43725966	43727108	43727619	43727687	1090	58,37,75	2,2,2	16,41,21	1,0,0	611	100	0.00366685663135	0.05389270021488715	0.826,0.752,0.86	0.724,1.0,1.0	-0.095
1091	"Pwwp2a"	NA	chrNC_000077.7	+	43574307	43575052	43574307	43574401	43574949	43575052	1091	18,32,34	0,2,0	21,22,33	0,0,0	648	100	1	1.0	1.0,0.712,1.0	1.0,1.0,1.0	-0.096
1092	"Pttg1"	NA	chrNC_000077.7	-	43311096	43312092	43311096	43311235	43311854	43312092	1092	158,159,251	1,5,0	332,225,199	0,1,2	719	100	0.158297592582	0.5363238036588215	0.956,0.816,1.0	1.0,0.969,0.933	-0.043
1093	"Pttg1"	NA	chrNC_000077.7	-	43311096	43312092	43311096	43311235	43311933	43312092	1093	176,188,289	676,832,779	372,250,228	965,716,751	798	100	0.0464891332274	0.2645669322568199	0.032,0.028,0.044	0.046,0.042,0.037	-0.007
1094	"Pttg1"	NA	chrNC_000077.7	-	43316409	43317066	43316409	43316508	43317000	43317066	1094	66,79,82	15,15,22	103,49,55	18,17,19	592	100	0.52221667671	0.9822013051207394	0.426,0.471,0.386	0.492,0.327,0.328	0.045
1095	"Pttg1"	NA	chrNC_000077.7	-	43316409	43317066	43316409	43316521	43317000	43317066	1095	66,76,78	0,0,0	89,43,53	1,0,0	579	100	1	1.0	1.0,1.0,1.0	0.939,1.0,1.0	0.02
1096	"Pttg1"	NA	chrNC_000077.7	-	43316409	43317066	43316409	43316508	43317015	43317066	1096	66,79,82	14,16,19	103,49,55	23,7,10	607	100	0.637385745716	1.0	0.437,0.449,0.416	0.425,0.536,0.475	-0.045
1098	"Pttg1"	NA	chrNC_000077.7	-	43316409	43317066	43316409	43316508	43317027	43317066	1098	66,79,82	110,145,138	103,49,55	171,128,87	619	100	0.577388750187	1.0	0.088,0.081,0.088	0.089,0.058,0.093	0.006
1099	"Pttg1"	NA	chrNC_000077.7	-	43316409	43317066	43316409	43316521	43317027	43317066	1099	66,76,78	2,6,1	89,43,53	3,3,3	606	100	0.803227517264	1.0	0.845,0.676,0.928	0.83,0.703,0.745	0.057
1113	"Gm39673"	NA	chrNC_000077.7	-	31661518	31662490	31661518	31661632	31661799	31662490	1113	29,20,25	5,6,1	46,30,15	0,1,0	267	100	3.18760412277e-06	0.0006383177255846925	0.685,0.555,0.904	1.0,0.918,1.0	-0.258
1114	"Foxred2"	NA	chrNC_000081.7	-	77839788	77842700	77839788	77840289	77840766	77842700	1114	18,20,12	26,20,35	17,14,53	24,26,39	577	100	0.1186810381	0.4529644855602	0.107,0.148,0.056	0.109,0.085,0.191	-0.025
1115	"Rps27a"	NA	chrNC_000077.7	-	29497680	29498040	29497680	29497745	29497840	29498040	1115	199,215,207	619,672,696	176,155,174	705,633,634	195	100	0.0598255756998	0.3070112542293943	0.142,0.141,0.132	0.113,0.112,0.123	0.022
1116	"Mtif2"	NA	chrNC_000077.7	+	29476396	29476843	29476396	29476487	29476692	29476843	1116	236,258,196	0,0,2	171,241,218	0,4,2	305	100	0.853698301362	1.0	1.0,1.0,0.97	1.0,0.952,0.973	0.015
1117	"Mtif2"	NA	chrNC_000077.7	+	29476396	29476843	29476396	29476565	29476692	29476843	1117	223,246,171	0,7,2	162,212,198	12,3,6	227	100	0.00727754306435	0.08448278252962826	1.0,0.939,0.974	0.856,0.969,0.936	0.051
1118	"Mtif2"	NA	chrNC_000077.7	+	29479928	29480692	29479928	29480154	29480580	29480692	1118	49,26,30	84,53,83	17,43,69	92,90,114	526	100	0.568444769228	1.0	0.1,0.085,0.064	0.034,0.083,0.103	0.01
1121	"Pus10"	NA	chrNC_000077.7	+	23667561	23668652	23667561	23667618	23668575	23668652	1121	53,61,36	47,54,55	69,60,81	50,43,42	1057	100	0.00632106698951	0.07755935721034947	0.096,0.097,0.058	0.115,0.117,0.154	-0.045
1126	"Xist"	NA	chrNC_000086.8	-	102503978	102511642	102503978	102504316	102509984	102511642	1126	18808,18448,14	78,95,0	27,14,2981	0,0,19	5768	100	0.883828660006	1.0	0.807,0.771,1.0	1.0,1.0,0.731	-0.051
1127	"Hus1"	NA	chrNC_000077.7	-	8943136	8946932	8943136	8946346	8946783	8946932	1127	420,451,464	8,7,7	432,455,332	6,6,4	537	100	0.442981371277	0.9053209638782679	0.907,0.923,0.925	0.931,0.934,0.939	-0.016
1128	"Hus1"	NA	chrNC_000077.7	-	8960496	8961191	8960496	8960624	8961058	8961191	1128	250,191,264	48,51,48	146,251,151	42,48,43	534	100	0.349694926826	0.8150633712532277	0.494,0.412,0.507	0.394,0.495,0.397	0.042
1129	"Tns3"	NA	chrNC_000077.7	-	8381651	8384638	8381651	8382705	8382750	8384638	1129	1173,1070,1436	165,140,184	1423,1380,822	149,152,60	145	100	0.00479348706642	0.06372752099921028	0.831,0.841,0.843	0.868,0.862,0.904	-0.04
1130	"Nacad"	NA	chrNC_000077.7	-	6549375	6552918	6549375	6549810	6549905	6552918	1130	124,128,69	0,3,1	94,135,334	2,0,8	195	100	0.222443796444	0.6455705831581305	1.0,0.956,0.973	0.96,1.0,0.955	0.005
1131	"Nacad"	NA	chrNC_000077.7	-	6549375	6552918	6549375	6549810	6552624	6552918	1131	1751,2134,1061	0,0,0	1467,1637,4577	0,1,0	2914	100	1	1.0	1.0,1.0,1.0	1.0,0.983,1.0	0.006
1132	"Xbp1"	NA	chrNC_000077.7	+	5474238	5474384	5474238	5474277	5474303	5474384	1132	297,295,217	13,13,47	298,332,326	35,16,9	126	100	0.181857379198	0.5832542972476397	0.948,0.947,0.786	0.871,0.943,0.966	-0.033
1134	"Tug1"	NA	chrNC_000077.7	-	3596556	3599021	3596556	3597078	3598752	3599021	1134	3015,3267,2912	2,0,0	3319,3090,3565	1,0,0	1774	100	1	1.0	0.988,1.0,1.0	0.995,1.0,1.0	-0.002
1136	"Smtn"	NA	chrNC_000077.7	-	3482597	3482854	3482597	3482676	3482760	3482854	1136	2,0,0	30,22,22	2,0,0	40,36,28	184	100	1	1.0	0.035,0.0,0.0	0.026,0.0,0.0	0.003
1137	"Sfi1"	NA	chrNC_000077.7	-	3081849	3082327	3081849	3082131	3082215	3082327	1137	66,45,55	69,63,78	69,69,78	98,53,79	184	100	0.292486048655	0.7448561073100858	0.342,0.28,0.277	0.277,0.414,0.349	-0.047
1138	"Sfi1"	NA	chrNC_000077.7	-	3082215	3083207	3082215	3082327	3083071	3083207	1138	139,91,100	0,0,0	170,123,245	0,0,1	844	100	1	1.0	1.0,1.0,1.0	1.0,1.0,0.967	0.011
1139	"Sfi1"	NA	chrNC_000077.7	-	3105398	3107936	3105398	3105496	3106771	3107936	1139	160,149,145	65,71,56	196,148,104	50,67,42	1375	100	0.286879786837	0.7382834032335325	0.152,0.132,0.158	0.222,0.138,0.153	-0.024
1140	"Sfi1"	NA	chrNC_000077.7	-	3106771	3107936	3106771	3106864	3107865	3107936	1140	163,139,144	41,66,48	185,195,127	78,36,57	1101	100	0.84418882511	1.0	0.265,0.161,0.214	0.177,0.33,0.168	-0.012
1141	"Aatf"	NA	chrNC_000077.7	-	84345772	84353902	84345772	84345899	84346050	84353902	1141	0,3,1	0,0,1	7,2,7	0,0,0	251	100	1	1.0	NA,1.0,0.285	1.0,1.0,1.0	-0.358
1143	"Dgka"	NA	chrNC_000076.7	-	128572009	128572587	128572009	128572145	128572444	128572587	1143	42,27,25	25,5,7	25,22,29	17,10,14	399	100	0.219644516118	0.6428479363892383	0.296,0.575,0.472	0.269,0.355,0.342	0.126
1144	"Dgka"	NA	chrNC_000076.7	-	128572009	128572587	128572009	128572145	128572513	128572587	1144	47,30,32	0,0,0	31,30,29	0,0,1	468	100	1	1.0	1.0,1.0,1.0	1.0,1.0,0.861	0.046
1145	"Dgka"	NA	chrNC_000076.7	-	128572009	128572587	128572009	128572145	128572542	128572587	1145	58,37,38	0,0,4	39,47,44	0,0,0	497	100	0.347586354612	0.8117104082921631	1.0,1.0,0.657	1.0,1.0,1.0	-0.114
1146	"Dgka"	NA	chrNC_000076.7	-	128572444	128572587	128572444	128572473	128572542	128572587	1146	27,19,18	7,0,0	29,31,27	4,0,3	169	100	1	1.0	0.695,1.0,1.0	0.811,1.0,0.842	0.014
1147	"Dgka"	NA	chrNC_000076.7	-	128572444	128572587	128572444	128572486	128572555	128572587	1147	26,21,16	2,2,0	26,29,26	0,0,2	169	100	0.391392822275	0.8544524622240736	0.885,0.861,1.0	1.0,1.0,0.885	-0.046
1148	"Rnf41"	NA	chrNC_000076.7	+	128273951	128277310	128273951	128274328	128274676	128277310	1148	1807,1982,1912	12,27,8	1870,1810,1950	7,14,15	448	100	0.273201442828	0.7198498542935132	0.971,0.942,0.982	0.984,0.967,0.967	-0.008
1149	"Rnf41"	NA	chrNC_000076.7	+	128273951	128277310	128273951	128274328	128275381	128277310	1149	2834,3137,3069	1,1,0	2864,2924,3164	3,0,0	1153	100	1	1.0	0.996,0.996,1.0	0.988,1.0,1.0	0.001
1152	"Pan2"	NA	chrNC_000076.7	+	128150051	128150423	128150051	128150185	128150316	128150423	1152	57,64,49	35,35,39	62,50,76	25,37,25	231	100	0.179505440247	0.5780255583431035	0.413,0.442,0.352	0.518,0.369,0.568	-0.083
1153	"Pan2"	NA	chrNC_000076.7	+	128150051	128150423	128150051	128150197	128150316	128150423	1153	55,63,48	0,12,4	61,48,72	1,5,7	219	100	0.633508810745	1.0	1.0,0.706,0.846	0.965,0.814,0.824	-0.017
1154	"Pan2"	NA	chrNC_000076.7	+	128154031	128154907	128154031	128154211	128154813	128154907	1154	98,69,99	78,51,59	112,132,63	67,47,64	702	100	0.365107776078	0.8254606480808705	0.152,0.162,0.193	0.192,0.286,0.123	-0.031
1155	"Pan2"	NA	chrNC_000076.7	+	128154031	128154907	128154031	128154234	128154813	128154907	1155	92,62,92	1,2,0	110,124,61	3,0,0	679	100	0.679015276029	1.0	0.931,0.82,1.0	0.844,1.0,1.0	-0.031
1156	"Haghl"	NA	chrNC_000083.7	-	26001760	26002556	26001760	26002152	26002476	26002556	1156	354,228,335	579,670,584	334,392,311	638,641,734	424	100	0.721508069644	1.0	0.126,0.074,0.119	0.11,0.126,0.091	-0.003
1157	"Haghl"	NA	chrNC_000083.7	-	26003048	26003342	26003048	26003152	26003233	26003342	1157	142,132,150	610,684,601	111,155,198	658,591,755	181	100	0.830982020143	1.0	0.114,0.096,0.121	0.085,0.127,0.127	-0.003
1158	"Gm30989"	NA	chrNC_000076.7	-	127485942	127486471	127485942	127486153	127486404	127486471	1158	19,3,8	4,1,0	14,12,4	3,0,2	351	100	0.812920625922	1.0	0.575,0.461,1.0	0.571,1.0,0.363	0.034
1159	"Hnrnpm"	NA	chrNC_000083.7	-	33885467	33885659	33885467	33885503	33885620	33885659	1159	839,848,835	422,405,408	667,821,607	446,425,373	217	100	0.0396377035791	0.23801420769780002	0.478,0.491,0.485	0.408,0.471,0.429	0.049
1160	"Rnaseh1"	NA	chrNC_000078.7	+	28707631	28708294	28707631	28707716	28708169	28708294	1160	53,21,46	73,70,97	36,44,63	84,70,69	553	100	0.146758987871	0.5144592966506389	0.116,0.051,0.079	0.072,0.102,0.142	-0.023
1161	"Pip4k2c"	NA	chrNC_000076.7	-	127032935	127035013	127032935	127034617	127034913	127035013	1161	1097,1132,1002	18,15,10	984,1081,1348	18,16,12	396	100	0.933679353872	1.0	0.939,0.95,0.962	0.932,0.945,0.966	0.003
1162	"Dtx3"	NA	chrNC_000076.7	-	127026246	127027422	127026246	127026908	127027204	127027422	1162	1215,1057,1285	798,907,880	1239,1496,2164	1005,830,1085	396	100	0.0774174401839	0.34998259526459996	0.278,0.227,0.269	0.237,0.313,0.335	-0.037
1163	"Spata6l"	NA	chrNC_000085.7	-	28900456	28901102	28900456	28900640	28900966	28901102	1163	66,73,111	0,3,0	175,105,128	0,0,0	426	100	0.79999389978	1.0	1.0,0.851,1.0	1.0,1.0,1.0	-0.05
1164	"Spata6l"	NA	chrNC_000085.7	-	28944993	28945232	28944993	28945069	28945202	28945232	1164	11,6,26	1,0,2	23,20,18	2,2,3	233	100	0.0709757725742	0.33755117029376264	0.825,1.0,0.848	0.832,0.811,0.72	0.103
1165	"Agap2"	NA	chrNC_000076.7	+	126927438	126929039	126927438	126928159	126928260	126929039	1165	556,859,263	66,83,40	473,609,2080	65,62,275	201	100	0.518593599006	0.9807997724555731	0.807,0.837,0.766	0.784,0.83,0.79	0.002
1166	"Vwa5b2"	NA	chrNC_000082.7	+	20410129	20413149	20410129	20410300	20412929	20413149	1166	15,24,13	3,18,4	6,14,178	6,2,35	2729	100	0.0447009600067	0.2599308091859652	0.155,0.047,0.106	0.035,0.204,0.157	-0.029
1167	"Gm30041"	NA	chrNC_000076.7	+	125973497	125974190	125973497	125973560	125973885	125974190	1167	0,2,1	0,1,0	0,0,4	0,0,0	425	100	1	1.0	NA,0.32,1.0	NA,NA,1.0	-0.34
1172	"Mon2"	NA	chrNC_000076.7	-	122827964	122831738	122827964	122828318	122828425	122831738	1172	53,75,41	8,3,3	88,71,95	6,9,11	207	100	0.446453101308	0.9087901757247979	0.762,0.924,0.868	0.876,0.792,0.807	0.026
1173	"Anks1"	NA	chrNC_000083.7	+	28278267	28281573	28278267	28278365	28279535	28281573	1173	238,219,189	214,228,231	200,329,338	293,213,214	1270	100	0.0473173056086	0.26644050469236275	0.081,0.07,0.061	0.051,0.108,0.111	-0.019
1174	"Xpot"	NA	chrNC_000076.7	-	121447380	121447617	121447380	121447458	121447578	121447617	1174	550,662,547	19,15,14	699,482,608	46,22,36	220	100	5.88981989024e-05	0.004008638452447575	0.929,0.953,0.947	0.874,0.909,0.885	0.054
1176	"Taf8"	NA	chrNC_000083.7	-	47798974	47801207	47798974	47800821	47801067	47801207	1176	12,12,4	40,46,65	8,12,9	56,44,30	346	100	0.568258501304	1.0	0.08,0.07,0.017	0.04,0.073,0.08	-0.009
1177	"Taf8"	NA	chrNC_000083.7	-	47798974	47804629	47798974	47800821	47804486	47804629	1177	467,424,575	0,0,0	449,574,473	0,1,2	3765	100	0.605297429819	1.0	1.0,1.0,1.0	1.0,0.938,0.863	0.066
1178	"Taf8"	NA	chrNC_000083.7	-	47798974	47804629	47798974	47801207	47804486	47804629	1178	426,381,528	39,46,42	403,533,432	45,37,35	3379	100	0.508506873554	0.9715301269332237	0.244,0.197,0.271	0.21,0.299,0.268	-0.022
1179	"Taf8"	NA	chrNC_000083.7	-	47801067	47804629	47801067	47801446	47804486	47804629	1179	393,360,480	0,0,3	374,503,411	0,0,0	3140	100	0.747624138458	1.0	1.0,1.0,0.836	1.0,1.0,1.0	-0.055
1184	"2810408A11Rik"	NA	chrNC_000077.7	-	69788188	69788580	69788188	69788318	69788444	69788580	1184	4,3,3	2,1,2	11,6,2	5,0,1	226	100	0.300088396762	0.7559704193957548	0.469,0.57,0.399	0.493,1.0,0.469	-0.175
1185	"2810408A11Rik"	NA	chrNC_000077.7	-	69788436	69788976	69788436	69788580	69788928	69788976	1185	29,29,46	7,7,14	26,24,36	14,7,1	448	100	0.643190263491	1.0	0.48,0.48,0.423	0.293,0.434,0.889	-0.078
1186	"2810408A11Rik"	NA	chrNC_000077.7	-	69788928	69789236	69788928	69788976	69789077	69789236	1186	2,0,13	14,8,23	6,4,7	11,7,10	201	100	0.124611182067	0.4675108048508993	0.066,0.0,0.219	0.213,0.221,0.258	-0.136
1187	"2810408A11Rik"	NA	chrNC_000077.7	-	69788928	69789236	69788928	69788976	69789139	69789236	1187	9,12,33	4,0,2	17,14,12	2,3,2	263	100	0.572019045501	1.0	0.461,1.0,0.863	0.764,0.64,0.695	0.075
1188	"Prdm9"	NA	chrNC_000083.7	-	15763333	15765622	15763333	15765096	15765180	15765622	1188	9,2,12	0,0,0	6,8,8	0,0,1	184	100	1	1.0	1.0,1.0,1.0	1.0,1.0,0.813	0.062
1190	"Prdm9"	NA	chrNC_000083.7	-	15783482	15784635	15783482	15783593	15784497	15784635	1190	48,47,24	0,5,4	52,37,87	3,3,6	1004	100	0.907143545335	1.0	1.0,0.484,0.374	0.633,0.551,0.591	0.028
1191	"Magt1"	NA	chrNC_000086.8	-	105011689	105015085	105011689	105014632	105015041	105015085	1191	433,483,504	24,27,27	721,526,401	29,18,26	509	100	0.285057517604	0.7354750065381159	0.78,0.778,0.786	0.83,0.852,0.752	-0.03
1193	"Zfc3h1"	NA	chrNC_000076.7	+	115267607	115268677	115267607	115267670	115267800	115268677	1193	72,45,19	129,98,133	48,48,67	149,140,116	230	100	0.558874767381	1.0	0.195,0.166,0.058	0.123,0.13,0.201	-0.012
1194	"Kcnc2"	NA	chrNC_000076.7	+	112299895	112302209	112299895	112299990	112301037	112302209	1194	93,135,110	0,0,0	142,82,554	1,0,0	1147	100	1	1.0	1.0,1.0,1.0	0.925,1.0,1.0	0.025
1195	"Nap1l1"	NA	chrNC_000076.7	+	111331900	111334011	111331900	111331966	111332614	111334011	1195	4115,3923,4132	285,212,292	3727,4285,3742	315,178,301	748	100	0.873609331634	1.0	0.659,0.712,0.654	0.613,0.763,0.624	0.008
1196	"Tafazzin"	NA	chrNC_000086.8	+	73332053	73332625	73332053	73332119	73332267	73332625	1196	61,64,46	100,128,113	126,63,102	126,107,131	248	100	0.00272844110982	0.045289472430227004	0.197,0.168,0.141	0.287,0.192,0.239	-0.071
1197	"Kdm4b"	NA	chrNC_000083.7	+	56703203	56703692	56703203	56703382	56703496	56703692	1197	43,48,26	173,169,149	28,18,56	218,152,372	214	100	0.00111738530987	0.025211989667770985	0.104,0.117,0.075	0.057,0.052,0.066	0.04
1198	"Rai1"	NA	chrNC_000077.7	+	60075921	60084858	60075921	60081448	60084764	60084858	1198	300,257,252	155,177,178	448,315,336	215,164,185	3416	100	0.0706136106536	0.3366756079377	0.054,0.041,0.04	0.057,0.053,0.05	-0.008
1199	"Rai1"	NA	chrNC_000077.7	+	60084764	60088177	60084764	60084858	60088116	60088177	1199	1358,1587,1259	3,15,7	2088,1449,1967	1,0,10	3358	100	0.00267706240685	0.04510327092110625	0.931,0.759,0.843	0.984,1.0,0.854	-0.102
1200	"Rai1"	NA	chrNC_000077.7	+	60084764	60088664	60084764	60084858	60088614	60088664	1200	1517,1711,1401	110,137,123	2284,1590,2140	147,111,149	3856	100	0.135243637233	0.4885238034887622	0.263,0.245,0.228	0.287,0.271,0.271	-0.031
1201	"Rai1"	NA	chrNC_000077.7	+	60084764	60088664	60084764	60088177	60088614	60088664	1201	174,142,150	11,22,12	218,164,192	3,15,24	537	100	0.310697093147	0.7710871312494098	0.747,0.546,0.699	0.931,0.671,0.598	-0.069
1203	"Sdr39u1"	NA	chrNC_000080.7	-	56135699	56136762	56135699	56135843	56136640	56136762	1203	544,504,544	153,174,172	611,530,695	196,160,215	897	100	0.938047218995	1.0	0.284,0.244,0.261	0.258,0.27,0.265	-0.001
1204	"Sdr39u1"	NA	chrNC_000080.7	-	56135699	56136762	56135699	56135934	56136640	56136762	1204	438,375,430	18,54,38	424,416,566	7,18,29	806	100	0.00683858673553	0.08055452904646368	0.751,0.463,0.584	0.883,0.741,0.708	-0.178
1206	"Nfatc4"	NA	chrNC_000080.7	+	56069679	56071400	56069679	56070261	56071013	56071400	1206	77,38,68	9,10,6	101,40,122	6,5,5	852	100	0.0552534767192	0.292356948283497	0.501,0.308,0.571	0.664,0.484,0.741	-0.17
1207	"Socs2"	NA	chrNC_000076.7	-	95246513	95248972	95246513	95246597	95248520	95248972	1207	833,763,857	0,0,1	980,773,1305	0,0,2	2023	100	1	1.0	1.0,1.0,0.977	1.0,1.0,0.97	0.002
1208	"Socs2"	NA	chrNC_000076.7	-	95246513	95248972	95246513	95246617	95248520	95248972	1208	833,763,857	0,0,0	980,773,1301	0,0,1	2003	100	1	1.0	1.0,1.0,1.0	1.0,1.0,0.985	0.005
1210	"Prkd1"	NA	chrNC_000078.7	-	50411294	50411562	50411294	50411372	50411506	50411562	1210	383,357,428	2,2,0	458,439,315	0,2,0	234	100	1	1.0	0.988,0.987,1.0	1.0,0.989,1.0	-0.005
1211	"Gm32827"	NA	chrNC_000076.7	-	94257617	94259001	94257617	94257786	94258931	94259001	1211	2,2,0	0,0,0	5,0,1	1,2,0	1245	100	1	1.0	1.0,1.0,NA	0.287,0.0,1.0	0.571
1212	"Metap2"	NA	chrNC_000076.7	-	93725399	93726465	93725399	93725886	93725968	93726465	1212	9,1,6	0,0,0	2,5,6	0,2,0	182	100	1	1.0	1.0,1.0,1.0	1.0,0.579,1.0	0.14
1213	"Apaf1"	NA	chrNC_000076.7	-	90825172	90827458	90825172	90825576	90827343	90827458	1213	1054,1108,1035	2,5,2	1161,971,1059	10,3,3	1867	100	0.132800155866	0.48351329476666366	0.966,0.922,0.965	0.861,0.945,0.95	0.032
1215	"Ankrd28"	NA	chrNC_000080.7	-	31420724	31424263	31420724	31421682	31423809	31424263	1215	2908,2567,2343	22,9,15	2606,3125,2583	17,26,19	2227	100	0.241847270492	0.669430335101658	0.856,0.928,0.875	0.873,0.844,0.859	0.028
1216	"Ankrd28"	NA	chrNC_000080.7	-	31502121	31503640	31502121	31502172	31502692	31503640	1216	343,262,176	2,3,3	268,370,244	4,7,6	620	100	0.0788717926308	0.3529402564093341	0.965,0.934,0.904	0.915,0.895,0.868	0.042
1217	"Ttc41"	NA	chrNC_000076.7	+	86566694	86569658	86566694	86567130	86569418	86569658	1217	40,28,26	4,4,4	27,37,39	10,4,8	2388	100	0.24548973076	0.6751494397897339	0.295,0.227,0.214	0.102,0.279,0.17	0.062
1218	"Ttc41"	NA	chrNC_000076.7	+	86566694	86569658	86566694	86569249	86569418	86569658	1218	11,7,1	2,0,0	0,0,7	1,0,3	269	100	1	1.0	0.672,1.0,1.0	0.0,NA,0.464	0.659
1219	"Ntsr2"	NA	chrNC_000078.7	+	16706597	16708456	16706597	16706690	16708365	16708456	1219	319,492,549	7,13,13	3955,375,2740	106,17,80	1775	100	0.261683280217	0.6992770890869624	0.72,0.681,0.704	0.678,0.554,0.659	0.071
1220	"Ntsr2"	NA	chrNC_000078.7	+	16706597	16708456	16706597	16706813	16708365	16708456	1220	238,310,387	4,11,11	2950,256,2037	46,1,28	1652	100	0.0253624596102	0.17691242849748784	0.783,0.63,0.68	0.795,0.939,0.815	-0.152
1221	"Ntsr2"	NA	chrNC_000078.7	+	16706597	16708456	16706597	16706864	16708365	16708456	1221	206,238,310	7,16,2	2504,216,1740	71,6,61	1601	100	0.827612125087	1.0	0.648,0.482,0.906	0.688,0.692,0.641	0.005
1222	"Ntsr2"	NA	chrNC_000078.7	+	16706597	16708456	16706597	16706871	16708365	16708456	1222	204,237,305	15,42,54	2492,214,1732	360,25,230	1594	100	0.879116160434	1.0	0.46,0.261,0.262	0.303,0.349,0.321	0.003
1223	"Ntsr2"	NA	chrNC_000078.7	+	16706597	16708456	16706597	16706876	16708365	16708456	1223	204,237,305	0,0,2	2488,214,1732	7,0,5	1589	100	0.0603393309734	0.3070112542293943	1.0,1.0,0.906	0.957,1.0,0.956	-0.002
1228	"Gm40720"	NA	chrNC_000076.7	+	82030850	82031232	82030850	82030977	82031171	82031232	1228	12,4,12	2,0,0	10,8,13	0,1,0	294	100	1	1.0	0.671,1.0,1.0	1.0,0.731,1.0	-0.02
1229	"Gm40720"	NA	chrNC_000076.7	+	82034971	82037322	82034971	82035070	82037225	82037322	1229	4,5,8	2,1,2	9,4,9	0,0,2	2255	100	0.111529565096	0.4383498230472999	0.081,0.181,0.151	1.0,1.0,0.166	-0.584
1230	"Ankrd24"	NA	chrNC_000076.7	+	81471521	81472260	81471521	81471586	81472202	81472260	1230	66,63,81	32,24,21	85,117,128	28,14,20	716	100	0.0160526713067	0.13583527440454354	0.224,0.268,0.35	0.298,0.539,0.472	-0.156
1231	"Ankrd24"	NA	chrNC_000076.7	+	81471521	81472260	81471521	81471691	81472202	81472260	1231	46,55,60	2,2,1	58,99,102	0,0,4	611	100	0.316835540501	0.7790798708865725	0.79,0.818,0.908	1.0,1.0,0.807	-0.097
1232	"Ankrd24"	NA	chrNC_000076.7	+	81475861	81476646	81475861	81475969	81476601	81476646	1232	251,237,202	6,7,4	247,251,386	8,8,14	732	100	0.250640262965	0.6811292642407635	0.851,0.822,0.873	0.808,0.811,0.79	0.046
1233	"Sirt6"	NA	chrNC_000076.7	-	81457620	81458513	81457620	81457912	81458241	81458513	1233	240,250,180	13,20,24	230,208,275	21,18,10	429	100	0.41200339351	0.869031516001343	0.811,0.744,0.636	0.719,0.729,0.865	-0.041
1234	"Tle2"	NA	chrNC_000076.7	+	81416090	81416501	81416090	81416132	81416317	81416501	1234	58,69,41	2,0,0	42,33,176	0,0,3	285	100	0.53526395222	0.9884643820823515	0.911,1.0,1.0	1.0,1.0,0.954	-0.014
1235	"Tle2"	NA	chrNC_000076.7	+	81416090	81416501	81416090	81416165	81416317	81416501	1235	45,54,38	4,3,0	36,30,152	3,1,5	252	100	0.754881423707	1.0	0.817,0.877,1.0	0.826,0.923,0.923	0.007
1236	"Tle2"	NA	chrNC_000076.7	+	81416090	81416501	81416090	81416132	81416320	81416501	1236	58,69,41	0,2,0	42,33,177	0,1,1	288	100	1	1.0	1.0,0.923,1.0	1.0,0.92,0.984	0.006
1237	"Tle2"	NA	chrNC_000076.7	+	81416090	81416501	81416090	81416165	81416320	81416501	1237	45,54,38	0,6,2	36,30,153	1,1,16	255	100	0.337825492776	0.8047236281900103	1.0,0.779,0.882	0.934,0.922,0.789	0.005
1239	"Plekhj1"	NA	chrNC_000076.7	-	80631932	80632452	80631932	80632356	80632424	80632452	1239	64,67,69	399,486,443	59,63,98	383,396,475	168	100	0.282710533636	0.7333509260771913	0.087,0.076,0.085	0.084,0.087,0.109	-0.011
1240	"Dot1l"	NA	chrNC_000076.7	+	80627577	80631295	80627577	80627673	80629340	80631295	1240	712,498,402	0,0,0	487,664,948	2,0,0	1767	100	1	1.0	1.0,1.0,1.0	0.932,1.0,1.0	0.023
1241	"Dot1l"	NA	chrNC_000076.7	+	80627976	80631295	80627976	80628607	80629340	80631295	1241	381,280,171	9,2,6	238,371,436	3,5,7	833	100	0.395350060255	0.8587807410556069	0.836,0.944,0.774	0.905,0.899,0.882	-0.044
1242	"Izumo4"	NA	chrNC_000076.7	+	80540013	80540269	80540013	80540028	80540123	80540269	1242	111,83,99	8,15,16	97,127,134	19,12,11	195	100	0.680283110194	1.0	0.877,0.739,0.76	0.724,0.844,0.862	-0.018
1243	"Izumo4"	NA	chrNC_000076.7	+	80540013	80540269	80540013	80540028	80540251	80540269	1243	170,127,166	210,174,216	136,179,230	294,225,226	323	100	0.663755797954	1.0	0.2,0.184,0.192	0.125,0.198,0.24	0.004
1244	"Izumo4"	NA	chrNC_000076.7	+	80540013	80540269	80540013	80540123	80540251	80540269	1244	88,72,101	16,10,7	65,93,161	19,10,5	228	100	0.717156140243	1.0	0.707,0.759,0.864	0.6,0.803,0.934	-0.002
1245	"Izumo4"	NA	chrNC_000076.7	+	80540454	80541209	80540454	80540547	80540897	80541209	1245	848,596,695	143,152,191	797,930,848	252,183,224	450	100	0.45232650348	0.9166474317313683	0.569,0.466,0.447	0.413,0.53,0.457	0.027
1248	"Csnk1g2"	NA	chrNC_000076.7	+	80473843	80474143	80473843	80473913	80473994	80474143	1248	137,109,104	605,672,553	91,76,100	617,589,695	181	100	0.00954451043319	0.09838413021028629	0.111,0.082,0.094	0.075,0.067,0.074	0.024
1249	"Rexo1"	NA	chrNC_000076.7	-	80378398	80378857	80378398	80378658	80378741	80378857	1249	71,77,63	116,130,98	77,104,102	87,111,142	183	100	0.0312728928906	0.20489030720232979	0.251,0.245,0.26	0.326,0.339,0.282	-0.064
1250	"Rexo1"	NA	chrNC_000076.7	-	80384898	80386899	80384898	80385023	80385166	80386899	1250	46,58,39	4,5,0	31,25,71	6,1,2	243	100	0.694955237502	1.0	0.826,0.827,1.0	0.68,0.911,0.936	0.042
1251	"Mex3d"	NA	chrNC_000076.7	-	80216188	80218455	80216188	80216896	80217072	80218455	1251	183,208,209	10,11,7	164,182,206	20,11,10	276	100	0.0820451332495	0.36308371123121264	0.869,0.873,0.915	0.748,0.857,0.882	0.057
1252	"Pcsk4"	NA	chrNC_000076.7	-	80158557	80159009	80158557	80158682	80158823	80159009	1252	34,29,30	8,5,14	73,18,98	41,20,26	241	100	0.112639009493	0.440116324897039	0.638,0.706,0.471	0.425,0.272,0.61	0.169
1253	"Pcsk4"	NA	chrNC_000076.7	-	80158823	80159434	80158823	80159009	80159316	80159434	1253	77,89,104	1,8,4	251,66,166	16,1,7	407	100	0.812056894368	1.0	0.95,0.732,0.865	0.794,0.942,0.854	-0.014
1254	"Pcsk4"	NA	chrNC_000076.7	-	80159316	80159610	80159316	80159434	80159506	80159610	1254	4,7,7	8,12,20	8,14,16	46,8,38	172	100	0.869723605102	1.0	0.225,0.253,0.169	0.092,0.504,0.197	-0.049
1255	"Cirbp"	NA	chrNC_000076.7	+	80006527	80007489	80006527	80006598	80006815	80007489	1255	358,202,347	425,542,419	449,378,292	445,423,511	317	100	0.0787985902381	0.3529402564093341	0.21,0.105,0.207	0.241,0.22,0.153	-0.031
1257	"Arhgap45"	NA	chrNC_000076.7	+	79857379	79857693	79857379	79857517	79857628	79857693	1257	1,1,0	2,15,2	1,1,2	9,2,8	211	100	0.29986517422	0.7559704193957548	0.192,0.031,0.0	0.05,0.192,0.106	-0.042
1258	"Tmem259"	NA	chrNC_000076.7	-	79814225	79814439	79814225	79814258	79814381	79814439	1258	908,785,854	49,88,62	794,864,867	49,58,95	223	100	0.907952876642	1.0	0.893,0.8,0.861	0.879,0.87,0.804	0.0
1259	"Tmem259"	NA	chrNC_000076.7	-	79814225	79814439	79814225	79814309	79814381	79814439	1259	521,439,446	522,488,530	428,434,411	504,612,651	172	100	0.017149076843	0.1403933473796051	0.367,0.343,0.329	0.331,0.292,0.269	0.049
1260	"Kiss1r"	NA	chrNC_000076.7	+	79757385	79758107	79757385	79757883	79758046	79758107	1260	33,21,17	7,1,4	9,9,58	1,0,1	263	100	9.11602657886e-05	0.004788155599781548	0.642,0.889,0.618	0.774,1.0,0.957	-0.194
1261	"Plppr3"	NA	chrNC_000076.7	-	79702668	79703141	79702668	79702712	79703005	79703141	1261	195,299,146	1,1,3	228,183,690	0,4,0	393	100	0.526291518529	0.9844616198548356	0.98,0.987,0.925	1.0,0.921,1.0	-0.01
1262	"Plppr3"	NA	chrNC_000076.7	-	79702668	79703141	79702668	79702822	79703005	79703141	1262	62,120,58	0,2,0	68,65,246	1,1,6	283	100	0.0261897118728	0.18027599709236136	1.0,0.955,1.0	0.96,0.958,0.935	0.034
1263	"Plppr3"	NA	chrNC_000076.7	-	79702668	79703141	79702668	79702864	79703005	79703141	1263	22,35,15	58,82,32	19,28,75	95,53,204	241	100	0.391606626131	0.8544524622240736	0.136,0.15,0.163	0.077,0.18,0.132	0.02
1264	"Plppr3"	NA	chrNC_000076.7	-	79709853	79710412	79709853	79709941	79710122	79710412	1264	218,285,107	3,5,7	297,174,666	3,1,14	281	100	0.283381909701	0.7333509260771913	0.963,0.953,0.845	0.972,0.984,0.944	-0.046
1265	"Plppr3"	NA	chrNC_000076.7	-	79709853	79710412	79709853	79709989	79710122	79710412	1265	181,227,82	0,0,0	250,150,569	0,1,1	233	100	1	1.0	1.0,1.0,1.0	1.0,0.985,0.996	0.006
1266	"Plppr3"	NA	chrNC_000076.7	-	79709853	79710412	79709853	79710004	79710122	79710412	1266	178,205,77	0,0,0	227,139,529	4,0,5	218	100	0.469688631954	0.9330686877441092	1.0,1.0,1.0	0.963,1.0,0.98	0.019
1267	"Polrmt"	NA	chrNC_000076.7	-	79573290	79573547	79573290	79573343	79573433	79573547	1267	34,35,29	97,66,125	22,26,52	66,91,116	190	100	0.80731945715	1.0	0.156,0.218,0.109	0.149,0.131,0.191	0.004
1269	"Zfp62"	NA	chrNC_000077.7	+	49104416	49105481	49104416	49104469	49105049	49105481	1269	39,32,22	8,10,10	35,42,77	3,9,1	680	100	0.00779612398821	0.08764484652008717	0.418,0.32,0.244	0.632,0.407,0.919	-0.325
1270	"Zfp62"	NA	chrNC_000077.7	+	49104416	49105481	49104416	49104473	49105049	49105481	1270	39,32,22	0,1,0	35,42,77	0,0,0	676	100	1	1.0	1.0,0.826,1.0	1.0,1.0,1.0	-0.058
1271	"Zfp62"	NA	chrNC_000077.7	+	49104416	49105481	49104416	49104469	49105352	49105481	1271	65,45,37	2,1,0	55,58,102	0,2,0	983	100	0.755830598295	1.0	0.768,0.821,1.0	1.0,0.747,1.0	-0.053
1272	"Zfp62"	NA	chrNC_000077.7	+	49104416	49105481	49104416	49104473	49105352	49105481	1272	65,45,37	0,0,1	55,58,102	0,0,0	979	100	1	1.0	1.0,1.0,0.791	1.0,1.0,1.0	-0.07
1273	"Zfp62"	NA	chrNC_000077.7	+	49105049	49105481	49105049	49105145	49105352	49105481	1273	27,13,15	2,1,0	20,16,21	0,1,0	307	100	0.728806479033	1.0	0.815,0.809,1.0	1.0,0.839,1.0	-0.072
1274	"Zfp62"	NA	chrNC_000077.7	+	49104416	49105481	49104416	49104469	49105381	49105481	1274	66,46,38	2,0,2	55,59,103	0,1,3	1012	100	0.734114322942	1.0	0.765,1.0,0.652	1.0,0.854,0.772	-0.07
1275	"Prpf4b"	NA	chrNC_000079.7	+	35085375	35086114	35085375	35085656	35085980	35086114	1275	818,766,902	14,24,25	941,897,885	46,13,13	424	100	0.91631096374	1.0	0.932,0.883,0.895	0.828,0.942,0.941	-0.0
1276	"Prpf4b"	NA	chrNC_000079.7	+	35085375	35087256	35085375	35085656	35086612	35087256	1276	1654,1605,1849	0,0,0	1601,1837,1606	0,0,1	1056	100	1	1.0	1.0,1.0,1.0	1.0,1.0,0.993	0.002
1277	"Prpf4b"	NA	chrNC_000079.7	+	35085375	35087256	35085375	35086114	35086612	35087256	1277	785,782,886	76,81,80	601,874,666	130,97,133	598	100	0.00100117311437	0.0230774004204423	0.633,0.618,0.649	0.436,0.601,0.456	0.136
1278	"Prpf4b"	NA	chrNC_000079.7	+	35086612	35087256	35086612	35086658	35087169	35087256	1278	451,332,371	67,66,47	565,433,483	78,60,83	611	100	0.761318055057	1.0	0.524,0.452,0.564	0.542,0.542,0.488	-0.011
1279	"Prpf4b"	NA	chrNC_000079.7	+	35085375	35087585	35085375	35087256	35087512	35087585	1279	106,103,129	54,26,38	146,116,123	68,47,39	356	100	0.480596662272	0.9475887421043003	0.355,0.527,0.488	0.376,0.409,0.47	0.038
1280	"Prpf4b"	NA	chrNC_000079.7	+	35085375	35088072	35085375	35087256	35088026	35088072	1280	423,362,413	74,64,44	566,418,476	91,65,105	870	100	0.307316591121	0.7650678771963357	0.397,0.394,0.519	0.417,0.425,0.343	0.042
1281	"Prpf4b"	NA	chrNC_000079.7	+	35085375	35088072	35085375	35087585	35088026	35088072	1281	324,268,293	39,36,27	436,310,371	34,29,28	541	100	0.0475766732028	0.26649591073736223	0.606,0.579,0.667	0.703,0.664,0.71	-0.075
1282	"Prpf4b"	NA	chrNC_000079.7	+	35085375	35090047	35085375	35088072	35089865	35090047	1282	1065,860,905	87,73,73	1208,1040,1143	119,63,112	1893	100	0.840412728062	1.0	0.393,0.384,0.396	0.349,0.466,0.35	0.003
1283	"Gm867"	NA	chrNC_000076.7	-	75773552	75775165	75773552	75774190	75774995	75775165	1283	438,441,633	202,346,439	929,537,568	662,269,328	905	100	0.497092594932	0.9618936588509783	0.193,0.123,0.137	0.134,0.181,0.161	-0.008
1284	"Cabin1"	NA	chrNC_000076.7	-	75551432	75553532	75551432	75551584	75553271	75553532	1284	219,247,168	113,158,126	147,216,319	152,125,126	1787	100	0.782094310025	1.0	0.098,0.08,0.069	0.051,0.088,0.124	-0.005
1287	"Morc2a"	NA	chrNC_000077.7	+	3599436	3600447	3599436	3600146	3600307	3600447	1287	182,147,134	25,29,33	174,190,224	18,19,44	261	100	0.11476793117	0.44303186923937354	0.736,0.66,0.609	0.787,0.793,0.661	-0.079
1296	"Entrep1"	NA	chrNC_000085.7	-	23952724	23954339	23952724	23953017	23953461	23954339	1296	36,21,55	14,19,5	76,56,41	10,12,21	544	100	0.554899549678	0.9990960032189511	0.321,0.169,0.669	0.583,0.462,0.264	-0.05
1298	"Nagpa"	NA	chrNC_000082.7	-	5021204	5021876	5021204	5021663	5021760	5021876	1298	25,12,23	32,29,18	12,49,17	20,26,30	197	100	0.599275151231	1.0	0.284,0.174,0.393	0.233,0.489,0.223	-0.031
1299	"Fhip2b"	NA	chrNC_000080.7	-	70826315	70826561	70826315	70826451	70826545	70826561	1299	167,161,189	5,5,3	152,158,284	4,3,2	194	100	0.216852071911	0.6393883238281987	0.945,0.943,0.97	0.951,0.964,0.987	-0.015
1302	"Frk"	NA	chrNC_000076.7	+	34359395	34360365	34359395	34359584	34359740	34360365	1302	11,7,8	6,3,0	2,15,2	3,1,4	256	100	0.319816317286	0.7828047980017908	0.417,0.477,1.0	0.207,0.854,0.163	0.223
1303	"Frk"	NA	chrNC_000076.7	+	34359395	34360365	34359395	34359584	34359744	34360365	1303	11,7,9	2,0,0	2,15,2	4,2,0	260	100	0.00259786858079	0.044040057845773334	0.679,1.0,1.0	0.161,0.743,1.0	0.258
1304	"Gm31513"	NA	chrNC_000078.7	+	84242424	84243186	84242424	84242519	84243075	84243186	1304	16,29,10	4,12,2	9,11,23	5,6,2	656	100	0.922733807074	1.0	0.379,0.269,0.433	0.215,0.218,0.637	0.004
1305	"Hddc2"	NA	chrNC_000076.7	+	31189400	31189694	31189400	31189479	31189559	31189694	1305	1,0,4	2,1,1	0,0,1	0,0,1	180	100	1	1.0	0.217,0.0,0.69	NA,NA,0.357	-0.055
1306	"Eya4"	NA	chrNC_000076.7	-	23225659	23226381	23225659	23225788	23225913	23226381	1306	27,18,20	3,0,3	52,14,29	2,3,1	225	100	0.735728975424	1.0	0.8,1.0,0.748	0.92,0.675,0.928	0.008
1307	"Dcaf11"	NA	chrNC_000080.7	+	55797897	55798876	55797897	55798084	55798531	55798876	1307	161,152,170	70,78,82	247,216,232	94,97,74	547	100	0.0958624940822	0.3978975222315617	0.296,0.263,0.275	0.324,0.289,0.364	-0.048
1308	"Dcaf11"	NA	chrNC_000080.7	+	55797897	55798876	55797897	55798275	55798531	55798876	1308	104,98,107	1,14,5	167,158,138	2,1,7	356	100	0.0181045836953	0.14572369930169177	0.967,0.663,0.857	0.959,0.978,0.847	-0.099
1309	"Dcaf11"	NA	chrNC_000080.7	+	55797897	55798876	55797897	55798432	55798531	55798876	1309	89,86,90	39,37,22	123,118,103	31,21,37	199	100	0.129932026752	0.48071849158592145	0.534,0.539,0.673	0.666,0.738,0.583	-0.08
1310	"Dcaf11"	NA	chrNC_000080.7	+	55797897	55798876	55797897	55798084	55798666	55798876	1310	584,742,722	12,13,14	777,669,746	12,22,17	682	100	0.367293673532	0.8269915179174476	0.877,0.893,0.883	0.905,0.817,0.865	0.022
1312	"Gm26740"	NA	chrNC_000076.7	-	22062183	22062723	22062183	22062338	22062657	22062723	1312	0,5,0	0,0,1	2,1,4	0,0,0	419	100	1	1.0	NA,1.0,0.0	1.0,1.0,1.0	-0.5
1313	"Gm26740"	NA	chrNC_000076.7	-	22062183	22062723	22062183	22062385	22062657	22062723	1313	0,5,0	0,1,0	2,0,4	2,1,0	372	100	1	1.0	NA,0.573,NA	0.212,0.0,1.0	0.169
1314	"Gm26740"	NA	chrNC_000076.7	-	22085861	22095670	22085861	22086128	22087879	22095670	1314	0,0,0	3,0,0	0,2,0	0,0,4	1851	100	1	1.0	0.0,NA,NA	NA,1.0,0.0	-0.5
1315	"Abcc1"	NA	chrNC_000082.7	+	14261211	14263333	14261211	14261338	14263156	14263333	1315	143,135,137	53,60,65	239,179,206	95,67,56	1918	100	0.139700554	0.500112374319553	0.123,0.105,0.099	0.116,0.122,0.161	-0.024
1316	"LOC118567828"	NA	chrNC_000076.7	+	18124143	18130495	18124143	18124506	18124730	18130495	1316	0,0,6	1,0,0	3,6,0	0,0,0	324	100	1	1.0	0.0,NA,1.0	1.0,1.0,NA	-0.5
1317	"Gm20655"	NA	chrNC_000076.7	-	17668701	17669067	17668701	17668817	17668910	17669067	1317	1,3,6	0,2,0	0,4,1	1,0,2	193	100	0.0243708470109	0.1739068904742174	1.0,0.437,1.0	0.0,1.0,0.206	0.41
1318	"Gm20655"	NA	chrNC_000076.7	-	17668701	17676994	17668701	17668817	17670880	17676994	1318	5,11,13	0,0,3	17,16,5	0,0,4	2163	100	0.766924023639	1.0	1.0,1.0,0.167	1.0,1.0,0.055	0.037
1319	"Gm20655"	NA	chrNC_000076.7	-	17668701	17676994	17668701	17669067	17670880	17676994	1319	4,8,6	0,0,1	16,12,2	3,0,0	1913	100	0.159282730743	0.5377680393051338	1.0,1.0,0.239	0.218,1.0,1.0	0.007
1323	"Plagl1"	NA	chrNC_000076.7	+	13002885	13007438	13002885	13004740	13005369	13007438	1323	664,662,694	48,52,56	931,585,653	78,36,53	729	100	0.956981454108	1.0	0.655,0.636,0.63	0.621,0.69,0.628	-0.006
1327	"Pcmt1"	NA	chrNC_000076.7	-	7556246	7556922	7556246	7556401	7556670	7556922	1327	120,169,193	11,12,7	170,122,159	7,6,13	369	100	0.752050404535	1.0	0.747,0.792,0.882	0.868,0.846,0.768	-0.02
1328	"Pcmt1"	NA	chrNC_000076.7	-	7556246	7556922	7556246	7556401	7556805	7556922	1328	199,264,288	0,0,0	250,194,246	0,0,1	504	100	1	1.0	1.0,1.0,1.0	1.0,1.0,0.98	0.007
1331	"Slc52a2"	NA	chrNC_000081.7	+	76425113	76432078	76425113	76425997	76429771	76432078	1331	113,129,117	0,1,0	101,143,164	0,0,1	3874	100	1	1.0	1.0,0.769,1.0	1.0,1.0,0.809	-0.013
1332	"4930526I15Rik"	NA	chrNC_000075.7	-	124195124	124196189	124195124	124195695	124195814	124196189	1332	379,344,357	3,7,12	253,317,303	12,10,5	219	100	0.163857414337	0.5451704626539439	0.983,0.957,0.931	0.906,0.935,0.965	0.022
1335	"Gm47113"	NA	chrNC_000075.7	+	121698568	121699008	121698568	121698875	121698947	121699008	1335	0,1,0	1,1,1	0,3,2	0,1,0	172	100	1	1.0	0.0,0.368,0.0	NA,0.636,1.0	-0.695
1336	"Nktr"	NA	chrNC_000075.7	+	121556381	121558746	121556381	121556456	121558701	121558746	1336	109,94,51	0,1,0	76,90,101	1,2,4	2345	100	7.02050776824e-06	0.0009779872560626505	1.0,0.8,1.0	0.764,0.657,0.518	0.287
1337	"Nktr"	NA	chrNC_000075.7	+	121559062	121560631	121559062	121559090	121560543	121560631	1337	147,118,80	15,22,11	162,133,183	25,32,30	1553	100	0.248519707542	0.6777209937483881	0.387,0.257,0.319	0.294,0.211,0.282	0.059
1338	"Nktr"	NA	chrNC_000075.7	+	121581862	121582158	121581862	121581893	121582053	121582158	1338	76,57,46	0,0,0	64,62,69	0,2,0	260	100	1	1.0	1.0,1.0,1.0	1.0,0.923,1.0	0.026
1339	"Nktr"	NA	chrNC_000075.7	+	121581862	121582158	121581862	121581893	121582056	121582158	1339	76,57,46	0,0,0	64,62,69	0,1,0	263	100	1	1.0	1.0,1.0,1.0	1.0,0.959,1.0	0.014
1340	"Dtna"	NA	chrNC_000084.7	+	23766274	23768834	23766274	23766295	23768716	23768834	1340	2552,2789,1369	0,0,1	1401,2260,4409	0,0,1	2521	100	1	1.0	1.0,1.0,0.982	1.0,1.0,0.994	-0.004
1341	"Dtna"	NA	chrNC_000084.7	+	23784572	23786434	23784572	23784705	23786385	23786434	1341	597,346,480	502,446,466	618,566,562	447,536,495	1780	100	0.0683769220957	0.3304368904896271	0.063,0.042,0.055	0.072,0.056,0.06	-0.009
1343	"Slc25a38"	NA	chrNC_000075.7	+	119948948	119949502	119948948	119949021	119949322	119949502	1343	51,54,53	4,6,5	77,58,46	15,14,4	401	100	0.0747738947445	0.34822028889735174	0.761,0.692,0.726	0.561,0.508,0.741	0.123
1344	"Slc25a38"	NA	chrNC_000075.7	+	119948948	119949502	119948948	119949071	119949322	119949502	1344	39,38,45	10,13,7	52,47,31	25,15,9	351	100	0.174873740932	0.56949468096	0.526,0.454,0.647	0.372,0.472,0.495	0.096
1346	"Oxsr1"	NA	chrNC_000075.7	-	119151070	119151493	119151070	119151193	119151322	119151493	1346	43,28,28	8,7,5	29,29,48	6,2,8	229	100	0.406058225134	0.8674597090987199	0.701,0.636,0.71	0.679,0.864,0.724	-0.073
1347	"Golga4"	NA	chrNC_000075.7	+	118405290	118405577	118405290	118405424	118405516	118405577	1347	7,11,32	4,0,0	27,30,23	0,0,1	192	100	0.140731133243	0.5027767427843479	0.477,1.0,1.0	1.0,1.0,0.923	-0.149
1348	"Golga4"	NA	chrNC_000075.7	+	118405290	118406296	118405290	118405424	118406209	118406296	1348	83,57,95	20,7,4	92,116,114	19,8,12	885	100	0.982329820209	1.0	0.319,0.479,0.729	0.354,0.621,0.518	0.011
1349	"Golga4"	NA	chrNC_000075.7	+	118405290	118406296	118405290	118405577	118406209	118406296	1349	76,47,68	3,0,0	67,92,93	0,0,0	732	100	0.663619223709	1.0	0.776,1.0,1.0	1.0,1.0,1.0	-0.075
1351	"Azi2"	NA	chrNC_000075.7	+	117888124	117888734	117888124	117888243	117888687	117888734	1351	104,70,71	5,9,4	93,105,110	2,8,15	544	100	0.92394096181	1.0	0.793,0.588,0.765	0.895,0.707,0.574	-0.01
1353	"Cnot10"	NA	chrNC_000075.7	-	114426546	114427903	114426546	114426674	114426862	114427903	1353	134,164,158	268,282,314	296,147,178	345,232,310	288	100	0.0187098625007	0.1480742387389511	0.148,0.168,0.149	0.23,0.18,0.166	-0.037
1354	"Cnot10"	NA	chrNC_000075.7	-	114426546	114427903	114426546	114426674	114427772	114427903	1354	496,599,618	1,6,1	862,501,638	6,4,3	1198	100	0.338708040588	0.8047236281900103	0.976,0.893,0.981	0.923,0.913,0.947	0.022
1355	"Cnot10"	NA	chrNC_000075.7	-	114426862	114427903	114426862	114426898	114427772	114427903	1355	393,472,478	224,282,284	641,391,498	304,221,289	974	100	0.374106447944	0.8347054729892591	0.153,0.147,0.147	0.178,0.154,0.15	-0.012
1356	"Fbxl2"	NA	chrNC_000075.7	-	113815473	113818262	113815473	113815604	113818187	113818262	1356	257,225,246	61,61,69	422,302,452	85,48,108	2683	100	0.0524466808778	0.28481214497029017	0.136,0.121,0.117	0.156,0.19,0.135	-0.036
1357	"T2"	NA	chrNC_000083.7	+	8587409	8591335	8587409	8591113	8591226	8591335	1357	1,4,5	4,6,5	6,0,0	11,3,10	213	100	0.0751064208161	0.34825032170012216	0.105,0.238,0.319	0.204,0.0,0.0	0.153
1358	"T2"	NA	chrNC_000083.7	+	8640936	8641560	8640936	8641091	8641358	8641560	1358	22,54,42	1,7,23	126,18,87	44,4,14	367	100	0.557056481274	0.9998929781523226	0.857,0.678,0.332	0.438,0.551,0.629	0.083
1364	"Ip6k2"	NA	chrNC_000075.7	+	108673262	108673771	108673262	108673595	108673739	108673771	1364	246,209,230	26,27,21	245,269,201	26,20,30	244	100	0.967911477104	1.0	0.795,0.76,0.818	0.794,0.846,0.733	0.0
1367	"Dalrd3"	NA	chrNC_000075.7	+	108448980	108449316	108448980	108449063	108449139	108449316	1367	450,454,542	385,530,514	687,481,528	701,504,691	176	100	0.183515120275	0.5841022156895381	0.399,0.327,0.375	0.358,0.352,0.303	0.029
1368	"Dalrd3"	NA	chrNC_000075.7	+	108448980	108449496	108448980	108449063	108449385	108449496	1368	1367,1409,1584	7,20,4	2031,1574,1678	4,2,5	422	100	0.000339888477188	0.010676496871670117	0.979,0.943,0.989	0.992,0.995,0.988	-0.021
1369	"Dalrd3"	NA	chrNC_000075.7	+	108448980	108449496	108448980	108449316	108449385	108449496	1369	416,380,470	348,371,398	535,533,465	474,355,468	169	100	0.66368564382	1.0	0.414,0.377,0.411	0.4,0.47,0.37	-0.013
1370	"Dalrd3"	NA	chrNC_000075.7	+	108449591	108449972	108449591	108449660	108449749	108449972	1370	3545,3731,3841	581,591,619	2971,3282,2544	821,600,697	189	100	6.18432826329e-05	0.00404379341950636	0.764,0.77,0.767	0.657,0.743,0.659	0.081
1371	"Klhdc8b"	NA	chrNC_000075.7	-	108326819	108327691	108326819	108326984	108327477	108327691	1371	266,176,169	23,17,21	254,256,221	32,11,5	593	100	0.068904062507	0.3319828816126737	0.661,0.636,0.576	0.572,0.797,0.882	-0.126
1372	"Gpx1"	NA	chrNC_000075.7	+	108216278	108216757	108216278	108216515	108216619	108216757	1372	7444,7438,8176	1,4,4	6742,9639,5328	3,7,1	204	100	1	1.0	1.0,0.999,0.999	0.999,0.999,1.0	0.0
1374	"Gmppb"	NA	chrNC_000075.7	+	107926489	107926844	107926489	107926560	107926710	107926844	1374	226,208,224	5,7,16	222,288,255	16,7,9	250	100	0.915863928582	1.0	0.948,0.922,0.848	0.847,0.943,0.919	0.003
1375	"Gmppb"	NA	chrNC_000075.7	+	107926489	107926844	107926489	107926619	107926710	107926844	1375	181,178,189	7,7,10	175,235,191	9,7,12	191	100	0.813462782483	1.0	0.931,0.93,0.908	0.911,0.946,0.893	0.006
1377	"Mon1a"	NA	chrNC_000075.7	+	107778393	107779159	107778393	107778695	107778936	107779159	1377	299,311,283	9,0,1	310,316,387	7,7,0	341	100	0.574964643001	1.0	0.907,1.0,0.988	0.929,0.93,1.0	0.012
1379	"Sema3f"	NA	chrNC_000075.7	-	107559523	107560892	107559523	107560038	107560758	107560892	1379	43,37,74	259,202,216	28,65,23	155,175,65	820	100	0.138912485563	0.4978474314808188	0.02,0.022,0.04	0.022,0.043,0.041	-0.008
1380	"Krt78"	NA	chrNC_000081.7	-	101854435	101856524	101854435	101855025	101855355	101856524	1380	0,0,2	0,1,0	2,0,0	0,0,0	430	100	1	1.0	NA,0.0,1.0	1.0,NA,NA	-0.5
1382	"Sema3b"	NA	chrNC_000075.7	-	107483754	107484133	107483754	107483853	107483952	107484133	1382	18,7,22	6,6,13	28,41,20	22,11,2	199	100	0.304926892239	0.7628410450566548	0.601,0.37,0.46	0.39,0.652,0.834	-0.148
1383	"Zmynd10"	NA	chrNC_000075.7	+	107424502	107425107	107424502	107424694	107424998	107425107	1383	111,154,164	3,0,7	324,177,212	6,0,1	404	100	0.0726393791403	0.3424286051659295	0.902,1.0,0.853	0.93,1.0,0.981	-0.052
1384	"Zmynd10"	NA	chrNC_000075.7	+	107424502	107425107	107424502	107424747	107424998	107425107	1384	58,86,82	73,131,188	140,96,105	274,102,125	351	100	0.171368389977	0.5619900936400287	0.185,0.158,0.111	0.127,0.211,0.193	-0.026
1385	"Zmynd10"	NA	chrNC_000075.7	+	107424502	107425107	107424502	107424843	107424998	107425107	1385	38,59,58	4,3,5	105,60,82	26,16,22	255	100	3.69674935039e-05	0.0030370217740127072	0.788,0.885,0.82	0.613,0.595,0.594	0.23
1386	"Zmynd10"	NA	chrNC_000075.7	+	107426226	107426567	107426226	107426364	107426478	107426567	1386	73,94,120	76,98,177	157,111,94	202,86,129	214	100	0.670123712159	1.0	0.31,0.309,0.241	0.266,0.376,0.254	-0.012
1388	"Rpl29"	NA	chrNC_000075.7	+	106306761	106307213	106306761	106306775	106307168	106307213	1388	102,90,80	1225,1520,1198	51,74,113	1379,1272,1551	493	100	0.109887192958	0.4352021832353918	0.017,0.012,0.013	0.007,0.012,0.015	0.003
1389	"Rpl29"	NA	chrNC_000075.7	+	106306761	106307213	106306761	106306838	106307168	106307213	1389	101,86,80	277,320,250	50,73,113	345,255,304	430	100	0.131398450404	0.4823542003350103	0.078,0.059,0.069	0.033,0.062,0.08	0.01
1391	"Aste1"	NA	chrNC_000075.7	+	105273743	105275057	105273743	105273904	105273996	105275057	1391	40,37,30	7,3,5	49,21,23	13,1,10	192	100	0.233236169681	0.6582921563148929	0.749,0.865,0.758	0.663,0.916,0.545	0.083
1393	"Gm36063"	NA	chrNC_000082.7	-	90388671	90390305	90388671	90388794	90390199	90390305	1393	10,5,0	2,0,0	0,2,2	0,3,1	1505	100	1	1.0	0.249,1.0,NA	NA,0.042,0.117	0.545
1398	"Afdn"	NA	chrNC_000083.7	+	14116349	14119720	14116349	14116484	14119206	14119720	1398	501,449,378	317,277,305	341,443,913	294,288,238	2822	100	0.011345536127	0.11059912507993092	0.053,0.054,0.042	0.039,0.052,0.12	-0.021
1400	"Dzip1l"	NA	chrNC_000075.7	+	99541685	99543158	99541685	99541828	99542974	99543158	1400	517,411,517	174,160,189	453,600,451	230,145,134	1246	100	0.530076042649	0.9877122082224837	0.193,0.171,0.18	0.136,0.249,0.213	-0.018
1401	"Dzip1l"	NA	chrNC_000075.7	+	99545578	99546526	99545578	99545769	99546234	99546526	1401	60,48,132	1,1,6	163,91,68	5,6,4	565	100	0.291317598478	0.7448561073100858	0.914,0.895,0.796	0.852,0.729,0.751	0.091
1402	"Dzip1l"	NA	chrNC_000075.7	+	99546234	99547907	99546234	99546526	99547767	99547907	1402	251,120,344	1,1,7	511,243,169	11,7,6	1341	100	0.0294380119518	0.19568338235179916	0.949,0.899,0.786	0.776,0.721,0.677	0.153
1403	"Cep70"	NA	chrNC_000075.7	+	99179631	99180635	99179631	99179746	99180555	99180635	1403	89,93,85	24,24,12	129,96,112	17,10,28	909	100	0.233355748679	0.6582921563148929	0.29,0.299,0.438	0.455,0.514,0.306	-0.083
1404	"Cep70"	NA	chrNC_000075.7	+	99183313	99192505	99183313	99184717	99185856	99192505	1404	9,14,8	0,0,0	6,2,11	2,0,0	1239	100	0.405002059802	0.8666406320224084	1.0,1.0,1.0	0.195,1.0,1.0	0.268
1407	"Clstn2"	NA	chrNC_000075.7	-	97326447	97336796	97326447	97327766	97336635	97336796	1407	4530,6099,2547	77,102,43	3931,3784,14759	72,74,362	8969	100	0.0451001887998	0.26130380635544165	0.396,0.4,0.398	0.378,0.363,0.313	0.047
1408	"Gk5"	NA	chrNC_000075.7	+	96060973	96066680	96060973	96061059	96063824	96066680	1408	155,130,129	0,0,1	207,141,276	0,0,0	2865	100	1	1.0	1.0,1.0,0.818	1.0,1.0,1.0	-0.061
1410	"Gm32018"	NA	chrNC_000075.7	-	95191853	95194555	95191853	95191997	95192426	95194555	1410	9,1,0	0,0,0	2,0,7	1,0,0	529	100	1	1.0	1.0,1.0,NA	0.274,NA,1.0	0.363
1414	"Zic4"	NA	chrNC_000075.7	+	91250431	91251279	91250431	91250947	91251146	91251279	1414	62,12,38	0,0,0	44,19,16	0,0,1	299	100	1	1.0	1.0,1.0,1.0	1.0,1.0,0.843	0.052
1415	"Ripply2"	NA	chrNC_000075.7	+	86897589	86897999	86897589	86897683	86897920	86897999	1415	0,15,1	0,0,0	12,4,74	3,0,2	337	100	1	1.0	NA,1.0,1.0	0.543,1.0,0.917	0.18
1416	"Dop1a"	NA	chrNC_000075.7	+	86430853	86432220	86430853	86430909	86432055	86432220	1416	205,174,189	57,58,60	211,139,199	64,71,78	1246	100	0.102260860101	0.41279565158356174	0.224,0.194,0.202	0.209,0.136,0.17	0.035
1417	"Dop1a"	NA	chrNC_000075.7	+	86430853	86433828	86430853	86432220	86433698	86433828	1417	182,172,167	54,67,70	241,170,220	81,66,79	1578	100	0.877360755888	1.0	0.176,0.14,0.131	0.159,0.14,0.15	-0.001
1421	"Gm2065"	NA	chrNC_000075.7	+	82994317	82996751	82994317	82994819	82996316	82996751	1421	1002,764,766	31,26,17	579,796,433	16,18,7	1597	100	0.220407646006	0.6431960742814122	0.669,0.648,0.738	0.694,0.735,0.795	-0.056
1422	"Plxnb2"	NA	chrNC_000081.7	-	89039751	89040588	89039751	89040377	89040458	89040588	1422	2073,2223,2446	153,135,205	3042,2075,1452	171,185,90	181	100	0.556783090072	0.9998929781523226	0.882,0.901,0.868	0.908,0.861,0.899	-0.006
1423	"Plxnb2"	NA	chrNC_000081.7	-	89039751	89040588	89039751	89040380	89040458	89040588	1423	2032,2190,2418	231,264,351	2987,2040,1431	251,293,142	178	100	0.0887387648024	0.38317924855375957	0.832,0.823,0.795	0.87,0.796,0.85	-0.022
1425	"Dock9"	NA	chrNC_000080.7	-	121779448	121781037	121779448	121780422	121780482	121781037	1425	22,41,28	7,7,3	25,14,107	8,5,19	160	100	0.492758094447	0.958589517066295	0.663,0.785,0.854	0.661,0.636,0.779	0.075
1426	"Dock9"	NA	chrNC_000080.7	-	121779448	121781037	121779448	121780526	121780595	121781037	1426	39,40,29	4,13,7	46,21,103	9,9,39	169	100	0.210498991095	0.6326817706082364	0.852,0.645,0.71	0.752,0.58,0.61	0.088
1427	"Dock9"	NA	chrNC_000080.7	-	121829805	121831795	121829805	121829839	121831747	121831795	1427	115,101,65	0,0,0	111,132,349	0,0,3	2008	100	0.75076449663	1.0	1.0,1.0,1.0	1.0,1.0,0.853	0.049
1428	"Rnf215"	NA	chrNC_000077.7	+	4089738	4090078	4089738	4089858	4089934	4090078	1428	90,79,69	246,216,217	64,81,76	226,238,201	176	100	0.7007035004	1.0	0.172,0.172,0.153	0.139,0.162,0.177	0.006
1429	"Arpp19"	NA	chrNC_000075.7	+	74963916	74967595	74963916	74964198	74964446	74967595	1429	1349,1432,1342	6,13,3	1260,1405,1515	12,15,14	348	100	0.0182382033146	0.14572369930169177	0.985,0.969,0.992	0.968,0.964,0.969	0.015
1430	"Atosa"	NA	chrNC_000075.7	+	74926278	74931028	74926278	74926437	74930866	74931028	1430	1882,1427,1751	119,109,101	2278,1826,1630	101,106,114	4529	100	0.233812881987	0.6582921563148929	0.259,0.224,0.277	0.332,0.276,0.24	-0.029
1431	"Pigb"	NA	chrNC_000075.7	-	72920638	72923577	72920638	72922473	72923430	72923577	1431	3605,3511,3767	0,2,6	3893,3649,3768	4,6,2	1057	100	1	1.0	1.0,0.994,0.983	0.989,0.983,0.994	0.004
1432	"Tex9"	NA	chrNC_000075.7	-	72365853	72369272	72365853	72368560	72369137	72369272	1432	374,551,623	111,118,148	837,402,498	137,135,91	677	100	0.44208874007	0.9050813566672715	0.332,0.408,0.383	0.474,0.305,0.447	-0.034
1433	"Tex9"	NA	chrNC_000075.7	-	72385621	72388057	72385621	72385704	72387205	72388057	1433	343,332,406	14,12,8	704,345,361	18,9,20	1601	100	0.780658092746	1.0	0.605,0.633,0.76	0.71,0.705,0.53	0.018
1434	"Tex9"	NA	chrNC_000075.7	-	72385621	72388057	72385621	72385704	72387878	72388057	1434	492,470,552	119,110,143	923,492,521	132,104,76	2274	100	0.000530179864271	0.014518771667728922	0.154,0.158,0.145	0.235,0.172,0.232	-0.061
1435	"Tex9"	NA	chrNC_000075.7	-	72387205	72388057	72387205	72387280	72387878	72388057	1435	152,144,152	3,2,4	226,151,167	14,8,2	698	100	0.0432284742514	0.25367038736535824	0.879,0.912,0.845	0.698,0.73,0.923	0.095
1436	"Tex9"	NA	chrNC_000075.7	-	72387205	72388057	72387205	72387283	72387878	72388057	1436	152,144,152	0,1,0	226,151,167	0,0,0	695	100	1	1.0	1.0,0.954,1.0	1.0,1.0,1.0	-0.015
1437	"Dram1"	NA	chrNC_000076.7	-	88158662	88160647	88158662	88158897	88160443	88160647	1437	184,143,125	0,0,1	136,146,147	0,0,3	1646	100	0.687643605263	1.0	1.0,1.0,0.884	1.0,1.0,0.749	0.045
1440	"Mindy2"	NA	chrNC_000075.7	-	70506295	70512960	70506295	70512571	70512796	70512960	1440	1,0,8	2,1,0	8,7,10	5,0,0	325	100	0.0314954197864	0.205522046834268	0.133,0.0,1.0	0.33,1.0,1.0	-0.399
1441	"Rnf111"	NA	chrNC_000075.7	-	70410221	70410650	70410221	70410284	70410513	70410650	1441	58,42,30	1,0,4	45,49,55	0,0,0	329	100	0.0554117621139	0.29248646756661545	0.946,1.0,0.695	1.0,1.0,1.0	-0.12
1443	"Ice2"	NA	chrNC_000075.7	+	69322619	69324391	69322619	69323643	69324215	69324391	1443	38,13,23	44,60,41	21,34,23	51,35,49	672	100	0.570332399041	1.0	0.114,0.031,0.077	0.058,0.126,0.065	-0.009
1444	"Rora"	NA	chrNC_000075.7	+	68571082	68572250	68571082	68571210	68571312	68572250	1444	38,34,29	1,1,1	19,36,26	2,2,1	202	100	0.257438320942	0.6925544754812493	0.95,0.944,0.935	0.825,0.899,0.928	0.059
1445	"Taf1"	NA	chrNC_000086.8	+	100642914	100644635	100642914	100642979	100644098	100644635	1445	1999,1895,2106	12,8,21	2497,1906,2289	14,16,7	1219	100	0.3923622335	0.8546081550876954	0.932,0.951,0.892	0.936,0.907,0.964	-0.011
1447	"Ankdd1a"	NA	chrNC_000075.7	-	65409466	65410852	65409466	65409598	65410647	65410852	1447	2,23,8	1,0,0	2,6,12	3,1,10	1149	100	3.17011941743e-05	0.002745152057688032	0.148,1.0,1.0	0.055,0.343,0.095	0.552
1448	"Parp16"	NA	chrNC_000075.7	+	65143118	65144064	65143118	65143223	65143922	65144064	1448	18,15,9	1,0,6	27,24,13	3,0,0	799	100	0.0631738351271	0.3172554353404834	0.693,1.0,0.158	0.53,1.0,1.0	-0.226
1450	"Gm36033"	NA	chrNC_000075.7	-	63843189	63844471	63843189	63843489	63843670	63844471	1450	36,43,35	0,0,0	115,34,66	2,0,0	281	100	1	1.0	1.0,1.0,1.0	0.953,1.0,1.0	0.016
1451	"Gm36033"	NA	chrNC_000075.7	-	63843189	63844471	63843189	63843820	63843924	63844471	1451	2,2,7	0,4,0	33,5,19	1,0,1	204	100	0.193926027357	0.5991697122968448	1.0,0.197,1.0	0.942,1.0,0.903	-0.216
1452	"Gm36033"	NA	chrNC_000075.7	-	63843189	63844471	63843189	63843820	63844322	63844471	1452	13,16,27	5,9,12	95,21,58	9,3,5	602	100	6.85397514222e-06	0.0009779872560626505	0.302,0.228,0.272	0.637,0.538,0.658	-0.344
1453	"Gm36033"	NA	chrNC_000075.7	-	63843189	63844471	63843189	63843883	63844322	63844471	1453	13,16,25	0,0,0	85,18,48	0,1,0	539	100	1	1.0	1.0,1.0,1.0	1.0,0.77,1.0	0.077
1454	"Gm36033"	NA	chrNC_000075.7	-	63843189	63844471	63843189	63844093	63844322	63844471	1454	10,14,18	0,2,0	46,15,35	6,0,1	329	100	0.00587569747698	0.07411706581198393	1.0,0.68,1.0	0.7,1.0,0.914	0.022
1455	"Gm36033"	NA	chrNC_000075.7	-	63844580	63845184	63844580	63844675	63845044	63845184	1455	13,9,22	3,4,4	54,7,34	3,2,3	469	100	0.0598535569625	0.3070112542293943	0.48,0.324,0.54	0.793,0.427,0.707	-0.194
1457	"Gm16759"	NA	chrNC_000075.7	+	63394908	63403347	63394908	63394991	63395593	63403347	1457	3,1,0	0,0,0	0,1,0	0,0,4	702	100	1	1.0	1.0,1.0,NA	NA,1.0,0.0	0.5
1458	"Gm39352"	NA	chrNC_000075.7	-	62445562	62447932	62445562	62445694	62445989	62447932	1458	0,1,4	0,0,0	0,0,5	0,1,2	395	100	1	1.0	NA,1.0,1.0	NA,0.0,0.388	0.806
1459	"Gm39352"	NA	chrNC_000075.7	-	62445562	62447932	62445562	62446070	62446562	62447932	1459	0,2,6	0,0,0	0,8,4	0,1,2	592	100	1	1.0	NA,1.0,1.0	NA,0.575,0.253	0.586
1461	"Uaca"	NA	chrNC_000075.7	+	60776856	60779565	60776856	60777312	60777822	60779565	1461	709,780,848	2,5,3	1132,901,936	0,1,0	610	100	0.17490098816	0.56949468096	0.983,0.962,0.979	1.0,0.993,1.0	-0.023
1462	"Pkm"	NA	chrNC_000075.7	+	59566868	59570439	59566868	59568754	59570322	59570439	1462	67,90,54	0,1,0	141,67,94	0,0,0	1668	100	1	1.0	1.0,0.844,1.0	1.0,1.0,1.0	-0.052
1463	"Parp6"	NA	chrNC_000075.7	+	59524517	59525990	59524517	59525142	59525750	59525990	1463	26,36,37	2,1,3	31,37,63	0,1,10	708	100	0.851550941672	1.0	0.647,0.836,0.635	1.0,0.839,0.471	-0.064
1464	"Celf6"	NA	chrNC_000075.7	+	59496104	59496802	59496104	59496270	59496646	59496802	1464	2,6,0	0,0,0	2,4,4	0,1,0	476	100	1	1.0	1.0,1.0,NA	1.0,0.457,1.0	0.181
1465	"Pml"	NA	chrNC_000075.7	-	58125358	58127852	58125358	58126011	58127105	58127852	1465	1831,1745,1896	0,0,2	1902,1686,1212	0,0,2	1194	100	1	1.0	1.0,1.0,0.988	1.0,1.0,0.981	0.002
1467	"Chodl"	NA	chrNC_000082.7	+	78745899	78748624	78745899	78745978	78747244	78748624	1467	3,2,0	1,2,2	2,2,9	0,4,0	1366	100	0.170460230517	0.5610638535098563	0.18,0.068,0.0	1.0,0.035,1.0	-0.596
1468	"Ulk3"	NA	chrNC_000075.7	+	57501416	57501653	57501416	57501495	57501566	57501653	1468	16,20,16	35,33,44	10,15,14	55,37,72	171	100	0.0113182291475	0.11059912507993092	0.211,0.262,0.175	0.096,0.192,0.102	0.086
1469	"Ulk3"	NA	chrNC_000075.7	+	57501566	57501937	57501566	57501607	57501889	57501937	1469	49,60,58	31,35,18	73,30,72	45,39,50	382	100	0.0601253152016	0.3070112542293943	0.293,0.31,0.458	0.298,0.168,0.274	0.107
1471	"Ulk3"	NA	chrNC_000075.7	+	57501566	57501937	57501566	57501708	57501889	57501937	1471	40,52,48	7,3,2	61,26,59	1,1,0	281	100	1	1.0	0.67,0.86,0.895	0.956,0.902,1.0	-0.144
1474	"Mdm1"	NA	chrNC_000076.7	+	117983885	117986861	117983885	117984020	117986693	117986861	1474	79,125,132	15,26,24	281,120,196	46,30,35	2773	100	0.846233776381	1.0	0.16,0.148,0.166	0.181,0.126,0.168	-0.0
1475	"Mdm1"	NA	chrNC_000076.7	+	117983885	117986861	117983885	117984020	117986726	117986861	1475	88,158,151	1,4,0	319,137,212	1,0,1	2806	100	1	1.0	0.758,0.585,1.0	0.919,1.0,0.883	-0.153
1477	"Npat"	NA	chrNC_000075.7	+	53473341	53474976	53473341	53474283	53474454	53474976	1477	95,93,77	16,16,24	103,97,100	17,31,12	271	100	0.763225041249	1.0	0.687,0.682,0.542	0.691,0.536,0.755	-0.024
1480	"Wdr20"	NA	chrNC_000078.7	+	110745729	110746324	110745729	110745912	110746222	110746324	1480	16,19,37	4,0,0	38,20,36	0,0,0	410	100	0.117505988282	0.45045320754350243	0.494,1.0,1.0	1.0,1.0,1.0	-0.169
1481	"Cryab"	NA	chrNC_000075.7	+	50664270	50664777	50664270	50664384	50664485	50664777	1481	3311,3068,3398	50,43,42	2565,3680,2080	59,48,40	201	100	0.0805926411962	0.3581398368829747	0.971,0.973,0.976	0.956,0.974,0.963	0.009
1482	"Cryab"	NA	chrNC_000075.7	+	50664270	50664777	50664270	50664395	50664485	50664777	1482	3166,2914,3274	325,252,368	2471,3484,1965	284,314,240	190	100	0.468114930589	0.9321305936129665	0.837,0.859,0.824	0.821,0.854,0.812	0.011
1483	"Nkapd1"	NA	chrNC_000075.7	-	50527957	50528567	50527957	50527984	50528527	50528567	1483	152,160,172	0,1,0	162,167,221	1,4,1	643	100	0.0503663850207	0.27632516713411437	1.0,0.961,1.0	0.962,0.867,0.972	0.053
1484	"Gm30541"	NA	chrNC_000085.7	-	53301502	53313621	53301502	53310034	53313509	53313621	1484	32,24,49	0,0,0	26,20,35	0,0,4	3575	100	0.0161887984396	0.13613887191726612	1.0,1.0,1.0	1.0,1.0,0.197	0.268
1485	"Gm30541"	NA	chrNC_000085.7	-	53313509	53314246	53313509	53313621	53314076	53314246	1485	6,0,2	6,0,2	5,6,0	0,0,7	555	100	1	1.0	0.153,NA,0.153	1.0,1.0,0.0	-0.514
1486	"Zfp280c"	NA	chrNC_000086.8	-	47680549	47682475	47680549	47680638	47681276	47682475	1486	87,48,36	0,1,0	61,62,71	0,1,5	738	100	0.00354821330695	0.05337312411017746	1.0,0.867,1.0	1.0,0.894,0.658	0.105
1487	"Zfp280c"	NA	chrNC_000086.8	-	47680549	47682475	47680549	47680638	47682390	47682475	1487	182,132,67	0,4,7	151,178,187	8,3,8	1852	100	0.555365162838	0.9990960032189511	1.0,0.641,0.341	0.505,0.762,0.558	0.052
1488	"Prkab2"	NA	chrNC_000069.7	+	97565540	97566082	97565540	97565776	97565904	97566082	1488	8,2,2	8,4,0	9,10,12	15,6,31	228	100	0.644520504902	1.0	0.305,0.18,1.0	0.208,0.422,0.145	0.237
1491	"Gm46294"	NA	chrNC_000077.7	-	98826444	98829028	98826444	98828367	98828749	98829028	1491	43,66,58	2,4,4	84,32,54	14,4,4	482	100	0.0474700957896	0.26649591073736223	0.817,0.774,0.751	0.555,0.624,0.737	0.142
1492	"Gm46294"	NA	chrNC_000077.7	-	98826444	98829712	98826444	98828991	98829668	98829712	1492	34,18,14	0,6,0	27,19,11	1,0,0	777	100	0.0181723491256	0.14572369930169177	1.0,0.279,1.0	0.777,1.0,1.0	-0.166
1493	"Gm46294"	NA	chrNC_000077.7	-	98826444	98829712	98826444	98829028	98829668	98829712	1493	32,13,13	1,1,0	22,16,10	0,0,0	740	100	1	1.0	0.812,0.637,1.0	1.0,1.0,1.0	-0.184
1494	"Gm46294"	NA	chrNC_000077.7	-	98829668	98833072	98829668	98829712	98832878	98833072	1494	65,100,62	1,4,0	84,84,32	1,0,0	3266	100	0.00163592544782	0.0327623979617145	0.666,0.434,1.0	0.72,1.0,1.0	-0.207
1495	"Kcnh2"	NA	chrNC_000071.7	-	24536660	24537110	24536660	24536792	24536963	24537110	1495	66,85,55	1,6,6	89,64,226	4,1,1	271	100	0.00368911390723	0.05397224182084438	0.961,0.839,0.772	0.891,0.959,0.988	-0.089
1496	"Mro"	NA	chrNC_000084.7	+	74004988	74006477	74004988	74005135	74006291	74006477	1496	96,68,65	60,72,56	101,84,103	131,65,92	1256	100	0.253122002886	0.6843906305879697	0.113,0.07,0.085	0.058,0.093,0.082	0.012
1497	"Mro"	NA	chrNC_000084.7	+	74004988	74006477	74004988	74005135	74006294	74006477	1497	99,72,65	39,33,41	104,89,103	85,41,59	1259	100	0.148453874926	0.5175693310804179	0.168,0.148,0.112	0.089,0.147,0.122	0.023
1498	"Mro"	NA	chrNC_000084.7	+	74010915	74014400	74010915	74010998	74013915	74014400	1498	950,1094,1248	16,47,28	1804,1130,1250	42,26,21	3017	100	0.362151373225	0.8254606480808705	0.663,0.436,0.596	0.587,0.59,0.664	-0.049
1499	"Zmym6"	NA	chrNC_000070.7	+	126971175	126972339	126971175	126971393	126972200	126972339	1499	719,726,697	39,37,56	1005,731,915	80,33,66	907	100	0.698351281836	1.0	0.67,0.684,0.578	0.581,0.709,0.605	0.012
1500	"Zmym6"	NA	chrNC_000070.7	+	127016141	127018167	127016141	127016338	127016634	127018167	1500	518,530,474	5,15,3	544,463,596	8,9,11	396	100	0.643133695123	1.0	0.963,0.899,0.976	0.945,0.929,0.932	0.011
1501	"Gm15764"	NA	chrNC_000082.7	+	18232372	18240037	18232372	18235666	18239918	18240037	1501	182,109,92	3,2,2	224,154,145	3,0,0	4352	100	0.00673187747884	0.07966460539927395	0.582,0.556,0.514	0.632,1.0,1.0	-0.327
1502	"Gm46302"	NA	chrNC_000077.7	-	115667498	115668064	115667498	115667612	115667807	115668064	1502	16,9,10	0,2,4	7,9,0	8,0,1	295	100	0.181211230844	0.5817643122486734	1.0,0.604,0.459	0.229,1.0,0.0	0.278
1503	"Pusl1"	NA	chrNC_000070.7	-	155975508	155975872	155975508	155975696	155975814	155975872	1503	222,236,140	44,40,35	205,188,308	30,48,37	218	100	0.335160518835	0.8025816908425559	0.698,0.73,0.647	0.758,0.642,0.792	-0.039
1504	"Ccnl2"	NA	chrNC_000070.7	+	155902995	155903457	155902995	155903009	155903326	155903457	1504	1006,760,806	4,6,5	1053,808,1164	4,4,1	417	100	0.0947432617656	0.3957723737900683	0.984,0.968,0.975	0.984,0.98,0.996	-0.011
1505	"Ccnl2"	NA	chrNC_000070.7	+	155902995	155904885	155902995	155903009	155904162	155904885	1505	2210,1893,1980	2,1,4	2789,2290,3030	5,0,4	1253	100	0.898099400536	1.0	0.989,0.993,0.975	0.978,1.0,0.984	-0.002
1506	"Ccnl2"	NA	chrNC_000070.7	+	155902995	155904885	155902995	155903457	155904162	155904885	1506	1153,1090,1117	22,16,25	1649,1421,1782	25,20,29	805	100	0.30012308785	0.7559704193957548	0.867,0.894,0.847	0.891,0.898,0.884	-0.022
1507	"Ccnl2"	NA	chrNC_000070.7	+	155902995	155904885	155902995	155903009	155904785	155904885	1507	3918,3421,3560	31,31,15	4945,4093,5269	12,24,20	1876	100	0.00220754532827	0.04041700132444046	0.871,0.855,0.927	0.956,0.901,0.934	-0.046
1508	"Mib2"	NA	chrNC_000070.7	-	155741845	155742217	155741845	155741979	155742054	155742217	1508	68,117,74	257,306,297	102,79,135	389,266,331	175	100	0.584626292483	1.0	0.131,0.179,0.125	0.13,0.145,0.189	-0.01
1509	"Mib2"	NA	chrNC_000070.7	-	155753030	155753676	155753030	155753187	155753271	155753676	1509	306,373,338	19,41,34	426,427,436	54,32,39	184	100	0.730601443918	1.0	0.897,0.832,0.844	0.811,0.879,0.859	0.008
1510	"Mib2"	NA	chrNC_000070.7	-	155753030	155753676	155753030	155753187	155753447	155753676	1510	362,426,394	9,14,20	509,498,534	17,7,12	360	100	0.0678160983478	0.32921633197932	0.918,0.894,0.845	0.893,0.952,0.925	-0.038
1511	"Cdk11b"	NA	chrNC_000070.7	+	155709987	155710230	155709987	155710111	155710183	155710230	1511	108,106,81	45,52,49	109,124,121	74,49,60	172	100	0.843590207921	1.0	0.583,0.542,0.49	0.461,0.595,0.54	0.006
1512	"Cfap74"	NA	chrNC_000070.7	+	155549366	155549882	155549366	155549521	155549749	155549882	1512	57,67,90	16,62,90	123,93,69	83,45,40	328	100	0.618839557029	1.0	0.521,0.248,0.234	0.311,0.387,0.345	-0.013
1513	"Faap20"	NA	chrNC_000070.7	+	155334422	155335107	155334422	155334519	155334962	155335107	1513	412,402,417	67,88,97	281,439,345	107,88,63	543	100	0.356823904908	0.8189568705768138	0.531,0.457,0.442	0.326,0.479,0.502	0.041
1514	"Faap20"	NA	chrNC_000070.7	+	155334422	155335107	155334422	155334519	155335001	155335107	1514	552,528,543	17,41,41	397,557,464	33,35,30	582	100	0.460617390263	0.9258582925989034	0.848,0.689,0.695	0.674,0.732,0.727	0.033
1517	"Zbtb48"	NA	chrNC_000070.7	-	152105000	152105372	152105000	152105165	152105235	152105372	1517	24,21,21	41,45,39	22,21,29	28,41,41	170	100	0.349785310697	0.8150633712532277	0.256,0.215,0.241	0.316,0.232,0.294	-0.043
1518	"Zbtb48"	NA	chrNC_000070.7	-	152105745	152106085	152105745	152105900	152105998	152106085	1518	3,0,0	26,26,21	0,2,1	22,19,42	198	100	1	1.0	0.055,0.0,0.0	0.0,0.05,0.012	-0.002
1519	"Zbtb48"	NA	chrNC_000070.7	-	152110844	152112122	152110844	152111516	152112021	152112122	1519	38,36,51	0,3,1	42,63,103	6,1,9	605	100	0.044895103137	0.26058679429519566	1.0,0.665,0.894	0.536,0.912,0.654	0.152
1523	"Rbp7"	NA	chrNC_000070.7	-	149549949	149550919	149549949	149550038	149550570	149550919	1523	13,9,8	0,0,0	2,12,4	2,0,0	632	100	0.339335755652	0.8053568600807468	1.0,1.0,1.0	0.137,1.0,1.0	0.288
1524	"Kcng3"	NA	chrNC_000083.7	-	83881451	83895808	83881451	83888762	83889977	83895808	1524	36,36,14	0,0,2	34,25,75	0,1,0	1315	100	0.571868151259	1.0	1.0,1.0,0.347	1.0,0.655,1.0	-0.103
1525	"Mthfr"	NA	chrNC_000070.7	+	148139829	148144019	148139829	148140390	148141459	148144019	1525	681,575,678	1,1,1	676,737,695	3,1,3	1169	100	0.132700293618	0.48351329476666366	0.983,0.98,0.983	0.951,0.984,0.952	0.02
1526	"Wrap73"	NA	chrNC_000070.7	+	154239697	154240749	154239697	154239823	154240557	154240749	1526	81,71,50	96,111,96	40,102,134	89,115,118	834	100	0.120270220547	0.4560305167249562	0.092,0.071,0.059	0.051,0.096,0.12	-0.015
1527	"Sfswap"	NA	chrNC_000071.7	+	129578285	129581169	129578285	129580657	129581046	129581169	1527	282,277,259	9,10,6	271,274,314	9,3,17	489	100	0.863052717215	1.0	0.865,0.85,0.898	0.86,0.949,0.791	0.004
1528	"Glo1"	NA	chrNC_000083.7	-	30811834	30813200	30811834	30812048	30813088	30813200	1528	9223,8870,9526	107,131,119	9849,9621,8064	116,106,121	1140	100	0.77071600294	1.0	0.883,0.856,0.875	0.882,0.888,0.854	-0.003
1529	"Stub1"	NA	chrNC_000083.7	-	26050282	26050605	26050282	26050339	26050517	26050605	1529	1429,1807,1808	820,903,894	1981,1656,1731	815,993,1013	278	100	0.946433608206	1.0	0.385,0.419,0.421	0.466,0.375,0.381	0.001
1530	"Dhrs3"	NA	chrNC_000070.7	+	144618711	144620279	144618711	144619480	144620154	144620279	1530	1320,1203,1454	1,2,5	1491,1174,602	20,0,5	774	100	0.000199745203816	0.0078046784515422435	0.994,0.987,0.974	0.906,1.0,0.94	0.036
1531	"Dhrs3"	NA	chrNC_000070.7	+	144618711	144620279	144618711	144619945	144620154	144620279	1531	724,658,820	11,3,8	838,675,320	22,4,11	309	100	0.00905707343286	0.09514381402912603	0.955,0.986,0.971	0.925,0.982,0.904	0.034
1532	"Tnpo2"	NA	chrNC_000074.7	+	85763653	85765118	85763653	85763920	85764963	85765118	1532	372,331,322	22,16,32	332,352,412	10,14,25	1143	100	0.0915366705818	0.3897309384870563	0.597,0.644,0.468	0.744,0.687,0.59	-0.104
1533	"Tnpo2"	NA	chrNC_000074.7	+	85781350	85781882	85781350	85781426	85781807	85781882	1533	78,36,33	1,0,0	55,42,70	0,0,0	481	100	1	1.0	0.942,1.0,1.0	1.0,1.0,1.0	-0.019
1535	"Clcn4"	NA	chrNC_000073.7	-	7291873	7292272	7291873	7292087	7292169	7292272	1535	926,1068,928	9,9,14	916,981,1200	26,13,23	182	100	0.00634224456589	0.07755935721034947	0.983,0.985,0.973	0.951,0.976,0.966	0.016
1536	"Clcn4"	NA	chrNC_000073.7	-	7294409	7294955	7294409	7294725	7294818	7294955	1536	940,1007,887	64,109,75	805,913,1138	104,56,100	193	100	0.744307610747	1.0	0.884,0.827,0.86	0.8,0.894,0.855	0.007
1537	"Clcn4"	NA	chrNC_000073.7	-	7301690	7302476	7301690	7301835	7302088	7302476	1537	81,69,85	0,10,3	84,98,106	3,1,8	353	100	0.673883760844	1.0	1.0,0.662,0.889	0.888,0.965,0.79	-0.031
1538	"Clcn4"	NA	chrNC_000073.7	-	7301690	7302476	7301690	7301835	7302198	7302476	1538	91,98,115	4,17,3	122,134,161	4,27,21	463	100	0.288955184608	0.7417359269103603	0.831,0.555,0.892	0.868,0.517,0.623	0.09
1539	"Clcn4"	NA	chrNC_000073.7	-	7301690	7302476	7301690	7301835	7302239	7302476	1539	106,114,122	27,28,55	135,150,181	53,30,60	504	100	0.864692187918	1.0	0.438,0.447,0.306	0.336,0.498,0.374	-0.006
1540	"Gpm6b"	NA	chrNC_000086.8	+	165168386	165172028	165168386	165168477	165169947	165172028	1540	91787,85170,88012	717,802,694	99958,99268,70887	1376,810,1050	1570	100	6.00545086509e-05	0.004008638452447575	0.891,0.871,0.89	0.822,0.886,0.811	0.044
1544	"Tfr2"	NA	chrNC_000071.7	+	137568126	137568380	137568126	137568196	137568333	137568380	1544	32,4,15	3,1,4	16,20,6	9,9,8	237	100	0.00274224645801	0.045289472430227004	0.818,0.628,0.613	0.429,0.484,0.24	0.302
1545	"Tfr2"	NA	chrNC_000071.7	+	137568126	137568380	137568126	137568215	137568333	137568380	1545	32,4,15	0,0,2	16,20,6	5,1,0	218	100	0.00294739684237	0.04745457026609788	1.0,1.0,0.775	0.595,0.902,1.0	0.093
1546	"Tfr2"	NA	chrNC_000071.7	+	137568126	137568380	137568126	137568221	137568333	137568380	1546	32,4,15	2,1,1	16,20,6	7,4,0	212	100	0.0481125358754	0.268054714776425	0.883,0.654,0.876	0.519,0.702,1.0	0.064
1547	"Tfr2"	NA	chrNC_000071.7	+	137568126	137568380	137568126	137568256	137568333	137568380	1547	24,3,7	5,2,1	16,14,5	4,0,0	177	100	0.171331713843	0.5619900936400287	0.731,0.459,0.798	0.693,1.0,1.0	-0.235
1548	"Ankle1"	NA	chrNC_000074.7	+	71859322	71859617	71859322	71859428	71859505	71859617	1548	0,3,5	6,2,0	7,3,3	2,2,2	177	100	0.459290339333	0.9249316450175563	0.0,0.459,1.0	0.664,0.459,0.459	-0.041
1549	"Srrm1"	NA	chrNC_000070.7	-	135071809	135073756	135071809	135071980	135073626	135073756	1549	1215,1031,1096	11,32,10	2534,1234,2046	59,22,21	1746	100	0.597511181529	1.0	0.864,0.649,0.863	0.711,0.763,0.848	0.018
1552	"Zdhhc18"	NA	chrNC_000070.7	-	133333382	133334081	133333382	133333891	133334001	133334081	1552	41,35,28	5,1,0	41,29,11	2,3,1	210	100	0.6281309988	1.0	0.796,0.943,1.0	0.907,0.822,0.84	0.057
1553	"Dlgap4"	NA	chrNC_000068.8	+	156589942	156590340	156589942	156590022	156590251	156590340	1553	272,233,175	4,5,4	123,206,252	1,11,8	329	100	0.108885784226	0.4323048979679107	0.954,0.934,0.93	0.974,0.851,0.905	0.029
1554	"Dnpep"	NA	chrNC_000067.7	-	75293353	75293662	75293353	75293447	75293534	75293662	1554	93,78,58	172,145,173	61,120,57	147,157,163	187	100	0.740610663585	1.0	0.224,0.223,0.152	0.182,0.29,0.158	-0.01
1555	"Npas4"	NA	chrNC_000085.7	-	5039669	5051200	5039669	5040780	5050300	5051200	1555	773,838,394	3,1,0	669,806,940	2,0,1	9620	100	0.400953353583	0.8639369493653827	0.728,0.897,1.0	0.777,1.0,0.907	-0.02
1556	"Npas4"	NA	chrNC_000085.7	-	5050300	5053467	5050300	5051200	5051528	5053467	1556	27,27,25	5,3,3	16,30,19	14,10,15	428	100	0.000145354066733	0.00655935816637369	0.558,0.678,0.661	0.211,0.412,0.228	0.349
1559	"Dyrk1b"	NA	chrNC_000073.7	+	27885138	27885454	27885138	27885174	27885258	27885454	1559	59,43,44	15,5,11	47,55,68	6,7,8	184	100	0.0954671173103	0.39724239462623534	0.681,0.824,0.685	0.81,0.81,0.822	-0.084
1560	"Mecr"	NA	chrNC_000070.7	+	131570780	131571279	131570780	131570989	131571105	131571279	1560	11,4,4	4,2,0	4,2,12	1,1,2	216	100	0.692965817008	1.0	0.56,0.481,1.0	0.649,0.481,0.735	0.059
1562	"Mecr"	NA	chrNC_000070.7	+	131575188	131576244	131575188	131575325	131575528	131576244	1562	16,16,3	0,1,0	8,21,34	0,0,0	303	100	1	1.0	1.0,0.841,1.0	1.0,1.0,1.0	-0.053
1563	"Mecr"	NA	chrNC_000070.7	+	131575188	131576244	131575188	131575325	131576127	131576244	1563	41,51,13	0,0,0	47,47,115	0,0,1	902	100	1	1.0	1.0,1.0,1.0	1.0,1.0,0.927	0.024
1564	"Mecr"	NA	chrNC_000070.7	+	131575188	131576244	131575188	131575941	131576127	131576244	1564	14,12,2	1,0,0	14,10,35	1,4,2	286	100	7.53313446712e-05	0.004489504927822555	0.83,1.0,1.0	0.83,0.466,0.86	0.225
1566	"S100pbp"	NA	chrNC_000070.7	-	129075534	129075893	129075534	129075633	129075759	129075893	1566	239,280,259	20,14,6	286,251,271	12,8,21	226	100	0.949678913963	1.0	0.841,0.898,0.95	0.913,0.933,0.851	-0.003
1567	"S100pbp"	NA	chrNC_000070.7	-	129075534	129076325	129075534	129075893	129076001	129076325	1567	233,245,259	1,0,0	263,245,202	1,0,4	208	100	0.873028103983	1.0	0.991,1.0,1.0	0.992,1.0,0.96	0.013
1568	"S100pbp"	NA	chrNC_000070.7	-	129075534	129076325	129075534	129075893	129076124	129076325	1568	439,411,432	17,4,1	473,425,378	5,4,0	331	100	0.0118827219263	0.11235694159242478	0.886,0.969,0.992	0.966,0.97,1.0	-0.03
1569	"Mbtd1"	NA	chrNC_000077.7	+	93776994	93777899	93776994	93777242	93777847	93777899	1569	10,35,18	15,7,9	14,7,13	8,15,15	705	100	0.0589308344091	0.30514844030654154	0.086,0.415,0.221	0.199,0.062,0.109	0.117
1570	"Krt77"	NA	chrNC_000081.7	-	101767165	101768538	101767165	101767465	101768306	101768538	1570	6,10,2	0,0,1	2,1,25	0,0,2	941	100	1	1.0	1.0,1.0,0.175	1.0,1.0,0.571	-0.132
1571	"Csmd2"	NA	chrNC_000070.7	+	128457801	128461459	128457801	128458017	128458812	128461459	1571	11,24,13	11,16,8	10,18,67	21,9,44	895	100	0.857109829621	1.0	0.101,0.144,0.154	0.051,0.183,0.145	0.007
1574	"Eif2s3y"	NA	chrNC_000087.8	+	1016056	1016684	1016056	1016191	1016589	1016684	1574	0,0,533	0,0,183	394,622,663	165,212,200	498	100	1	1.0	NA,NA,0.369	0.324,0.371,0.4	0.004
1575	"Eif2s3y"	NA	chrNC_000087.8	+	1016990	1017508	1016990	1017095	1017363	1017508	1575	0,0,92	0,0,13	90,76,68	17,15,24	368	100	1	1.0	NA,NA,0.658	0.59,0.579,0.435	0.123
1576	"Eif2s3y"	NA	chrNC_000087.8	+	1016990	1017508	1016990	1017102	1017363	1017508	1576	0,0,82	0,0,41	87,70,67	50,37,42	361	100	1	1.0	NA,NA,0.357	0.325,0.344,0.306	0.032
1577	"Ncdn"	NA	chrNC_000070.7	-	126646309	126647203	126646309	126646833	126647117	126647203	1577	1158,1274,924	5,2,2	914,1124,2643	4,4,4	384	100	1	1.0	0.984,0.994,0.992	0.983,0.987,0.994	0.002
1578	"Clspn"	NA	chrNC_000070.7	+	126486444	126487696	126486444	126486594	126486835	126487696	1578	22,15,11	1,6,10	6,10,4	4,3,4	341	100	0.313178831644	0.7740998816537802	0.866,0.423,0.244	0.305,0.494,0.227	0.169
1579	"Eva1b"	NA	chrNC_000070.7	+	126041124	126042838	126041124	126042424	126042676	126042838	1579	39,35,28	15,17,19	15,32,43	26,13,17	352	100	0.462902579739	0.9291474502068579	0.425,0.369,0.295	0.141,0.412,0.418	0.039
1580	"Eva1b"	NA	chrNC_000070.7	+	126041124	126042838	126041124	126042424	126042743	126042838	1580	83,74,56	41,35,52	49,65,81	28,19,51	419	100	0.392020808266	0.8544524622240736	0.326,0.335,0.204	0.295,0.449,0.275	-0.051
1581	"Eva1b"	NA	chrNC_000070.7	+	126042676	126043668	126042676	126042838	126043028	126043668	1581	10,8,4	57,60,89	5,6,4	86,70,69	290	100	0.157720713371	0.5363238036588215	0.057,0.044,0.015	0.02,0.029,0.02	0.016
1582	"Meaf6"	NA	chrNC_000070.7	+	124997222	125001502	124997222	125001339	125001444	125001502	1582	28,16,42	9,14,11	50,29,10	5,12,30	205	100	0.726731567123	1.0	0.603,0.358,0.651	0.83,0.541,0.14	0.034
1583	"Meaf6"	NA	chrNC_000070.7	+	124997222	125002149	124997222	125001339	125002115	125002149	1583	121,95,134	47,59,23	196,99,90	26,40,124	876	100	0.612781181632	1.0	0.227,0.155,0.399	0.463,0.22,0.077	0.007
1584	"Meaf6"	NA	chrNC_000070.7	+	124997222	125002149	124997222	125001502	125002115	125002149	1584	102,79,98	108,128,112	160,76,82	117,107,99	713	100	0.185869260693	0.5868392873913176	0.117,0.08,0.109	0.161,0.091,0.104	-0.017
1586	"Gnl2"	NA	chrNC_000070.7	+	124936406	124936682	124936406	124936473	124936581	124936682	1586	34,8,39	6,1,6	86,25,26	4,3,3	208	100	0.082268184154	0.3630975076730526	0.731,0.794,0.758	0.912,0.8,0.806	-0.078
1588	"Epha10"	NA	chrNC_000070.7	+	124805975	124807098	124805975	124806101	124806912	124807098	1588	0,8,8	0,0,0	2,0,80	2,0,16	911	100	1	1.0	NA,1.0,1.0	0.099,NA,0.354	0.774
1589	"Rlf"	NA	chrNC_000070.7	-	121045411	121047455	121045411	121045493	121046166	121047455	1589	8,19,7	0,0,2	17,6,16	0,0,0	773	100	0.5316363625	0.9880295275232018	1.0,1.0,0.312	1.0,1.0,1.0	-0.229
1590	"Rlf"	NA	chrNC_000070.7	-	121045411	121047455	121045411	121045493	121047300	121047455	1590	27,37,39	30,32,14	72,24,53	48,21,58	1907	100	0.547727010165	0.9971014761755899	0.045,0.057,0.127	0.073,0.057,0.046	0.018
1591	"Scmh1"	NA	chrNC_000070.7	+	120386330	120387384	120386330	120386345	120386450	120387384	1591	431,456,426	1,7,2	386,348,442	0,0,0	205	100	0.751671211396	1.0	0.995,0.969,0.99	1.0,1.0,1.0	-0.015
1592	"Scmh1"	NA	chrNC_000070.7	+	120386330	120387397	120386330	120386445	120386950	120387397	1592	958,1113,908	21,23,35	942,883,1167	37,25,35	605	100	0.250043749641	0.680662849490029	0.883,0.889,0.811	0.808,0.854,0.846	0.025
1595	"Pja1"	NA	chrNC_000086.8	-	98509343	98511914	98509343	98511188	98511728	98511914	1595	1663,1914,1425	106,144,82	1374,1683,2874	114,119,135	640	100	0.894424455088	1.0	0.71,0.675,0.731	0.653,0.688,0.769	0.002
1596	"Pja1"	NA	chrNC_000086.8	-	98509343	98511920	98509343	98511179	98511728	98511920	1596	1672,1915,1427	19,17,6	1374,1689,2882	12,14,24	649	100	0.881460866498	1.0	0.931,0.946,0.973	0.946,0.949,0.949	0.002
1598	"Cabp4"	NA	chrNC_000085.7	-	4185421	4186260	4185421	4186014	4186112	4186260	1598	4,9,7	0,0,1	11,5,8	0,1,0	198	100	1	1.0	1.0,1.0,0.78	1.0,0.716,1.0	0.021
1599	"Artn"	NA	chrNC_000070.7	-	117784820	117785339	117784820	117784958	117785216	117785339	1599	11,5,4	0,0,2	5,8,10	0,0,0	358	100	0.591944718818	1.0	1.0,1.0,0.358	1.0,1.0,1.0	-0.214
1600	"Artn"	NA	chrNC_000070.7	-	117786215	117787988	117786215	117786365	117786582	117787988	1600	4,0,0	2,0,1	1,0,0	0,0,1	317	100	1	1.0	0.387,NA,0.0	1.0,NA,0.0	-0.306
1602	"Artn"	NA	chrNC_000070.7	-	117786215	117787988	117786215	117786365	117786802	117787988	1602	4,0,0	1,1,1	3,0,0	0,0,0	537	100	1	1.0	0.427,0.0,0.0	1.0,NA,NA	-0.858
1603	"Serpinh1"	NA	chrNC_000073.7	-	99002088	99002321	99002088	99002172	99002259	99002321	1603	104,97,147	11,13,10	93,110,85	13,11,10	187	100	0.50232351563	0.9666333598069189	0.835,0.8,0.887	0.793,0.842,0.82	0.022
1604	"Mutyh"	NA	chrNC_000070.7	+	116672995	116673551	116672995	116673035	116673509	116673551	1604	11,8,9	1,1,2	7,21,11	2,6,4	574	100	0.186688247563	0.5868392873913176	0.657,0.582,0.439	0.379,0.379,0.324	0.199
1605	"Mutyh"	NA	chrNC_000070.7	+	116675084	116675479	116675084	116675234	116675437	116675479	1605	5,9,8	11,9,6	14,7,13	7,1,6	303	100	0.0228591582082	0.16798335527310276	0.13,0.248,0.306	0.398,0.698,0.417	-0.276
1606	"Toe1"	NA	chrNC_000070.7	-	116661198	116662252	116661198	116661333	116662005	116662252	1606	562,604,689	0,0,0	669,685,676	0,0,1	772	100	1	1.0	1.0,1.0,1.0	1.0,1.0,0.989	0.004
1607	"Rfx3"	NA	chrNC_000085.7	-	27739122	27746093	27739122	27744786	27745708	27746093	1607	628,753,713	1,1,1	1035,541,821	6,4,2	1022	100	0.00709946693138	0.08301712426329022	0.984,0.987,0.986	0.944,0.93,0.976	0.036
1608	"Rfx3"	NA	chrNC_000085.7	-	27739122	27746093	27739122	27744786	27745848	27746093	1608	725,921,828	2,9,3	1204,643,963	6,6,8	1162	100	0.437593443471	0.8987496108212077	0.969,0.898,0.96	0.945,0.902,0.912	0.023
1609	"Vinac1"	NA	chrNC_000068.8	-	128902785	128907825	128902785	128903006	128903664	128907825	1609	4,4,7	0,2,0	9,9,9	4,0,0	758	100	0.351223855877	0.8160981806939261	1.0,0.209,1.0	0.229,1.0,1.0	-0.007
1610	"Rad54l"	NA	chrNC_000070.7	-	115980258	115980875	115980258	115980345	115980675	115980875	1610	12,6,4	2,0,1	9,11,3	2,0,0	430	100	0.641712696815	1.0	0.583,1.0,0.482	0.511,1.0,1.0	-0.149
1611	"Rad54l"	NA	chrNC_000070.7	-	115980258	115980875	115980258	115980513	115980675	115980875	1611	8,0,1	5,1,2	2,5,2	2,1,0	262	100	0.114279207575	0.44303186923937354	0.379,0.0,0.16	0.276,0.656,1.0	-0.464
1612	"Rad54l"	NA	chrNC_000070.7	-	115980258	115980875	115980258	115980345	115980697	115980875	1612	15,8,4	0,4,1	13,14,3	1,0,0	452	100	0.00166708623866	0.033176051606625095	1.0,0.307,0.469	0.742,1.0,1.0	-0.322
1614	"Dgcr8"	NA	chrNC_000082.7	-	18101560	18107115	18101560	18102560	18106966	18107115	1614	87,58,17	46,34,51	26,105,189	34,36,28	4506	100	4.93896026421e-06	0.00087913492702938	0.04,0.036,0.007	0.017,0.061,0.13	-0.042
1617	"B3gnt8"	NA	chrNC_000073.7	+	25327048	25328915	25327048	25327147	25327539	25328915	1617	21,17,2	0,0,0	17,13,28	0,2,3	492	100	0.00351413736284	0.05310988731386491	1.0,1.0,1.0	1.0,0.569,0.655	0.259
1618	"Stox2"	NA	chrNC_000074.7	-	47865982	47866892	47865982	47866423	47866615	47866892	1618	10,8,8	5,15,11	7,5,7	9,13,5	292	100	0.622114024717	1.0	0.407,0.154,0.199	0.21,0.116,0.324	0.037
1620	"Nipbl"	NA	chrNC_000081.7	-	8319307	8321809	8319307	8321074	8321620	8321809	1620	119,102,105	73,73,87	140,169,90	75,65,50	646	100	0.00672450514026	0.07966460539927395	0.201,0.178,0.157	0.224,0.287,0.218	-0.064
1621	"Cc2d1b"	NA	chrNC_000070.7	+	108487474	108487792	108487474	108487503	108487601	108487792	1621	60,38,40	3,2,8	46,44,83	0,0,4	198	100	0.00195153304635	0.037218523098246435	0.91,0.906,0.716	1.0,1.0,0.913	-0.127
1622	"Cc2d1b"	NA	chrNC_000070.7	+	108487474	108487792	108487474	108487503	108487740	108487792	1622	97,76,68	1,1,1	68,81,136	1,0,1	337	100	1	1.0	0.966,0.958,0.953	0.953,1.0,0.976	-0.017
1623	"Cc2d1b"	NA	chrNC_000070.7	+	108487474	108487792	108487474	108487533	108487740	108487792	1623	70,56,41	134,104,132	39,58,98	89,132,115	307	100	0.154781255327	0.5315317707049388	0.145,0.149,0.092	0.125,0.125,0.217	-0.027
1624	"Scg2"	NA	chrNC_000067.7	-	79412082	79414735	79412082	79413648	79413768	79414735	1624	913,1250,570	565,649,373	576,787,1868	412,409,805	220	100	0.444818714501	0.9069529772691068	0.423,0.467,0.41	0.389,0.467,0.513	-0.023
1625	"Lrp8"	NA	chrNC_000070.7	+	107729469	107734037	107729469	107729570	107731278	107734037	1625	5088,5267,5177	1,0,0	7143,5078,5470	0,0,2	1808	100	1	1.0	0.996,1.0,1.0	1.0,1.0,0.993	0.001
1626	"Neil1"	NA	chrNC_000075.7	-	57053884	57054341	57053884	57053972	57054161	57054341	1626	147,158,176	0,2,0	232,138,236	2,0,0	289	100	1	1.0	1.0,0.965,1.0	0.976,1.0,1.0	-0.004
1629	"Btbd9"	NA	chrNC_000083.7	-	30434497	30439544	30434497	30439118	30439318	30439544	1629	371,389,374	7,23,13	376,421,613	23,17,13	300	100	0.946501921905	1.0	0.946,0.849,0.906	0.845,0.892,0.94	0.008
1630	"Tulp3"	NA	chrNC_000072.7	-	128301942	128302483	128301942	128302041	128302386	128302483	1630	126,116,85	12,11,13	136,160,175	2,16,15	445	100	0.107052412804	0.4276757239700948	0.702,0.703,0.595	0.939,0.692,0.724	-0.118
1631	"Tulp3"	NA	chrNC_000072.7	-	128302386	128302954	128302386	128302483	128302839	128302954	1631	100,87,110	6,3,11	109,121,124	4,11,26	456	100	0.254479488397	0.6863234687070606	0.785,0.864,0.687	0.857,0.707,0.511	0.087
1635	"Kcnc3"	NA	chrNC_000073.7	+	44250097	44250352	44250097	44250219	44250292	44250352	1635	211,141,184	12,7,11	141,173,191	6,2,12	173	100	0.224380893955	0.6482564330313976	0.91,0.921,0.906	0.931,0.98,0.902	-0.025
1636	"Kcnc3"	NA	chrNC_000073.7	+	44250097	44254175	44250097	44250219	44251292	44254175	1636	710,590,691	1,3,9	581,726,773	1,3,3	1173	100	0.122647039166	0.4618597350744677	0.984,0.944,0.867	0.98,0.954,0.956	-0.032
1637	"Kcnc3"	NA	chrNC_000073.7	+	44250097	44254175	44250097	44250352	44251292	44254175	1637	535,473,545	142,136,135	467,575,611	96,96,238	1040	100	0.548037908212	0.9971014761755899	0.266,0.251,0.28	0.319,0.365,0.198	-0.028
1638	"Clmn"	NA	chrNC_000078.7	-	104740747	104742187	104740747	104740808	104742106	104742187	1638	54,22,67	0,0,2	116,44,52	1,1,0	1398	100	1	1.0	1.0,1.0,0.706	0.892,0.759,1.0	0.018
1639	"Hook1"	NA	chrNC_000070.7	+	95903901	95904680	95903901	95903945	95904645	95904680	1639	47,35,4	0,0,0	45,33,130	0,4,6	800	100	6.75271130646e-06	0.0009779872560626505	1.0,1.0,1.0	1.0,0.508,0.73	0.254
1640	"Hook1"	NA	chrNC_000070.7	+	95903901	95905262	95903901	95904680	95905179	95905262	1640	50,88,25	30,22,18	41,63,182	18,26,92	599	100	0.942259301171	1.0	0.218,0.4,0.188	0.276,0.288,0.248	-0.002
1642	"Slc35a4"	NA	chrNC_000084.7	+	36814580	36816915	36814580	36814818	36814926	36816915	1642	549,617,603	170,192,149	513,585,416	136,189,212	208	100	0.183586146791	0.5841022156895381	0.608,0.607,0.661	0.645,0.598,0.485	0.049
1643	"Elavl2"	NA	chrNC_000070.7	-	91099769	91101392	91099769	91100358	91101265	91101392	1643	2,6,6	0,5,0	0,0,42	0,0,4	1007	100	1	1.0	1.0,0.106,1.0	NA,NA,0.51	0.192
1644	"Elavl2"	NA	chrNC_000070.7	-	91116607	91133574	91116607	91116859	91117499	91133574	1644	0,5,0	0,0,0	4,2,11	1,1,2	740	100	1	1.0	NA,1.0,NA	0.351,0.213,0.426	0.67
1647	"Elavl2"	NA	chrNC_000070.7	-	91116607	91133574	91116607	91116859	91123197	91133574	1647	14,23,8	0,0,0	24,14,63	0,0,1	6438	100	1	1.0	1.0,1.0,1.0	1.0,1.0,0.495	0.168
1652	"Zic1"	NA	chrNC_000075.7	-	91246088	91247821	91246088	91247394	91247789	91247821	1652	359,179,223	5,10,7	373,278,172	20,18,9	495	100	0.0150791530579	0.13164470408041307	0.936,0.783,0.866	0.79,0.757,0.794	0.081
1654	"Capn7"	NA	chrNC_000080.7	+	31082081	31083202	31082081	31082202	31082987	31083202	1654	133,143,124	0,1,1	203,139,233	5,4,6	885	100	5.65208174024e-05	0.004008638452447575	1.0,0.942,0.933	0.821,0.797,0.814	0.148
1656	"Gm34552"	NA	chrNC_000078.7	-	74362065	74363936	74362065	74362186	74363729	74363936	1656	104,65,91	12,7,8	185,95,96	35,7,25	1643	100	0.15008416866	0.5200697250355719	0.345,0.361,0.409	0.243,0.452,0.189	0.077
1657	"Tmem253"	NA	chrNC_000080.7	+	52252724	52254129	52252724	52253443	52254033	52254129	1657	24,32,33	0,0,0	78,24,28	0,0,1	690	100	1	1.0	1.0,1.0,1.0	1.0,1.0,0.802	0.066
1658	"Fcho1"	NA	chrNC_000074.7	-	72161569	72162029	72161569	72161734	72161973	72162029	1658	45,58,40	39,50,22	45,40,187	34,43,130	339	100	0.978441368097	1.0	0.254,0.255,0.349	0.281,0.215,0.298	0.021
1659	"Cln3"	NA	chrNC_000073.7	-	126182171	126182619	126182171	126182268	126182474	126182619	1659	78,112,110	45,49,56	119,131,130	80,51,49	306	100	0.702295421812	1.0	0.362,0.428,0.391	0.327,0.456,0.464	-0.022
1660	"Cln3"	NA	chrNC_000073.7	-	126182171	126182619	126182171	126182272	126182474	126182619	1660	76,106,109	18,23,30	115,131,130	21,21,16	302	100	0.0280383801156	0.1887289283411395	0.583,0.604,0.546	0.645,0.674,0.729	-0.105
1661	"Tle1"	NA	chrNC_000070.7	-	72075699	72076654	72075699	72075716	72076449	72076654	1661	354,291,235	48,62,41	238,273,416	51,40,54	833	100	0.653543473676	1.0	0.47,0.36,0.408	0.359,0.45,0.48	-0.017
1665	"Zfp647"	NA	chrNC_000081.7	-	76805048	76805400	76805048	76805226	76805315	76805400	1665	0,1,0	0,2,0	2,1,2	0,0,2	189	100	1	1.0	NA,0.209,NA	1.0,1.0,0.346	-0.573
1666	"Fosb"	NA	chrNC_000073.7	-	19036620	19039227	19036620	19038931	19039071	19039227	1666	415,592,299	20,25,17	147,192,863	8,12,43	240	100	0.632651962437	1.0	0.896,0.908,0.88	0.884,0.87,0.893	0.012
1668	"Gm12536"	NA	chrNC_000070.7	+	57307162	57308916	57307162	57307369	57308312	57308916	1668	0,4,2	0,0,0	0,2,0	0,0,1	1043	100	1	1.0	NA,1.0,1.0	NA,1.0,0.0	0.5
1669	"Mus81"	NA	chrNC_000085.7	-	5533482	5533693	5533482	5533586	5533662	5533693	1669	53,67,42	95,132,123	31,59,43	112,143,170	176	100	0.0144152774048	0.12801193003068065	0.241,0.224,0.162	0.136,0.19,0.126	0.058
1673	"Tspan17"	NA	chrNC_000079.7	+	54943969	54944588	54943969	54944031	54944410	54944588	1673	734,566,570	254,265,230	370,705,617	300,266,267	479	100	0.109110700248	0.43266173712201983	0.376,0.308,0.341	0.205,0.356,0.325	0.046
1674	"Rnf20"	NA	chrNC_000070.7	+	49632059	49632512	49632059	49632211	49632364	49632512	1674	236,212,212	98,156,135	86,220,158	153,101,180	253	100	0.0475677292575	0.26649591073736223	0.488,0.349,0.383	0.182,0.463,0.258	0.106
1675	"Pgap4"	NA	chrNC_000070.7	-	49584505	49587241	49584505	49586806	49586903	49587241	1675	555,736,670	15,13,19	759,731,757	6,25,25	197	100	0.822946638844	1.0	0.949,0.966,0.947	0.985,0.937,0.939	0.0
1678	"Spehd"	NA	chrNC_000072.7	-	88167141	88168641	88167141	88167771	88168516	88168641	1678	2,0,4	0,0,1	0,0,0	0,1,2	845	100	1	1.0	1.0,NA,0.321	NA,0.0,0.0	0.66
1679	"Spehd"	NA	chrNC_000072.7	-	88173599	88174365	88173599	88173899	88174211	88174365	1679	10,2,8	0,0,1	2,7,4	0,0,0	412	100	1	1.0	1.0,1.0,0.66	1.0,1.0,1.0	-0.113
1683	"Neurl4"	NA	chrNC_000077.7	+	69802754	69804648	69802754	69802920	69803952	69804648	1683	230,170,251	167,196,187	299,255,255	162,196,389	1132	100	0.740018074283	1.0	0.108,0.071,0.106	0.14,0.103,0.055	-0.004
1685	"Faah"	NA	chrNC_000070.7	-	115857843	115858400	115857843	115858024	115858300	115858400	1685	5,14,8	80,137,102	12,9,55	110,80,301	376	100	0.00987826987283	0.09984219770519659	0.016,0.026,0.02	0.028,0.029,0.046	-0.014
1686	"Luc7l"	NA	chrNC_000083.7	+	26472947	26474099	26472947	26473018	26474004	26474099	1686	876,814,772	65,66,38	1238,780,1061	41,39,99	1086	100	0.356551700025	0.8189187432832257	0.554,0.532,0.652	0.735,0.648,0.497	-0.047
1687	"Ccpg1"	NA	chrNC_000075.7	+	72922613	72923622	72922613	72922711	72923179	72923622	1687	3069,2938,3132	32,52,54	3289,3078,3121	85,64,61	568	100	0.00482567690575	0.06389036696703719	0.944,0.909,0.911	0.872,0.894,0.9	0.033
1688	"Rusc2"	NA	chrNC_000070.7	+	43426227	43427088	43426227	43426365	43426447	43427088	1688	120,146,96	132,161,115	97,124,194	205,156,288	182	100	0.0142411793129	0.12801193003068065	0.333,0.333,0.314	0.206,0.304,0.27	0.067
1689	"Fancg"	NA	chrNC_000070.7	-	43010001	43010520	43010001	43010172	43010255	43010520	1689	29,45,36	3,2,0	53,46,37	4,2,2	183	100	0.420649963613	0.8785935354733063	0.841,0.925,1.0	0.879,0.926,0.91	0.017
1690	"Fancg"	NA	chrNC_000070.7	-	43010001	43010520	43010001	43010172	43010279	43010520	1690	29,47,36	2,4,7	55,46,37	2,0,4	207	100	0.0282345338648	0.18965083124280757	0.875,0.85,0.713	0.93,1.0,0.817	-0.103
1691	"Pde4b"	NA	chrNC_000070.7	+	102427270	102428075	102427270	102427386	102427962	102428075	1691	60,78,55	0,0,0	147,49,71	1,0,0	676	100	1	1.0	1.0,1.0,1.0	0.956,1.0,1.0	0.015
1693	"Pds5a"	NA	chrNC_000071.7	-	65777892	65780442	65777892	65777897	65780322	65780442	1693	522,404,525	0,0,0	552,446,416	2,3,0	2525	100	0.122672482693	0.4618597350744677	1.0,1.0,1.0	0.916,0.855,1.0	0.076
1694	"Pds5a"	NA	chrNC_000071.7	-	65777892	65780442	65777892	65777955	65780322	65780442	1694	445,287,376	129,138,140	444,342,273	158,139,163	2467	100	0.144319691417	0.5098128900772525	0.123,0.078,0.098	0.102,0.091,0.064	0.014
1696	"Tsbp1"	NA	chrNC_000083.7	+	34640826	34640961	34640826	34640856	34640931	34640961	1696	1,0,1	5,10,14	0,0,1	10,6,25	175	100	1	1.0	0.103,0.0,0.039	0.0,0.0,0.022	0.04
1697	"Tsbp1"	NA	chrNC_000083.7	+	34678836	34679708	34678836	34679093	34679167	34679708	1697	16,10,16	9,15,8	14,3,29	19,9,10	174	100	0.582667801305	1.0	0.505,0.277,0.535	0.297,0.161,0.625	0.078
1698	"Tsbp1"	NA	chrNC_000083.7	+	34678836	34679708	34678836	34679093	34679170	34679708	1698	16,10,16	4,0,3	14,3,29	1,1,3	177	100	0.452887916489	0.9166474317313683	0.693,1.0,0.751	0.888,0.629,0.845	0.027
1699	"Ccl27a"	NA	chrNC_000070.7	-	41771137	41773524	41771137	41771235	41773464	41773524	1699	725,749,738	52,79,70	1247,808,1929	84,87,118	2329	100	0.238418423368	0.6659918295301412	0.374,0.289,0.312	0.389,0.285,0.412	-0.037
1700	"Ccl27a"	NA	chrNC_000070.7	-	41771137	41773524	41771137	41771290	41773464	41773524	1700	713,732,729	5,23,14	1225,786,1913	19,14,18	2274	100	0.331642367465	0.7965383398484707	0.862,0.583,0.696	0.739,0.712,0.824	-0.045
1701	"Ccl27a"	NA	chrNC_000070.7	-	41771137	41773524	41771137	41771295	41773464	41773524	1701	713,731,729	9,15,10	1222,781,1912	22,13,17	2269	100	0.636149024697	1.0	0.777,0.682,0.763	0.71,0.726,0.832	-0.015
1702	"Ccl27a"	NA	chrNC_000070.7	-	41771137	41773524	41771137	41773350	41773464	41773524	1702	11,17,18	45,48,26	37,13,21	47,31,81	214	100	0.570942037126	1.0	0.103,0.142,0.244	0.269,0.164,0.108	-0.017
1703	"Tap1"	NA	chrNC_000083.7	+	34411810	34411939	34411810	34411831	34411915	34411939	1703	696,831,817	1,4,2	707,579,403	0,11,3	184	100	0.608084544002	1.0	0.997,0.991,0.996	1.0,0.966,0.986	0.011
1704	"Sgip1"	NA	chrNC_000070.7	+	102824807	102825532	102824807	102824872	102825367	102825532	1704	35,58,18	137,180,110	26,39,89	115,131,403	595	100	0.763156046555	1.0	0.041,0.051,0.027	0.037,0.048,0.036	-0.001
1705	"D130007C19Rik"	NA	chrNC_000070.7	-	123785864	123792386	123785864	123791876	123792364	123792386	1705	29,33,46	0,0,0	37,24,31	0,0,2	588	100	1	1.0	1.0,1.0,1.0	1.0,1.0,0.725	0.092
1706	"Lingo2"	NA	chrNC_000070.7	-	35696777	35710013	35696777	35703166	35707288	35710013	1706	133,173,92	0,0,0	79,125,389	0,0,2	4222	100	1	1.0	1.0,1.0,1.0	1.0,1.0,0.822	0.059
1710	"Zfp292"	NA	chrNC_000070.7	-	34803115	34812043	34803115	34809580	34809681	34812043	1710	78,87,63	11,5,13	143,86,127	8,11,12	201	100	0.254078701571	0.6863234687070606	0.779,0.896,0.707	0.899,0.795,0.84	-0.051
1711	"Tincr"	NA	chrNC_000083.7	-	56858413	56859996	56858413	56858989	56859675	56859996	1711	17,23,32	0,1,1	16,38,60	0,1,0	786	100	1	1.0	1.0,0.745,0.803	1.0,0.829,1.0	-0.094
1712	"Tincr"	NA	chrNC_000083.7	-	56858413	56859996	56858413	56858989	56859687	56859996	1712	19,25,34	5,5,0	16,38,61	5,9,5	798	100	0.444984419559	0.9069529772691068	0.323,0.385,1.0	0.286,0.346,0.605	0.157
1717	"Robo4"	NA	chrNC_000075.7	+	37316868	37317379	37316868	37317037	37317193	37317379	1717	0,0,4	1,0,2	0,3,0	0,0,0	256	100	1	1.0	0.0,NA,0.439	NA,1.0,NA	-0.78
1719	"Asic3"	NA	chrNC_000071.7	+	24621378	24621682	24621378	24621435	24621534	24621682	1719	2,0,10	0,0,0	4,2,0	1,0,2	199	100	1	1.0	1.0,NA,1.0	0.668,1.0,0.0	0.444
1720	"Cwf19l1"	NA	chrNC_000085.7	-	44121894	44124098	44121894	44121991	44122784	44124098	1720	64,76,69	4,2,2	151,39,159	5,1,4	893	100	0.679105928805	1.0	0.642,0.81,0.794	0.772,0.814,0.817	-0.052
1721	"Wdr54"	NA	chrNC_000072.7	-	83133156	83133361	83133156	83133227	83133296	83133361	1721	84,130,140	33,40,55	135,118,113	48,32,54	169	100	1	1.0	0.601,0.658,0.601	0.625,0.686,0.553	-0.001
1724	"Gas2"	NA	chrNC_000073.7	+	51513745	51514117	51513745	51513841	51514029	51514117	1724	6,0,3	4,10,11	7,6,0	17,7,15	288	100	0.925722482637	1.0	0.342,0.0,0.087	0.125,0.229,0.0	0.025
1725	"Ints13"	NA	chrNC_000072.7	-	146451584	146452272	146451584	146451662	146452136	146452272	1725	46,51,52	24,18,22	74,51,117	45,39,33	574	100	0.563163726134	1.0	0.25,0.33,0.292	0.223,0.186,0.382	0.027
1726	"Pex11g"	NA	chrNC_000074.7	-	3507104	3509434	3507104	3507309	3509286	3509434	1726	386,518,482	5,2,3	781,376,523	15,0,2	2077	100	0.66872159082	1.0	0.788,0.926,0.886	0.715,1.0,0.926	-0.014
1728	"Gm42253"	NA	chrNC_000070.7	-	8638923	8639539	8638923	8639250	8639406	8639539	1728	6,10,14	4,3,6	25,10,14	1,2,5	256	100	0.0642349713413	0.3204749506338476	0.369,0.566,0.477	0.907,0.661,0.522	-0.226
1733	"Tmem68"	NA	chrNC_000070.7	-	3569363	3569752	3569363	3569463	3569630	3569752	1733	253,255,271	3,2,3	292,275,435	2,0,2	267	100	0.290847894348	0.7443104261110159	0.969,0.979,0.971	0.982,1.0,0.988	-0.017
1738	"Cep250"	NA	chrNC_000068.8	+	155811914	155812156	155811914	155812076	155812139	155812156	1738	61,67,66	3,2,1	81,52,55	5,4,1	163	100	0.221404274812	0.644233863365412	0.926,0.954,0.976	0.909,0.889,0.971	0.029
1739	"Tyw3"	NA	chrNC_000069.7	-	154282156	154285928	154282156	154284927	154285282	154285928	1739	66,51,42	0,0,0	61,99,96	0,0,2	455	100	1	1.0	1.0,1.0,1.0	1.0,1.0,0.913	0.029
1740	"Slc44a5"	NA	chrNC_000069.7	+	153973313	153977359	153973313	153974257	153975485	153977359	1740	207,265,238	0,0,1	265,275,690	0,0,0	1328	100	1	1.0	1.0,1.0,0.947	1.0,1.0,1.0	-0.018
1741	"Gm52633"	NA	chrNC_000069.7	+	153305804	153307314	153305804	153305919	153306059	153307314	1741	0,1,0	0,0,0	0,0,6	0,1,0	240	100	1	1.0	NA,1.0,NA	NA,0.0,1.0	0.5
1750	"Simc1"	NA	chrNC_000079.7	+	54671782	54674485	54671782	54672917	54673022	54674485	1750	18,28,19	3,4,2	13,13,26	4,5,4	205	100	0.196458571952	0.6052435235905845	0.745,0.773,0.823	0.613,0.559,0.76	0.136
1751	"Zfp639"	NA	chrNC_000069.7	+	32564703	32567341	32564703	32564738	32567157	32567341	1751	434,314,312	0,1,2	406,425,550	2,8,3	2519	100	0.00229593593567	0.04134085400952	1.0,0.926,0.861	0.89,0.678,0.879	0.113
1753	"Daw1"	NA	chrNC_000067.7	+	83187875	83188295	83187875	83187978	83188171	83188295	1753	157,248,346	8,4,3	500,189,254	15,2,14	293	100	0.0977200271917	0.40132773871534183	0.87,0.955,0.975	0.919,0.97,0.861	0.017
1754	"Gm46828"	NA	chrNC_000069.7	-	143932209	143934037	143932209	143932303	143932814	143934037	1754	0,5,0	0,0,0	0,2,3	0,2,0	611	100	1	1.0	NA,1.0,NA	NA,0.141,1.0	0.429
1755	"Gm32046"	NA	chrNC_000077.7	-	68321513	68322504	68321513	68321708	68322419	68322504	1755	2,2,0	0,0,2	0,2,2	0,0,0	811	100	1	1.0	1.0,1.0,0.0	NA,1.0,1.0	-0.333
1756	"Tlcd2"	NA	chrNC_000077.7	+	75360297	75360727	75360297	75360444	75360639	75360727	1756	27,27,54	3,0,0	43,22,20	0,0,1	295	100	0.69802870506	1.0	0.753,1.0,1.0	1.0,1.0,0.871	-0.039
1757	"Gm33959"	NA	chrNC_000072.7	-	4584344	4585540	4584344	4584951	4585292	4585540	1757	2,5,0	0,2,0	16,2,7	3,0,2	441	100	1	1.0	1.0,0.362,NA	0.547,1.0,0.442	0.018
1759	"Gm34256"	NA	chrNC_000082.7	-	31409292	31410798	31409292	31410245	31410763	31410798	1759	9,11,11	1,0,6	6,14,5	1,0,0	618	100	0.000555869656958	0.0148417198407786	0.593,1.0,0.229	0.493,1.0,1.0	-0.224
1761	"Gm19708"	NA	chrNC_000069.7	+	137649523	137653557	137649523	137652618	137653436	137653557	1761	4,3,4	0,0,0	6,3,0	0,0,2	918	100	0.0552959771098	0.292356948283497	1.0,1.0,1.0	1.0,1.0,0.0	0.333
1763	"Slc9b2"	NA	chrNC_000069.7	+	135024040	135027817	135024040	135024221	135027646	135027817	1763	0,4,2	0,2,0	2,0,0	1,4,0	3525	100	1	1.0	NA,0.054,1.0	0.054,0.0,NA	0.5
1766	"Wnk2"	NA	chrNC_000079.7	-	49191088	49192679	49191088	49191608	49192567	49192679	1766	200,177,179	14,8,7	159,201,408	7,12,28	1059	100	0.552339481433	0.9971014761755899	0.574,0.676,0.707	0.682,0.613,0.579	0.028
1768	"Alpk1"	NA	chrNC_000069.7	-	127460366	127464780	127460366	127464520	127464591	127464780	1768	68,56,74	2,5,2	35,76,54	5,8,2	171	100	0.0951756056106	0.39654439580801354	0.952,0.868,0.956	0.804,0.847,0.94	0.062
1769	"Crocc2"	NA	chrNC_000067.7	+	93141740	93143456	93141740	93141908	93143101	93143456	1769	35,46,67	4,15,10	216,39,98	32,3,13	1293	100	0.217745533587	0.641169461369157	0.404,0.192,0.341	0.343,0.501,0.368	-0.092
1770	"Mcm6"	NA	chrNC_000067.7	-	128259311	128261393	128259311	128259788	128261253	128261393	1770	58,51,56	96,90,115	66,76,52	107,59,100	1565	100	0.0671051087219	0.327652898607737	0.037,0.035,0.03	0.038,0.076,0.032	-0.015
1772	"Abca4"	NA	chrNC_000069.7	+	121919769	121920608	121919769	121919909	121920470	121920608	1772	3,4,2	19,1,7	1,1,0	24,21,1	661	100	0.0318994418075	0.20731401937369168	0.023,0.377,0.041	0.006,0.007,0.0	0.143
1773	"Ccdc14"	NA	chrNC_000082.7	+	34536322	34542239	34536322	34542027	34542106	34542239	1773	1,0,0	16,11,12	4,0,0	13,9,11	179	100	0.620531958187	1.0	0.034,0.0,0.0	0.147,0.0,0.0	-0.038
1774	"Pou2f1"	NA	chrNC_000067.7	-	165692718	165703617	165692718	165702080	165702950	165703617	1774	65,66,51	0,1,0	102,74,67	2,0,2	970	100	0.191934503589	0.5958896797472442	1.0,0.872,1.0	0.84,1.0,0.775	0.086
1776	"Pxdn"	NA	chrNC_000078.7	+	30049497	30050048	30049497	30049692	30049890	30050048	1776	111,65,88	1,18,17	102,107,145	9,19,13	298	100	0.942039810329	1.0	0.974,0.548,0.635	0.792,0.654,0.789	-0.026
1777	"Gm32632"	NA	chrNC_000069.7	-	119265054	119266522	119265054	119265129	119266456	119266522	1777	33,9,9	0,0,1	22,42,26	0,1,1	1427	100	1	1.0	1.0,1.0,0.387	1.0,0.746,0.646	-0.002
1778	"Gm32632"	NA	chrNC_000069.7	-	119265054	119266522	119265054	119265155	119266456	119266522	1778	31,9,8	5,1,4	22,41,25	0,7,0	1401	100	0.0117136792789	0.11235694159242478	0.307,0.391,0.125	1.0,0.295,1.0	-0.491
1779	"Pafah1b3"	NA	chrNC_000073.7	-	24996796	24997377	24996796	24996895	24997267	24997377	1779	36,45,13	18,18,23	46,34,95	18,41,30	472	100	0.465700522442	0.9316949960324187	0.298,0.346,0.107	0.351,0.149,0.402	-0.05
1780	"Gm32577"	NA	chrNC_000069.7	-	119231048	119232692	119231048	119232435	119232529	119232692	1780	12,2,22	0,0,0	6,4,7	0,1,0	194	100	1	1.0	1.0,1.0,1.0	1.0,0.673,1.0	0.109
1781	"Kcnk1"	NA	chrNC_000074.7	+	126756230	126757424	126756230	126756431	126757089	126757424	1781	5268,5569,4402	39,44,52	6648,5269,6559	156,43,81	758	100	0.000437014800594	0.012702709629975537	0.947,0.943,0.918	0.849,0.942,0.914	0.034
1782	"Btbd6"	NA	chrNC_000078.7	+	112937879	112940602	112937879	112940132	112940295	112940602	1782	37,28,69	0,0,11	71,26,86	2,0,7	263	100	0.714029910437	1.0	1.0,1.0,0.705	0.931,1.0,0.824	-0.017
1784	"Btbd6"	NA	chrNC_000078.7	+	112940872	112943113	112940872	112940991	112941123	112943113	1784	55,71,65	104,164,164	82,47,51	156,147,150	232	100	0.424006410322	0.880826878846539	0.186,0.157,0.146	0.185,0.121,0.128	0.018
1786	"Prn"	NA	chrNC_000068.8	+	131794928	131798051	131794928	131795502	131796740	131798051	1786	31,24,8	1,4,2	22,22,25	1,8,0	1338	100	0.523994997308	0.9841031485198313	0.699,0.31,0.23	0.622,0.17,1.0	-0.184
1788	"Acox3"	NA	chrNC_000071.7	+	35767079	35771145	35767079	35767166	35769358	35771145	1788	585,446,494	75,96,124	445,493,391	118,112,90	2292	100	0.102631417099	0.41362397532729056	0.254,0.169,0.148	0.141,0.161,0.159	0.037
1789	"Pacs2"	NA	chrNC_000078.7	+	113035124	113038013	113035124	113036092	113036162	113038013	1789	371,300,341	110,104,107	354,353,418	138,143,145	170	100	0.132596268992	0.48351329476666366	0.665,0.629,0.652	0.601,0.592,0.629	0.041
1790	"Amigo1"	NA	chrNC_000069.7	+	108094406	108099602	108094406	108095401	108098989	108099602	1790	3042,3343,2620	0,0,1	2997,3266,5050	0,1,2	3688	100	1	1.0	1.0,1.0,0.986	1.0,0.989,0.986	0.004
1791	"Amigo1"	NA	chrNC_000069.7	+	108094406	108099602	108094406	108095907	108098989	108099602	1791	2594,2708,2230	0,0,0	2508,2742,4277	0,3,2	3182	100	0.76879981452	1.0	1.0,1.0,1.0	1.0,0.966,0.985	0.016
1792	"Amigo1"	NA	chrNC_000069.7	+	108094406	108099602	108094406	108096019	108098989	108099602	1792	2475,2608,2138	5,9,15	2413,2637,4107	9,10,5	3070	100	0.156723082702	0.5353312974170661	0.942,0.904,0.823	0.897,0.896,0.964	-0.029
1793	"Amigo1"	NA	chrNC_000069.7	+	108094441	108099602	108094441	108095368	108098989	108099602	1793	3074,3358,2642	2,0,0	3036,3307,5108	2,1,2	3721	100	0.806613600115	1.0	0.976,1.0,1.0	0.976,0.989,0.986	0.008
1794	"Ampd2"	NA	chrNC_000069.7	-	107993533	107993982	107993533	107993668	107993754	107993982	1794	32,35,46	8,3,13	14,36,29	8,10,9	186	100	0.158520175426	0.5363238036588215	0.683,0.862,0.655	0.485,0.659,0.634	0.141
1795	"Ngrn"	NA	chrNC_000073.7	+	79910962	79911679	79910962	79911171	79911568	79911679	1795	1164,1083,1217	107,133,117	916,1049,1161	135,113,134	497	100	0.125832286073	0.4704394919228612	0.686,0.621,0.677	0.577,0.651,0.635	0.04
1797	"Gm57732"	NA	chrNC_000071.7	+	25312150	25315115	25312150	25312315	25313378	25315115	1797	0,12,2	0,1,0	19,0,14	1,0,0	1163	100	1	1.0	NA,0.508,1.0	0.62,NA,1.0	-0.056
1798	"Gm57732"	NA	chrNC_000071.7	+	25312150	25315115	25312150	25313625	25314181	25315115	1798	1,4,4	0,0,0	9,0,18	2,0,2	656	100	1	1.0	1.0,1.0,1.0	0.407,NA,0.578	0.508
1800	"Gm57732"	NA	chrNC_000071.7	+	25312150	25315115	25312150	25314410	25314644	25315115	1800	6,0,0	0,1,1	4,2,5	2,0,0	334	100	0.00660433160548	0.07932141540792	1.0,0.0,0.0	0.375,1.0,1.0	-0.458
1802	"Rbm15"	NA	chrNC_000069.7	-	107226400	107233620	107226400	107226531	107232067	107233620	1802	16,40,24	0,0,0	35,22,14	2,0,0	5636	100	0.443053455481	0.9053209638782679	1.0,1.0,1.0	0.237,1.0,1.0	0.254
1803	"Nbl1"	NA	chrNC_000070.7	-	138818337	138819594	138818337	138818504	138819354	138819594	1803	97,57,42	10,6,5	50,49,101	9,17,29	950	100	0.0013073585563	0.02811259606969933	0.505,0.5,0.469	0.369,0.233,0.268	0.201
1804	"Nbl1"	NA	chrNC_000070.7	-	138818337	138819594	138818337	138818596	138819354	138819594	1804	63,40,29	14,11,14	30,37,50	11,6,34	858	100	0.470597512413	0.9341972922994126	0.344,0.298,0.194	0.241,0.418,0.146	0.01
1806	"Ap4b1"	NA	chrNC_000069.7	+	103716832	103717373	103716832	103716970	103717183	103717373	1806	261,273,305	3,7,0	374,317,283	12,0,4	313	100	0.365605760615	0.8254606480808705	0.965,0.926,1.0	0.909,1.0,0.958	0.008
1808	"Gps1"	NA	chrNC_000077.7	+	120679287	120679928	120679287	120679422	120679495	120679928	1808	192,216,201	839,804,796	198,189,272	682,807,893	173	100	0.342158088385	0.8066393495440941	0.117,0.134,0.127	0.144,0.119,0.15	-0.012
1810	"Cop1"	NA	chrNC_000067.7	+	159172390	159182442	159172390	159178516	159181967	159182442	1810	94,59,74	4,2,2	53,78,123	1,1,5	3551	100	0.600149706655	1.0	0.398,0.454,0.51	0.599,0.687,0.409	-0.111
1811	"Celsr3"	NA	chrNC_000075.7	+	108723518	108724065	108723518	108723628	108723906	108724065	1811	74,77,18	19,12,8	15,33,189	8,10,59	378	100	0.318097032522	0.780502882489415	0.507,0.629,0.373	0.332,0.466,0.459	0.084
1815	"Gm12474"	NA	chrNC_000069.7	+	100402758	100406746	100402758	100403540	100406529	100406746	1815	53,48,97	0,2,0	116,68,50	0,0,0	3089	100	0.680519187325	1.0	1.0,0.437,1.0	1.0,1.0,1.0	-0.188
1816	"Gm12474"	NA	chrNC_000069.7	+	100433996	100436133	100433996	100434290	100435964	100436133	1816	0,0,8	0,1,2	2,2,6	2,5,0	1774	100	1	1.0	NA,0.0,0.184	0.053,0.022,1.0	-0.266
1818	"Yipf2"	NA	chrNC_000075.7	-	21499977	21501056	21499977	21500854	21500930	21501056	1818	131,124,159	71,130,138	116,162,111	84,98,104	176	100	0.672783704499	1.0	0.512,0.351,0.396	0.44,0.484,0.377	-0.014
1819	"Yipf2"	NA	chrNC_000075.7	-	21503823	21504127	21503823	21503884	21504022	21504127	1819	138,138,162	33,27,37	122,137,145	25,38,21	238	100	0.72353483095	1.0	0.637,0.682,0.648	0.672,0.602,0.744	-0.017
1820	"Yipf2"	NA	chrNC_000075.7	-	21503823	21504127	21503823	21503884	21504032	21504127	1820	139,139,168	31,40,50	124,140,147	54,51,27	248	100	0.499765307275	0.9638182852326714	0.644,0.584,0.575	0.481,0.525,0.687	0.037
1822	"Abcc5"	NA	chrNC_000082.7	-	20219510	20221084	20219510	20219784	20221009	20221084	1822	2928,2451,2528	83,79,73	2194,2986,2746	81,106,61	1325	100	0.741836306969	1.0	0.727,0.701,0.723	0.672,0.68,0.773	0.009
1823	"Abcc5"	NA	chrNC_000082.7	-	20219510	20221084	20219510	20219821	20221009	20221084	1823	2862,2405,2486	50,25,36	2138,2916,2687	34,33,34	1288	100	0.603106777091	1.0	0.816,0.882,0.843	0.83,0.873,0.86	-0.007
1824	"Abcc5"	NA	chrNC_000082.7	-	20218555	20223463	20218555	20218789	20221009	20223463	1824	4217,3446,3579	0,5,0	3338,4360,3865	1,0,2	2320	100	1	1.0	1.0,0.967,1.0	0.993,1.0,0.988	-0.005
1825	"Abcc5"	NA	chrNC_000082.7	-	20218555	20223463	20218555	20218789	20223315	20223463	1825	9078,7124,7204	63,60,69	7230,9108,8173	97,103,89	4626	100	0.00332145954918	0.051339813428475004	0.757,0.72,0.693	0.617,0.657,0.665	0.077
1826	"Abcc5"	NA	chrNC_000082.7	-	20218555	20223463	20218555	20219784	20223315	20223463	1826	7789,6129,6153	0,0,2	6086,7734,7054	0,0,0	3631	100	1	1.0	1.0,1.0,0.988	1.0,1.0,1.0	-0.004
1827	"Abcc5"	NA	chrNC_000082.7	-	20221009	20223463	20221009	20221084	20223315	20223463	1827	4932,3746,3683	196,149,219	3939,4838,4381	150,211,109	2331	100	0.0757694760074	0.34980605349814065	0.519,0.519,0.419	0.53,0.496,0.633	-0.067
1828	"Gm38468"	NA	chrNC_000069.7	+	99144198	99145416	99144198	99145073	99145337	99145416	1828	0,2,0	0,0,0	0,2,0	0,1,0	364	100	1	1.0	NA,1.0,NA	NA,0.355,NA	0.645
1829	"Sbno2"	NA	chrNC_000076.7	-	79905115	79905541	79905115	79905270	79905444	79905541	1829	24,44,22	378,277,289	21,27,26	325,300,221	274	100	0.641573589922	1.0	0.023,0.055,0.027	0.023,0.032,0.041	0.003
1830	"Sbno2"	NA	chrNC_000076.7	-	79915786	79918560	79915786	79916858	79918448	79918560	1830	280,245,181	9,3,8	238,180,239	1,1,7	1690	100	0.0671872516808	0.327652898607737	0.648,0.829,0.572	0.934,0.914,0.669	-0.156
1831	"Sbno2"	NA	chrNC_000076.7	-	79915786	79918560	79915786	79916941	79918448	79918560	1831	267,217,171	2,8,2	225,165,218	2,4,2	1607	100	0.472376892842	0.9365690375406981	0.893,0.628,0.842	0.875,0.72,0.872	-0.035
1832	"Sbno2"	NA	chrNC_000076.7	-	79915786	79918560	79915786	79917216	79918448	79918560	1832	187,158,128	6,5,2	184,128,172	0,0,9	1332	100	0.147129048152	0.515192863692905	0.701,0.703,0.828	1.0,1.0,0.589	-0.119
1833	"Zfp697"	NA	chrNC_000069.7	+	98317806	98332816	98317806	98318618	98332538	98332816	1833	470,433,256	0,10,0	361,347,400	2,1,3	14020	100	0.29822393851	0.7541511436353907	1.0,0.236,1.0	0.563,0.712,0.487	0.158
1834	"Zfp697"	NA	chrNC_000069.7	+	98317806	98332816	98317806	98318803	98332538	98332816	1834	439,400,234	0,0,0	330,305,368	0,3,2	13835	100	0.000489963231823	0.013748266879655479	1.0,1.0,1.0	1.0,0.424,0.571	0.335
1835	"Zfp697"	NA	chrNC_000069.7	+	98317806	98332816	98317806	98318618	98332584	98332816	1835	471,433,257	0,0,0	363,358,406	0,2,1	14066	100	0.647106302621	1.0	1.0,1.0,1.0	1.0,0.56,0.743	0.232
1836	"Zfp697"	NA	chrNC_000069.7	+	98317806	98332816	98317806	98318803	98332584	98332816	1836	440,400,235	0,0,0	332,316,374	0,3,0	13881	100	0.243576556505	0.6713924940809769	1.0,1.0,1.0	1.0,0.431,1.0	0.19
1840	"Parp14"	NA	chrNC_000082.7	-	35661091	35662000	35661091	35661691	35661778	35662000	1840	22,30,28	84,77,107	19,23,2	62,72,34	187	100	0.412309739447	0.8691055297290711	0.123,0.172,0.123	0.141,0.146,0.03	0.034
1842	"Plcd4"	NA	chrNC_000067.7	+	74604190	74604526	74604190	74604340	74604418	74604526	1842	180,128,182	839,948,1258	238,244,162	929,1039,741	178	100	0.000277887484983	0.009575172841483742	0.108,0.071,0.075	0.126,0.117,0.109	-0.033
1843	"Pias3"	NA	chrNC_000069.7	+	96606735	96607153	96606735	96606969	96607074	96607153	1843	230,183,180	0,5,3	145,203,136	8,2,5	205	100	0.0396690346163	0.23801420769780002	1.0,0.947,0.967	0.898,0.98,0.93	0.035
1844	"Pias3"	NA	chrNC_000069.7	+	96611664	96613280	96611664	96611702	96612164	96613280	1844	213,176,224	124,162,177	247,222,207	161,138,113	562	100	0.0721833128364	0.34161792367477933	0.234,0.162,0.184	0.214,0.223,0.246	-0.034
1845	"Gm31284"	NA	chrNC_000073.7	+	84102161	84106276	84102161	84102246	84103431	84106276	1845	19,18,23	1,0,3	12,20,14	0,0,0	1285	100	0.00885919918275	0.09430190757983722	0.597,1.0,0.374	1.0,1.0,1.0	-0.343
1847	"Trio"	NA	chrNC_000081.7	-	27741337	27742596	27741337	27741365	27742389	27742596	1847	71,69,49	50,35,25	78,67,62	31,32,43	1124	100	0.509175661243	0.9715447869715927	0.112,0.149,0.148	0.183,0.157,0.114	-0.015
1848	"Trio"	NA	chrNC_000081.7	-	27741337	27742596	27741337	27741365	27742457	27742596	1848	82,74,61	108,80,78	88,73,69	94,104,98	1192	100	0.752318897174	1.0	0.06,0.072,0.062	0.073,0.056,0.056	0.003
1849	"Trio"	NA	chrNC_000081.7	-	27741337	27742596	27741337	27741365	27742469	27742596	1849	88,75,69	4,14,5	92,76,76	7,13,16	1204	100	0.284038132948	0.7339178854559613	0.646,0.308,0.534	0.522,0.327,0.283	0.119
1850	"Gm33250"	NA	chrNC_000077.7	+	116124265	116125128	116124265	116124718	116124819	116125128	1850	0,0,7	1,0,0	2,0,3	0,0,0	201	100	1	1.0	0.0,NA,1.0	1.0,NA,1.0	-0.5
1851	"Gm32364"	NA	chrNC_000076.7	+	67419956	67423889	67419956	67420181	67422177	67423889	1851	5,0,15	0,1,0	8,8,0	0,0,0	2096	100	1	1.0	1.0,0.0,1.0	1.0,1.0,NA	-0.333
1853	"Gm32364"	NA	chrNC_000076.7	+	67419956	67423889	67419956	67422308	67423620	67423889	1853	5,6,6	0,0,1	2,4,1	3,0,0	1412	100	0.0530479200964	0.28613726597452116	1.0,1.0,0.298	0.045,1.0,1.0	0.084
1858	"Pif1"	NA	chrNC_000075.7	+	65494438	65495676	65494438	65494580	65494893	65495676	1858	2,5,6	0,0,0	11,5,2	0,1,0	413	100	1	1.0	1.0,1.0,1.0	1.0,0.548,1.0	0.151
1861	"5330425B07Rik"	NA	chrNC_000069.7	+	115934530	115936639	115934530	115934689	115936490	115936639	1861	0,0,1	1,0,0	3,10,0	0,2,1	1901	100	1	1.0	0.0,NA,1.0	1.0,0.208,0.0	0.097
1864	"Ccdc106"	NA	chrNC_000073.7	+	5059712	5059966	5059712	5059796	5059899	5059966	1864	43,37,54	0,2,0	56,51,68	2,3,4	203	100	0.00451458532706	0.06103262188987443	1.0,0.901,1.0	0.932,0.893,0.893	0.061
1865	"Ccdc106"	NA	chrNC_000073.7	+	5059712	5060658	5059712	5059796	5060338	5060658	1865	130,124,163	9,4,13	166,154,260	14,15,6	642	100	0.959274117175	1.0	0.692,0.828,0.661	0.649,0.615,0.871	0.015
1866	"Ccdc106"	NA	chrNC_000073.7	+	5059712	5060658	5059712	5059865	5060338	5060658	1866	121,113,153	3,0,1	155,142,236	2,0,1	573	100	0.843347361126	1.0	0.876,1.0,0.964	0.931,1.0,0.976	-0.022
1867	"Ccdc106"	NA	chrNC_000073.7	+	5059712	5060658	5059712	5059966	5060338	5060658	1867	96,90,120	19,17,33	121,109,208	5,25,18	472	100	0.0218348650347	0.1630743766227944	0.517,0.529,0.435	0.837,0.48,0.71	-0.182
1868	"Ccdc106"	NA	chrNC_000073.7	+	5059712	5060658	5059712	5059796	5060497	5060658	1868	296,291,332	6,11,15	293,313,591	7,10,10	801	100	0.144043278063	0.5098128900772525	0.86,0.768,0.734	0.839,0.796,0.881	-0.051
1869	"Ccdc106"	NA	chrNC_000073.7	+	5059712	5060658	5059712	5059865	5060497	5060658	1869	287,280,322	0,5,4	282,301,567	0,3,8	732	100	0.940834110281	1.0	1.0,0.884,0.917	1.0,0.932,0.906	-0.012
1870	"Ccdc106"	NA	chrNC_000073.7	+	5059712	5060658	5059712	5059966	5060497	5060658	1870	262,257,289	36,26,23	248,268,539	26,14,43	631	100	0.178336632884	0.5771621936973091	0.536,0.61,0.666	0.602,0.752,0.665	-0.069
1871	"Ccdc106"	NA	chrNC_000073.7	+	5059712	5060658	5059712	5059796	5060546	5060658	1871	413,396,407	0,3,1	379,400,723	0,3,0	850	100	0.855982896713	1.0	1.0,0.94,0.98	1.0,0.94,1.0	-0.007
1872	"Clasrp"	NA	chrNC_000073.7	-	19318394	19318748	19318394	19318455	19318704	19318748	1872	373,255,324	71,58,88	314,442,716	70,84,71	349	100	0.0614209159764	0.3108888069326787	0.601,0.557,0.513	0.562,0.601,0.743	-0.078
1873	"Clasrp"	NA	chrNC_000073.7	-	19318394	19318748	19318394	19318455	19318708	19318748	1873	376,256,330	90,93,84	317,449,721	82,87,100	353	100	0.0195066331813	0.15132990971642907	0.542,0.438,0.527	0.523,0.594,0.671	-0.094
1874	"Clasrp"	NA	chrNC_000073.7	-	19324163	19325163	19324163	19324260	19325014	19325163	1874	205,116,214	262,192,221	221,236,270	234,241,333	854	100	0.197581165182	0.6071989919268495	0.084,0.066,0.102	0.1,0.103,0.087	-0.013
1875	"Clasrp"	NA	chrNC_000073.7	-	19324163	19325163	19324163	19324260	19325030	19325163	1875	227,133,239	57,39,35	242,263,294	41,56,48	870	100	0.292920941077	0.7448561073100858	0.314,0.282,0.44	0.404,0.351,0.413	-0.044
1876	"Rprd2"	NA	chrNC_000069.7	-	95667182	95673732	95667182	95667502	95670998	95673732	1876	1492,1538,1424	6,5,8	1537,1335,1635	8,4,3	3596	100	0.445693835958	0.9078213925044069	0.874,0.895,0.832	0.842,0.903,0.938	-0.027
1877	"Rprd2"	NA	chrNC_000069.7	-	95679564	95681684	95679564	95680465	95681423	95681684	1877	91,138,55	0,0,2	135,84,236	0,0,3	1058	100	0.37708231383	0.8361050058901869	1.0,1.0,0.722	1.0,1.0,0.881	-0.053
1879	"Pik3r3"	NA	chrNC_000070.7	+	116078836	116079610	116078836	116079270	116079500	116079610	1879	1057,817,879	37,25,25	618,817,518	24,20,11	330	100	0.506272841737	0.9694090886724946	0.896,0.908,0.914	0.886,0.925,0.935	-0.009
1882	"Gm12996"	NA	chrNC_000070.7	+	116687244	116687802	116687244	116687398	116687474	116687802	1882	6,15,20	4,0,0	12,9,17	1,1,0	176	100	0.232711500097	0.6582921563148929	0.46,1.0,1.0	0.872,0.836,1.0	-0.083
1883	"Celf3"	NA	chrNC_000069.7	+	94385606	94386558	94385606	94385683	94386419	94386558	1883	693,797,339	1,1,0	226,774,1567	5,3,4	836	100	0.0121402388524	0.11406840258970558	0.988,0.99,1.0	0.844,0.969,0.979	0.062
1884	"Celf3"	NA	chrNC_000069.7	+	94394100	94394591	94394100	94394242	94394441	94394591	1884	76,130,55	294,301,108	50,108,264	108,270,684	299	100	0.549287671374	0.9971014761755899	0.08,0.126,0.146	0.134,0.118,0.114	-0.005
1885	"Celf3"	NA	chrNC_000069.7	+	94395445	94395977	94395445	94395586	94395833	94395977	1885	160,224,71	203,233,84	41,210,546	84,188,492	347	100	0.681427888325	1.0	0.185,0.217,0.196	0.123,0.244,0.242	-0.004
1886	"Celf3"	NA	chrNC_000069.7	+	94396777	94397767	94396777	94396914	94397706	94397767	1886	385,469,150	2,3,3	206,410,904	4,0,6	892	100	0.825010399647	1.0	0.956,0.946,0.849	0.852,1.0,0.944	-0.015
1887	"Tdrkh"	NA	chrNC_000069.7	+	94337866	94339957	94337866	94337958	94338124	94339957	1887	35,46,37	56,81,47	30,21,69	83,68,75	266	100	0.240233516307	0.6687299619875134	0.19,0.176,0.228	0.12,0.104,0.257	0.038
1888	"Aurkb"	NA	chrNC_000077.7	+	68938999	68939470	68938999	68939191	68939331	68939470	1888	0,4,2	9,12,8	6,8,4	20,7,4	240	100	0.0132322869762	0.12078702983403077	0.0,0.122,0.094	0.111,0.323,0.294	-0.171
1894	"Atosb"	NA	chrNC_000070.7	-	43035835	43037206	43035835	43036804	43037062	43037206	1894	95,70,119	415,395,372	96,89,116	403,399,346	358	100	0.458142858549	0.9238418226705047	0.06,0.047,0.082	0.062,0.059,0.086	-0.006
1896	"Gm14326"	NA	chrNC_000068.8	-	177577785	177588803	177577785	177580573	177581568	177588803	1896	24,20,15	1,11,1	25,6,33	1,3,15	1095	100	0.555113860824	0.9990960032189511	0.687,0.142,0.578	0.695,0.154,0.167	0.13
1899	"Gm40576"	NA	chrNC_000078.7	-	110194050	110197674	110194050	110194203	110194368	110197674	1899	0,4,0	1,0,0	3,0,0	1,0,1	265	100	1	1.0	0.0,1.0,NA	0.531,NA,0.0	0.234
1901	"Gm40576"	NA	chrNC_000078.7	-	110194050	110197674	110194050	110194902	110197264	110197674	1901	4,2,2	0,0,0	4,2,8	0,0,2	2462	100	0.327669184433	0.792546921741964	1.0,1.0,1.0	1.0,1.0,0.14	0.287
1902	"Gm40576"	NA	chrNC_000078.7	-	110194050	110197674	110194050	110194476	110197563	110197674	1902	12,6,2	0,0,0	8,3,14	1,0,0	3187	100	1	1.0	1.0,1.0,1.0	0.201,1.0,1.0	0.266
1903	"Gm40576"	NA	chrNC_000078.7	-	110194050	110197674	110194050	110194902	110197563	110197674	1903	6,2,2	0,0,0	4,2,9	0,0,2	2761	100	0.327491761641	0.792546921741964	1.0,1.0,1.0	1.0,1.0,0.14	0.287
1904	"Zfp219"	NA	chrNC_000080.7	-	52247426	52251522	52247426	52247515	52248238	52251522	1904	673,412,604	38,37,36	641,683,610	59,23,22	823	100	0.244695193439	0.673542439672299	0.683,0.575,0.671	0.569,0.783,0.771	-0.065
1905	"Zfp219"	NA	chrNC_000080.7	-	52247426	52251522	52247426	52247515	52250819	52251522	1905	2630,2016,2375	10,2,5	2736,2975,2133	11,6,14	3404	100	0.077064645588	0.34998259526459996	0.885,0.967,0.933	0.88,0.936,0.817	0.051
1906	"Chtop"	NA	chrNC_000069.7	-	90413414	90414933	90413414	90413568	90414851	90414933	1906	4056,3987,3814	354,395,377	3965,4182,3823	455,413,499	1383	100	0.0460762245809	0.2640934231792551	0.453,0.422,0.422	0.387,0.423,0.356	0.044
1907	"Chtop"	NA	chrNC_000069.7	-	90413414	90414933	90413414	90414565	90414851	90414933	1907	1029,1154,983	7,5,8	1104,1056,1026	9,5,7	386	100	0.901532138791	1.0	0.974,0.984,0.97	0.969,0.982,0.974	0.001
1908	"Mlxipl"	NA	chrNC_000071.7	+	135161962	135162262	135161962	135162030	135162105	135162262	1908	0,1,0	5,3,1	0,0,0	4,1,0	175	100	1	1.0	0.0,0.16,0.0	0.0,0.0,NA	0.053
1909	"Mlxipl"	NA	chrNC_000071.7	+	135161962	135162262	135161962	135162030	135162108	135162262	1909	0,1,1	0,0,0	0,0,0	2,0,0	178	100	1	1.0	NA,1.0,1.0	0.0,NA,NA	1.0
1910	"Mlxipl"	NA	chrNC_000071.7	+	135162105	135162513	135162105	135162262	135162397	135162513	1910	2,1,3	3,2,3	17,0,2	0,0,4	235	100	1	1.0	0.221,0.175,0.299	1.0,NA,0.175	-0.356
1912	"Mlxipl"	NA	chrNC_000071.7	+	135162607	135162975	135162607	135162727	135162807	135162975	1912	0,2,3	0,0,2	2,0,4	0,0,1	180	100	1	1.0	NA,1.0,0.455	1.0,NA,0.69	-0.117
1914	"Mlxipl"	NA	chrNC_000071.7	+	135162607	135162975	135162607	135162727	135162847	135162975	1914	0,2,8	5,1,4	4,2,4	5,4,2	220	100	0.82324925728	1.0	0.0,0.476,0.476	0.267,0.185,0.476	0.008
1915	"Ska3"	NA	chrNC_000080.7	-	58045431	58047512	58045431	58045535	58047399	58047512	1915	37,45,43	18,10,9	35,54,48	10,17,8	1964	100	0.603753545971	1.0	0.095,0.186,0.196	0.151,0.139,0.234	-0.016
1916	"Gm32085"	NA	chrNC_000069.7	+	152407615	152410137	152407615	152408409	152409746	152410137	1916	4,2,2	1,0,0	4,1,1	0,0,0	1437	100	1	1.0	0.218,1.0,1.0	1.0,1.0,1.0	-0.261
1917	"Gm32085"	NA	chrNC_000069.7	+	152407615	152410137	152407615	152408421	152409746	152410137	1917	4,2,2	0,2,0	4,1,1	0,0,0	1425	100	0.149506868161	0.5195444746072061	1.0,0.066,1.0	1.0,1.0,1.0	-0.311
1919	"Zfp612"	NA	chrNC_000074.7	+	110809309	110810105	110809309	110809374	110810072	110810105	1919	139,93,133	5,10,5	157,136,110	11,10,15	798	100	0.164304289589	0.546090190708668	0.777,0.538,0.769	0.641,0.63,0.479	0.111
1921	"Khdc4"	NA	chrNC_000069.7	+	88618067	88620240	88618067	88618159	88618936	88620240	1921	798,698,720	100,96,124	665,1051,836	139,154,133	877	100	0.18874064961	0.5905517981937891	0.476,0.453,0.398	0.353,0.438,0.417	0.04
1922	"Khdc4"	NA	chrNC_000069.7	+	88618936	88620240	88618936	88619114	88619227	88620240	1922	498,535,560	7,12,17	584,597,562	10,21,14	213	100	0.549850176796	0.9971014761755899	0.971,0.954,0.939	0.965,0.93,0.95	0.006
1923	"Lmna"	NA	chrNC_000069.7	-	88389652	88390720	88389652	88389919	88390624	88390720	1923	813,853,918	284,241,278	778,716,803	230,290,157	805	100	0.599147299613	1.0	0.262,0.305,0.291	0.296,0.235,0.389	-0.021
1925	"Mettl25b"	NA	chrNC_000069.7	-	87831650	87832738	87831650	87831835	87832198	87832738	1925	171,149,148	1,11,7	159,173,256	2,7,7	463	100	0.308161847444	0.7665765211262235	0.974,0.745,0.82	0.945,0.842,0.888	-0.045
1926	"Mettl25b"	NA	chrNC_000069.7	-	87831650	87832738	87831650	87831835	87832248	87832738	1926	205,174,172	11,12,8	174,191,292	10,7,10	513	100	0.261244855972	0.6986882458549983	0.784,0.739,0.807	0.772,0.842,0.851	-0.045
1927	"Mettl25b"	NA	chrNC_000069.7	-	87831650	87832738	87831650	87831835	87832253	87832738	1927	205,174,172	43,27,31	174,191,293	32,44,25	518	100	0.506489018239	0.9694090886724946	0.479,0.554,0.517	0.512,0.456,0.693	-0.037
1928	"Stx2"	NA	chrNC_000071.7	-	129066442	129068165	129066442	129066470	129068027	129068165	1928	274,264,368	2,1,0	414,368,431	0,0,7	1657	100	0.191829233894	0.5958896797472442	0.892,0.941,1.0	1.0,1.0,0.788	0.015
1929	"Ikzf4"	NA	chrNC_000076.7	-	128478497	128479634	128478497	128478602	128479562	128479634	1929	23,18,24	1,1,3	44,38,33	3,7,5	1060	100	0.314327074292	0.7740998816537802	0.685,0.629,0.43	0.58,0.339,0.384	0.147
1931	"Ermap"	NA	chrNC_000070.7	-	119037269	119037418	119037269	119037296	119037397	119037418	1931	0,0,0	5,9,3	0,1,0	2,10,2	201	100	1	1.0	0.0,0.0,0.0	0.0,0.047,0.0	-0.016
1932	"Kmt5c"	NA	chrNC_000073.7	+	4745120	4745727	4745120	4745286	4745489	4745727	1932	126,87,144	5,1,7	199,133,205	6,5,8	303	100	0.832171463664	1.0	0.893,0.966,0.872	0.916,0.898,0.894	0.008
1933	"Kmt5c"	NA	chrNC_000073.7	+	4745120	4745727	4745120	4745286	4745617	4745727	1933	215,153,236	138,126,136	340,228,318	143,113,139	431	100	0.000899127058128	0.021182375692956706	0.266,0.22,0.287	0.356,0.319,0.347	-0.083
1934	"Mef2d"	NA	chrNC_000069.7	+	88049291	88049981	88049291	88049365	88049676	88049981	1934	3,5,1	4,12,5	3,4,5	3,8,11	411	100	0.552344179101	0.9971014761755899	0.154,0.092,0.046	0.196,0.108,0.1	-0.037
1935	"Mef2d"	NA	chrNC_000069.7	+	88074821	88075651	88074821	88075041	88075344	88075651	1935	88,56,45	392,366,254	60,62,71	279,348,486	403	100	0.69829126905	1.0	0.053,0.037,0.042	0.051,0.042,0.035	0.001
1936	"Mef2d"	NA	chrNC_000069.7	+	88074821	88079398	88074821	88075041	88075938	88079398	1936	1547,1424,1125	6,5,7	1193,1402,2010	3,4,3	997	100	0.0527232917138	0.2850152803540391	0.963,0.966,0.942	0.976,0.972,0.985	-0.021
1937	"Mef2d"	NA	chrNC_000069.7	+	88074821	88079398	88074821	88075651	88075938	88079398	1937	751,628,519	115,124,94	558,674,911	76,90,169	387	100	0.246531256436	0.6760066715453402	0.628,0.567,0.588	0.655,0.659,0.582	-0.038
1938	"Mef2d"	NA	chrNC_000069.7	+	88075344	88079398	88075344	88075765	88075938	88079398	1938	536,436,386	10,9,7	397,485,660	13,2,5	273	100	0.215767887668	0.6389281997118965	0.952,0.947,0.953	0.918,0.989,0.98	-0.012
1939	"Gm9886"	NA	chrNC_000085.7	-	38300026	38300595	38300026	38300169	38300480	38300595	1939	17,24,6	0,0,0	20,5,66	3,0,0	411	100	0.497158520305	0.9618936588509783	1.0,1.0,1.0	0.619,1.0,1.0	0.127
1948	"Ccna1"	NA	chrNC_000069.7	-	54957966	54958516	54957966	54958091	54958269	54958516	1948	4,4,7	25,40,57	12,19,9	58,16,23	278	100	0.000267348936569	0.009413032887550287	0.054,0.035,0.042	0.069,0.299,0.123	-0.12
1949	"Ccna1"	NA	chrNC_000069.7	-	54961753	54962556	54961753	54961939	54962369	54962556	1949	4,26,31	1,2,0	14,17,9	1,4,2	530	100	0.0180456200274	0.145637699163198	0.43,0.71,1.0	0.725,0.445,0.459	0.17
1950	"Ccna1"	NA	chrNC_000069.7	-	54961753	54962556	54961753	54961942	54962385	54962556	1950	4,27,31	2,4,8	14,17,10	2,0,2	543	100	0.124876717973	0.4679590694567158	0.269,0.554,0.416	0.563,1.0,0.479	-0.268
1951	"Abl2"	NA	chrNC_000067.7	+	156468565	156477138	156468565	156468799	156469111	156477138	1951	131,144,91	5,6,5	111,113,228	5,7,13	412	100	0.419819330755	0.878225576469182	0.864,0.853,0.815	0.843,0.797,0.81	0.027
1952	"Mettl27"	NA	chrNC_000071.7	+	134969310	134971335	134969310	134969547	134969745	134971335	1952	311,276,287	27,15,21	262,332,290	42,26,21	298	100	0.119934912601	0.4560305167249562	0.794,0.861,0.821	0.677,0.811,0.823	0.055
1956	"Sat1"	NA	chrNC_000086.8	-	153998116	153998680	153998116	153998226	153998596	153998680	1956	682,636,710	28,61,40	792,655,658	60,45,65	470	100	0.14075865739	0.5027767427843479	0.838,0.689,0.791	0.737,0.756,0.683	0.047
1957	"6430573P05Rik"	NA	chrNC_000069.7	+	79194161	79197150	79194161	79194632	79195036	79197150	1957	10,10,9	2,11,12	7,18,5	6,1,3	504	100	0.27917250148	0.7281759378690951	0.498,0.153,0.13	0.188,0.781,0.249	-0.146
1958	"6430573P05Rik"	NA	chrNC_000069.7	+	79194161	79197150	79194161	79195116	79195685	79197150	1958	77,85,61	2,5,11	59,52,49	15,2,2	669	100	0.770360101495	1.0	0.852,0.718,0.453	0.37,0.795,0.786	0.024
1959	"Gm11958"	NA	chrNC_000077.7	+	4253070	4254148	4253070	4253188	4253470	4254148	1959	9,0,7	2,3,0	5,0,4	3,1,0	382	100	0.589971895028	1.0	0.541,0.0,1.0	0.304,0.0,1.0	0.079
1963	"Hps3"	NA	chrNC_000069.7	-	20084477	20084969	20084477	20084573	20084722	20084969	1963	82,65,73	1,3,5	64,64,62	1,1,11	249	100	0.363979904094	0.8254606480808705	0.971,0.897,0.854	0.963,0.963,0.694	0.034
1964	"Gm34061"	NA	chrNC_000080.7	+	99914418	99920071	99914418	99918868	99919938	99920071	1964	0,0,0	0,0,2	0,2,0	0,0,0	1170	100	1	1.0	NA,NA,0.0	NA,1.0,NA	-1.0
1965	"Ccnl1"	NA	chrNC_000069.7	-	65857900	65858975	65857900	65857965	65858854	65858975	1965	186,203,250	82,116,67	256,146,263	113,138,129	989	100	0.0250800607978	0.17583482449923676	0.187,0.15,0.274	0.186,0.097,0.171	0.052
1966	"Neu2"	NA	chrNC_000067.7	+	87522271	87522811	87522271	87522339	87522599	87522811	1966	15,9,8	0,1,1	4,33,25	3,0,0	360	100	0.224649384799	0.6484474134198163	1.0,0.714,0.69	0.27,1.0,1.0	0.045
1967	"Gm38872"	NA	chrNC_000072.7	-	108189216	108189734	108189216	108189401	108189566	108189734	1967	12,9,14	0,1,1	4,16,6	1,0,2	265	100	0.525307602082	0.9844616198548356	1.0,0.773,0.841	0.602,1.0,0.531	0.16
1968	"Slc33a1"	NA	chrNC_000069.7	-	63849743	63850837	63849743	63849950	63850642	63850837	1968	2308,1953,2245	0,2,0	2024,2348,1886	3,2,1	792	100	1	1.0	1.0,0.992,1.0	0.988,0.993,0.996	0.005
1969	"Irx3os"	NA	chrNC_000074.7	+	92530440	92534005	92530440	92531471	92531926	92534005	1969	2,0,5	0,0,2	2,2,1	0,0,0	555	100	1	1.0	1.0,NA,0.311	1.0,1.0,1.0	-0.345
1970	"Cxxc4"	NA	chrNC_000069.7	+	133945163	133964436	133945163	133946476	133946592	133964436	1970	14,34,16	2,1,3	26,15,24	1,2,1	216	100	0.373069738533	0.8335533070151548	0.764,0.94,0.712	0.923,0.776,0.917	-0.067
1971	"Gm39325"	NA	chrNC_000075.7	-	43982311	43983364	43982311	43982559	43982688	43983364	1971	8,8,5	1,0,1	5,5,9	0,1,0	229	100	1	1.0	0.777,1.0,0.686	1.0,0.686,1.0	-0.074
1972	"Zfp523"	NA	chrNC_000083.7	+	28420234	28421322	28420234	28420414	28420822	28421322	1972	301,329,269	3,8,1	259,360,422	1,1,1	508	100	0.00202549248015	0.037985646068600235	0.952,0.89,0.981	0.981,0.986,0.988	-0.044
1973	"Zfp523"	NA	chrNC_000083.7	+	28420234	28421322	28420234	28420414	28421088	28421322	1973	512,558,446	120,124,136	386,599,723	103,140,140	774	100	0.376069795191	0.8360973375887933	0.355,0.368,0.298	0.326,0.356,0.4	-0.02
1975	"P2ry12"	NA	chrNC_000069.7	-	59127354	59127704	59127354	59127517	59127639	59127704	1975	0,0,2	3,16,3	0,3,0	9,5,4	222	100	0.693395183003	1.0	0.0,0.0,0.231	0.0,0.213,0.0	0.006
1976	"P2ry14"	NA	chrNC_000069.7	-	59022043	59023712	59022043	59023482	59023608	59023712	1976	24,15,8	2,8,3	8,2,9	0,2,6	226	100	0.840761440654	1.0	0.842,0.453,0.541	1.0,0.307,0.399	0.043
1977	"Med12l"	NA	chrNC_000069.7	+	59222117	59223792	59222117	59223102	59223608	59223792	1977	65,65,31	1,4,5	45,88,136	10,2,9	606	100	0.61779421046	1.0	0.915,0.728,0.506	0.426,0.879,0.714	0.043
1978	"Plag1"	NA	chrNC_000070.7	-	3908905	3912511	3908905	3909002	3912419	3912511	1978	8,8,2	2,0,0	11,5,11	0,0,0	3517	100	0.227268495058	0.6520706134888794	0.102,1.0,1.0	1.0,1.0,1.0	-0.299
1979	"Gm32847"	NA	chrNC_000069.7	+	58222277	58225039	58222277	58222500	58222589	58225039	1979	2,0,0	0,0,0	0,0,0	2,1,1	189	100	1	1.0	1.0,NA,NA	0.0,0.0,0.0	1.0
1980	"Gm32847"	NA	chrNC_000069.7	+	58222277	58225039	58222277	58222500	58222592	58225039	1980	2,0,0	0,0,0	0,0,0	1,0,1	192	100	1	1.0	1.0,NA,NA	0.0,NA,0.0	1.0
1981	"Ppdpf"	NA	chrNC_000068.8	+	180829457	180829679	180829457	180829529	180829601	180829679	1981	412,472,424	434,610,518	443,438,478	763,468,565	172	100	0.416294779438	0.8734829556773751	0.356,0.31,0.322	0.252,0.352,0.33	0.018
1982	"Arhgef25"	NA	chrNC_000076.7	-	127020951	127021225	127020951	127021041	127021155	127021225	1982	185,187,156	413,385,367	203,215,332	267,400,768	214	100	0.0893043700551	0.3847329790639566	0.173,0.185,0.166	0.262,0.201,0.168	-0.036
1983	"Camta1"	NA	chrNC_000070.7	-	151864898	151875010	151864898	151866588	151874864	151875010	1983	765,588,779	0,0,0	704,865,584	0,1,1	8376	100	1	1.0	1.0,1.0,1.0	1.0,0.912,0.875	0.071
1985	"Slc26a10"	NA	chrNC_000076.7	-	127008181	127009250	127008181	127008445	127009143	127009250	1985	17,16,8	3,5,3	7,5,38	6,3,13	798	100	0.277243145914	0.7269124709561833	0.415,0.286,0.25	0.128,0.173,0.268	0.127
1986	"Slc26a10"	NA	chrNC_000076.7	-	127009492	127009677	127009492	127009575	127009655	127009677	1986	0,5,1	0,1,0	0,3,11	0,0,0	180	100	1	1.0	NA,0.735,1.0	NA,1.0,1.0	-0.133
1987	"Slc26a10"	NA	chrNC_000076.7	-	127009492	127009677	127009492	127009575	127009673	127009677	1987	0,5,1	9,7,2	0,4,12	9,2,0	198	100	0.077492456225	0.34998259526459996	0.0,0.265,0.202	0.0,0.503,1.0	-0.345
1988	"Slc26a10"	NA	chrNC_000076.7	-	127009777	127010037	127009777	127009894	127009967	127010037	1988	7,2,2	9,7,5	10,3,9	5,2,15	173	100	0.117533982992	0.45045320754350243	0.31,0.142,0.188	0.536,0.464,0.258	-0.206
1989	"Slc26a10"	NA	chrNC_000076.7	-	127009777	127010259	127009777	127010037	127010152	127010259	1989	0,4,0	11,2,9	0,3,2	6,4,9	215	100	0.491250625088	0.9562375472551349	0.0,0.482,0.0	0.0,0.259,0.094	0.043
1991	"Slc26a10"	NA	chrNC_000076.7	-	127010152	127010770	127010152	127010259	127010674	127010770	1991	21,5,23	4,1,4	14,11,43	6,2,1	515	100	0.58923741069	1.0	0.505,0.493,0.528	0.312,0.516,0.893	-0.065
1992	"Smad9"	NA	chrNC_000069.7	+	54689575	54690193	54689575	54689694	54689825	54690193	1992	143,131,126	7,5,1	136,174,121	9,6,4	231	100	0.372018877036	0.8320820562075366	0.898,0.919,0.982	0.867,0.926,0.929	0.026
1993	"Trpc4"	NA	chrNC_000069.7	+	54224863	54225892	54224863	54224993	54225245	54225892	1993	36,77,29	8,12,2	21,23,294	0,1,21	352	100	0.0236318499762	0.17123359959654988	0.561,0.646,0.805	1.0,0.867,0.799	-0.218
1994	"Trpc4"	NA	chrNC_000069.7	+	54224863	54225888	54224863	54224993	54225248	54225888	1994	36,77,29	1,1,2	21,23,294	0,0,10	355	100	0.347242070135	0.8117104082921631	0.91,0.956,0.803	1.0,1.0,0.892	-0.074
1995	"Pip5k1c"	NA	chrNC_000076.7	+	81150825	81153237	81150825	81150952	81151712	81153237	1995	233,202,162	22,37,7	163,196,626	12,17,75	860	100	0.955727826069	1.0	0.552,0.388,0.729	0.612,0.573,0.493	-0.003
1996	"Pip5k1c"	NA	chrNC_000076.7	+	81150825	81153237	81150825	81150952	81153159	81153237	1996	643,675,406	264,258,132	406,546,1750	172,239,675	2307	100	0.373980426467	0.8347054729892591	0.095,0.102,0.118	0.093,0.09,0.101	0.01
1997	"Pip5k1c"	NA	chrNC_000076.7	+	81151712	81153237	81151712	81151790	81153159	81153237	1997	422,491,248	12,31,9	249,359,1148	19,7,51	1469	100	0.989771142371	1.0	0.705,0.519,0.652	0.471,0.777,0.605	0.008
1998	"Cpeb1"	NA	chrNC_000073.7	-	80996773	80999620	80996773	80998187	80999539	80999620	1998	959,786,761	162,89,119	1115,872,995	117,135,162	1452	100	0.709721238067	1.0	0.29,0.378,0.306	0.396,0.308,0.297	-0.009
1999	"Cpeb1"	NA	chrNC_000073.7	-	81021759	81022223	81021759	81021948	81022156	81022223	1999	19,15,11	1,5,16	11,15,79	10,4,11	308	100	0.818378133114	1.0	0.861,0.493,0.182	0.263,0.549,0.7	0.008
2000	"Cpeb1"	NA	chrNC_000073.7	-	81021759	81022223	81021759	81021951	81022156	81022223	2000	18,15,11	6,0,0	11,14,79	0,0,1	305	100	0.00859548146925	0.09272701221372727	0.496,1.0,1.0	1.0,1.0,0.963	-0.156
2001	"Rpe65"	NA	chrNC_000069.7	+	159328631	159330447	159328631	159328746	159330284	159330447	2001	66,39,38	30,10,15	12,66,21	8,24,6	1638	100	0.894342742894	1.0	0.118,0.192,0.134	0.084,0.144,0.176	0.013
2003	"Kcnb1"	NA	chrNC_000068.8	-	166937888	166942735	166937888	166941780	166942647	166942735	2003	426,573,484	20,41,13	395,426,572	15,19,48	967	100	0.567039401221	1.0	0.688,0.591,0.794	0.731,0.699,0.552	0.03
2004	"Kcnb1"	NA	chrNC_000068.8	-	166937888	166948279	166937888	166941780	166943012	166948279	2004	580,757,625	0,0,0	537,545,735	0,2,0	1332	100	1	1.0	1.0,1.0,1.0	1.0,0.953,1.0	0.016
2005	"Kcnb1"	NA	chrNC_000068.8	-	166937888	166948279	166937888	166942735	166943012	166948279	2005	156,193,147	63,64,38	144,126,165	22,53,66	377	100	0.750667766814	1.0	0.396,0.444,0.506	0.635,0.387,0.399	-0.025
2006	"Gm33387"	NA	chrNC_000079.7	+	23782013	23783120	23782013	23782106	23782275	23783120	2006	15,20,5	0,0,0	2,16,7	4,0,0	269	100	0.0378188506014	0.23105389391823086	1.0,1.0,1.0	0.157,1.0,1.0	0.281
2007	"Gm46818"	NA	chrNC_000069.7	-	102412520	102413356	102412520	102412625	102412891	102413356	2007	0,4,2	0,0,1	1,0,0	0,0,0	366	100	1	1.0	NA,1.0,0.353	1.0,NA,NA	-0.324
2008	"Pilrb1"	NA	chrNC_000071.7	-	137850402	137851428	137850402	137850630	137851286	137851428	2008	0,0,1	2,2,0	0,2,0	0,2,1	756	100	1	1.0	0.0,0.0,1.0	NA,0.117,0.0	0.275
2012	"Gm38650"	NA	chrNC_000069.7	-	137057390	137062032	137057390	137057602	137058468	137062032	2012	1,0,0	0,0,0	0,4,0	0,0,1	966	100	1	1.0	1.0,NA,NA	NA,1.0,0.0	0.5
2024	"Bbs12"	NA	chrNC_000069.7	+	37366694	37367090	37366694	37366734	37366998	37367090	2024	18,10,2	1,2,4	19,11,10	1,1,1	364	100	0.0289503468033	0.19324356491202752	0.832,0.579,0.121	0.839,0.751,0.733	-0.264
2026	"Rtel1"	NA	chrNC_000068.8	+	180997716	180998051	180997716	180997872	180997950	180998051	2026	84,89,105	9,1,8	96,117,96	12,7,4	178	100	0.613900859229	1.0	0.84,0.98,0.881	0.818,0.904,0.931	0.016
2027	"Rtel1"	NA	chrNC_000068.8	+	180997716	180998409	180997716	180998051	180998150	180998409	2027	109,118,93	15,12,8	117,108,131	15,21,20	199	100	0.113032844231	0.4406561319316112	0.785,0.832,0.854	0.797,0.721,0.767	0.062
2028	"Osbpl1a"	NA	chrNC_000084.7	-	12888368	12889364	12888368	12889152	12889244	12889364	2028	587,669,719	70,75,78	710,615,743	126,91,99	192	100	0.0146234930099	0.12902278542811318	0.814,0.823,0.828	0.746,0.779,0.796	0.048
2029	"Gm28455"	NA	chrNC_000073.7	+	39146769	39149928	39146769	39147989	39148904	39149928	2029	3,4,4	2,0,0	17,1,21	0,0,0	1015	100	0.318145057594	0.780502882489415	0.129,1.0,1.0	1.0,1.0,1.0	-0.29
2035	"Fxr1"	NA	chrNC_000069.7	+	34112172	34112380	34112172	34112230	34112317	34112380	2035	286,296,319	476,499,489	303,290,240	540,545,469	187	100	0.171057347801	0.5619900936400287	0.243,0.241,0.259	0.231,0.222,0.215	0.025
2036	"Ttc14"	NA	chrNC_000069.7	+	33854326	33854823	33854326	33854585	33854730	33854823	2036	25,11,15	0,11,1	23,10,20	9,7,7	245	100	0.0698353832424	0.333959056580074	1.0,0.29,0.86	0.511,0.368,0.538	0.244
2037	"Ttc14"	NA	chrNC_000069.7	+	33860964	33869009	33860964	33861082	33861987	33869009	2037	1373,1297,1187	30,48,32	1702,1300,1905	17,33,16	1005	100	0.000154023702955	0.006694456880459675	0.82,0.729,0.787	0.909,0.797,0.922	-0.097
2038	"Ttc14"	NA	chrNC_000069.7	+	33862004	33864180	33862004	33862097	33862834	33864180	2038	1179,1048,795	55,68,65	1393,1132,1526	33,79,52	837	100	0.0272477220503	0.18574830095566214	0.719,0.648,0.594	0.835,0.631,0.778	-0.094
2039	"Idua"	NA	chrNC_000071.7	+	108828260	108828616	108828260	108828363	108828436	108828616	2039	30,25,23	75,54,72	33,15,13	71,63,73	173	100	0.184617789032	0.5856588079787405	0.188,0.211,0.156	0.212,0.121,0.093	0.043
2041	"Myo5c"	NA	chrNC_000075.7	+	75211211	75212733	75211211	75211381	75212465	75212733	2041	16,32,13	0,1,0	16,23,20	0,3,0	1184	100	0.216340313959	0.6393883238281987	1.0,0.73,1.0	1.0,0.393,1.0	0.112
2043	"Egfem1"	NA	chrNC_000069.7	+	29744209	29745207	29744209	29744344	29744541	29745207	2043	14,25,33	21,27,26	22,30,25	38,21,17	297	100	0.78670507827	1.0	0.183,0.238,0.299	0.163,0.325,0.331	-0.033
2044	"Caly"	NA	chrNC_000073.7	-	139649792	139650577	139649792	139649946	139650224	139650577	2044	125,169,53	254,406,97	47,127,313	134,262,960	378	100	0.0784033529783	0.3523202565813089	0.115,0.099,0.126	0.085,0.114,0.079	0.021
2046	"Gm31127"	NA	chrNC_000071.7	-	142365444	142367362	142365444	142366042	142367302	142367362	2046	9,3,15	6,6,10	30,18,9	20,6,7	1360	100	0.2336015907	0.6582921563148929	0.099,0.035,0.099	0.099,0.181,0.086	-0.044
2047	"Gm54170"	NA	chrNC_000069.7	-	28311823	28317842	28311823	28316574	28317558	28317842	2047	195,182,225	3,21,24	391,240,239	46,20,21	1084	100	0.320248444933	0.783264135546055	0.857,0.444,0.464	0.44,0.525,0.512	0.096
2048	"Trip12"	NA	chrNC_000067.7	-	84771245	84772048	84771245	84771305	84771392	84772048	2048	522,476,433	25,36,45	537,440,403	45,52,28	187	100	0.215680169034	0.6389281997118965	0.918,0.876,0.837	0.865,0.819,0.885	0.021
2050	"Bicd2"	NA	chrNC_000079.7	+	49495024	49495386	49495024	49495117	49495221	49495386	2050	370,265,250	5,1,0	338,294,302	1,0,0	204	100	1	1.0	0.973,0.992,1.0	0.994,1.0,1.0	-0.01
2051	"Bicd2"	NA	chrNC_000079.7	+	49536518	49540502	49536518	49536729	49538446	49540502	2051	792,867,703	240,212,239	770,799,1556	172,232,122	1817	100	0.0168384833805	0.13918250264838866	0.154,0.184,0.139	0.198,0.159,0.412	-0.097
2056	"Det1"	NA	chrNC_000073.7	-	78477218	78477860	78477218	78477412	78477516	78477860	2056	56,63,60	2,0,0	60,41,36	1,0,1	204	100	1	1.0	0.932,1.0,1.0	0.967,1.0,0.946	0.006
2057	"Det1"	NA	chrNC_000073.7	-	78477218	78477860	78477218	78477412	78477710	78477860	2057	131,156,133	1,1,1	147,114,112	2,7,4	398	100	0.000386678686892	0.01191267800771123	0.971,0.975,0.971	0.949,0.804,0.876	0.096
2058	"Znhit6"	NA	chrNC_000069.7	+	145281942	145282751	145281942	145282173	145282605	145282751	2058	565,455,426	2,3,1	425,535,370	4,0,4	532	100	0.422544363376	0.8808054193527542	0.982,0.966,0.988	0.952,1.0,0.946	0.013
2059	"Gm35970"	NA	chrNC_000073.7	+	134015208	134016356	134015208	134015378	134015730	134016356	2059	10,11,9	0,0,2	2,6,6	2,3,0	452	100	0.00174030510891	0.034208205944464054	1.0,1.0,0.499	0.181,0.307,1.0	0.337
2060	"Hmgxb4"	NA	chrNC_000074.7	+	75726187	75726519	75726187	75726336	75726440	75726519	2060	5,9,7	52,46,62	9,5,13	62,47,71	204	100	0.635783223708	1.0	0.045,0.088,0.052	0.066,0.05,0.082	-0.004
2062	"Hltf"	NA	chrNC_000069.7	+	20170735	20172649	20170735	20170907	20171941	20172649	2062	735,809,848	27,40,28	934,628,722	21,33,26	1134	100	0.58678564647	1.0	0.706,0.641,0.728	0.797,0.627,0.71	-0.02
2063	"Pigo"	NA	chrNC_000070.7	-	43024562	43025821	43024562	43025074	43025285	43025821	2063	42,64,63	42,57,67	68,66,99	84,39,63	311	100	0.251480671577	0.6816785716858782	0.243,0.265,0.232	0.207,0.352,0.336	-0.052
2065	"Pigo"	NA	chrNC_000070.7	-	43024562	43025821	43024562	43025074	43025779	43025821	2065	185,210,211	21,14,20	236,231,306	20,14,16	805	100	0.15477339495	0.5315317707049388	0.523,0.651,0.567	0.594,0.672,0.704	-0.076
2067	"Gm30723"	NA	chrNC_000069.7	-	18668479	18671483	18668479	18668889	18669016	18671483	2067	0,2,5	0,1,0	0,0,0	0,1,4	227	100	1	1.0	NA,0.468,1.0	NA,0.0,0.0	0.734
2070	"Gm20190"	NA	chrNC_000072.7	+	126748675	126752175	126748675	126748811	126748967	126752175	2070	0,1,0	0,0,0	1,0,4	2,0,0	256	100	1	1.0	NA,1.0,NA	0.163,NA,1.0	0.418
2072	"Ralyl"	NA	chrNC_000069.7	+	13536714	13537852	13536714	13537003	13537759	13537852	2072	4,15,0	1,9,0	6,2,36	2,2,14	856	100	1	1.0	0.318,0.163,NA	0.26,0.105,0.231	0.042
2073	"Gm39090"	NA	chrNC_000073.7	+	127298101	127300814	127298101	127298270	127299328	127300814	2073	11,7,8	10,8,5	14,18,6	11,3,8	1158	100	0.366138766705	0.8255514486437862	0.087,0.07,0.121	0.099,0.341,0.061	-0.074
2074	"Gpr61"	NA	chrNC_000069.7	-	108055659	108059259	108055659	108056488	108057067	108059259	2074	74,75,36	11,16,9	18,113,146	3,11,41	679	100	0.770821373614	1.0	0.498,0.408,0.371	0.469,0.602,0.344	-0.046
2077	"Gm38606"	NA	chrNC_000084.7	-	31689889	31690686	31689889	31689933	31690397	31690686	2077	2,1,2	0,2,0	0,4,5	0,1,0	564	100	1	1.0	1.0,0.081,1.0	NA,0.415,1.0	-0.014
2078	"Gm38606"	NA	chrNC_000084.7	-	31689889	31690686	31689889	31689933	31690542	31690686	2078	2,3,2	1,0,0	0,4,8	0,0,0	709	100	1	1.0	0.22,1.0,1.0	NA,1.0,1.0	-0.26
2079	"Gm38606"	NA	chrNC_000084.7	-	31689889	31690686	31689889	31689933	31690554	31690686	2079	2,3,2	0,2,0	0,4,8	0,0,0	721	100	1	1.0	1.0,0.172,1.0	NA,1.0,1.0	-0.276
2082	"Pcmtd2"	NA	chrNC_000068.8	+	181493378	181495709	181493378	181493502	181495450	181495709	2082	384,326,314	0,6,0	432,342,210	2,1,0	2048	100	0.353464886012	0.8172798542778441	1.0,0.726,1.0	0.913,0.944,1.0	-0.044
2094	"Dpy19l1"	NA	chrNC_000075.7	-	24323073	24325719	24323073	24324282	24325533	24325719	2094	469,565,521	191,235,223	489,566,450	294,229,242	1351	100	0.0586219647557	0.3044161670620143	0.154,0.151,0.147	0.11,0.155,0.121	0.022
2095	"Kcnq2"	NA	chrNC_000068.8	-	180717371	180723568	180717371	180717995	180723247	180723568	2095	6125,8268,2706	5,7,1	3557,5780,26950	3,1,13	5352	100	0.323064830101	0.7882185756874442	0.958,0.957,0.981	0.957,0.991,0.975	-0.009
2096	"Col20a1"	NA	chrNC_000068.8	+	180641479	180641968	180641479	180641609	180641825	180641968	2096	4,13,15	5,10,5	25,2,30	11,4,9	316	100	0.580690421005	1.0	0.202,0.291,0.487	0.418,0.137,0.513	-0.029
2097	"Plxna3"	NA	chrNC_000086.8	+	73377351	73377954	73377351	73377452	73377830	73377954	2097	19,14,26	74,31,42	20,58,78	31,42,54	478	100	8.6668325272e-07	0.00023140442847624	0.051,0.086,0.115	0.119,0.224,0.232	-0.108
2098	"Plxna3"	NA	chrNC_000086.8	+	73378648	73379104	73378648	73378763	73378903	73379104	2098	34,7,16	33,36,26	29,29,60	18,31,38	240	100	0.00232299601541	0.041359398071142	0.3,0.075,0.204	0.402,0.28,0.397	-0.167
2099	"Mrgbp"	NA	chrNC_000068.8	+	180226198	180226664	180226198	180226280	180226486	180226664	2099	161,138,183	21,30,23	203,191,230	31,22,28	306	100	0.409846650334	0.869031516001343	0.715,0.601,0.722	0.682,0.739,0.729	-0.037
2100	"Mrgbp"	NA	chrNC_000068.8	+	180226198	180226664	180226198	180226280	180226589	180226664	2100	225,181,252	42,42,39	261,249,287	37,29,57	409	100	0.24667028935	0.6760066715453402	0.567,0.513,0.612	0.633,0.677,0.552	-0.057
2102	"Tpm3"	NA	chrNC_000069.7	+	89995707	89996430	89995707	89995783	89996354	89996430	2102	552,467,461	4,3,3	482,442,460	3,6,8	671	100	0.102297049737	0.41279565158356174	0.954,0.959,0.958	0.96,0.917,0.895	0.033
2103	"Cars2"	NA	chrNC_000074.7	-	11568923	11569178	11568923	11568990	11569085	11569178	2103	32,25,29	5,3,1	34,34,31	2,3,0	195	100	0.120934436569	0.457466274813549	0.766,0.81,0.937	0.897,0.853,1.0	-0.079
2105	"Grin2d"	NA	chrNC_000073.7	-	45481306	45483511	45481306	45482302	45482384	45483511	2105	1,2,0	0,0,2	5,3,5	0,0,1	182	100	0.229789369683	0.6544401248571841	1.0,1.0,0.0	1.0,1.0,0.733	-0.244
2110	"LOC115486416"	NA	chrNC_000070.7	+	127424256	127426683	127424256	127425444	127426272	127426683	2110	0,6,2	0,0,1	6,0,32	0,0,0	928	100	1	1.0	NA,1.0,0.177	1.0,NA,1.0	-0.411
2111	"Tchp"	NA	chrNC_000071.7	+	114852688	114853192	114852688	114852862	114853044	114853192	2111	11,14,33	4,2,3	38,35,17	5,4,1	282	100	0.510427469428	0.9723498122926445	0.494,0.713,0.796	0.729,0.756,0.858	-0.113
2116	"Myh7b"	NA	chrNC_000068.8	+	155470412	155470819	155470412	155470589	155470673	155470819	2116	5,0,8	0,0,0	6,2,1	0,0,1	184	100	1	1.0	1.0,NA,1.0	1.0,1.0,0.352	0.216
2117	"Myh7b"	NA	chrNC_000068.8	+	155474767	155475189	155474767	155474938	155475084	155475189	2117	0,2,0	4,4,0	2,2,0	1,8,10	246	100	1	1.0	0.0,0.169,NA	0.448,0.092,0.0	-0.096
2118	"Myh7b"	NA	chrNC_000068.8	+	155475272	155475920	155475272	155475368	155475782	155475920	2118	7,12,10	8,0,9	4,10,12	1,1,7	514	100	0.915601893637	1.0	0.145,1.0,0.178	0.438,0.661,0.25	-0.009
2120	"Ufl1"	NA	chrNC_000070.7	-	25247148	25250688	25247148	25249969	25250425	25250688	2120	145,172,115	63,98,92	157,132,186	124,81,92	556	100	0.675495516794	1.0	0.293,0.24,0.184	0.185,0.227,0.267	0.013
2121	"Sall3"	NA	chrNC_000084.7	-	81014395	81017844	81014395	81014736	81014952	81017844	2121	11,5,8	20,23,21	6,3,14	15,24,5	316	100	0.542168853856	0.9937694552371991	0.148,0.064,0.108	0.112,0.038,0.47	-0.1
2123	"Eml5"	NA	chrNC_000078.7	-	98760689	98762880	98760689	98760878	98762765	98762880	2123	213,263,134	35,58,37	131,242,551	40,60,66	1987	100	0.724511015648	1.0	0.234,0.186,0.154	0.141,0.169,0.296	-0.011
2124	"Eml5"	NA	chrNC_000078.7	-	98760689	98762880	98760689	98760878	98762784	98762880	2124	215,274,143	1,2,1	141,248,564	0,3,4	2006	100	0.512496976132	0.9750833203841613	0.915,0.872,0.877	1.0,0.805,0.875	-0.005
2125	"Eml5"	NA	chrNC_000078.7	-	98762765	98767370	98762765	98762880	98767161	98767370	2125	643,874,516	0,0,0	666,730,1663	0,0,1	4381	100	1	1.0	1.0,1.0,1.0	1.0,1.0,0.974	0.009
2126	"Eml5"	NA	chrNC_000078.7	-	98765049	98767370	98765049	98765188	98767161	98767370	2126	409,604,336	4,6,5	467,465,1090	5,9,8	2073	100	0.820476045589	1.0	0.831,0.829,0.764	0.818,0.714,0.868	0.008
2127	"Eml5"	NA	chrNC_000078.7	-	98765049	98767370	98765049	98765207	98767161	98767370	2127	407,598,331	5,8,3	460,461,1077	9,7,24	2054	100	0.0592292935081	0.30608170387089095	0.799,0.784,0.843	0.713,0.762,0.686	0.088
2128	"Eml5"	NA	chrNC_000078.7	-	98765049	98767370	98765049	98765188	98767166	98767370	2128	410,606,336	1,3,1	468,465,1091	2,6,4	2078	100	0.212721326849	0.6331565870671421	0.952,0.907,0.942	0.918,0.789,0.929	0.055
2129	"Ehbp1l1"	NA	chrNC_000085.7	-	5767689	5770435	5767689	5767866	5769975	5770435	2129	180,178,238	0,0,0	388,187,221	3,0,1	2209	100	0.361126047232	0.8254219408439915	1.0,1.0,1.0	0.854,1.0,0.909	0.079
2132	"Atp6ap1"	NA	chrNC_000086.8	+	73342325	73343930	73342325	73342388	73343855	73343930	2132	166,181,147	3,1,0	163,210,282	1,6,6	1567	100	0.0253994123311	0.17691242849748784	0.779,0.92,1.0	0.912,0.691,0.75	0.115
2135	"Rab6a"	NA	chrNC_000073.7	+	100278872	100279150	100278872	100278978	100279044	100279150	2135	14,19,16	5,2,2	29,28,46	10,0,4	166	100	0.606889115319	1.0	0.628,0.851,0.828	0.636,1.0,0.874	-0.068
2136	"Gnas"	NA	chrNC_000068.8	+	174169900	174172227	174169900	174169924	174170159	174172227	2136	104,101,109	37,42,22	87,83,99	15,36,41	335	100	0.918055699022	1.0	0.456,0.418,0.597	0.634,0.408,0.419	0.003
2138	"Gm15927"	NA	chrNC_000073.7	-	3646172	3647168	3646172	3646274	3646812	3647168	2138	12,19,20	3,2,1	28,26,27	0,0,8	638	100	0.191307809076	0.5950973012422369	0.385,0.598,0.758	1.0,1.0,0.346	-0.202
2141	"Ccdc74a"	NA	chrNC_000082.7	+	17468012	17468602	17468012	17468069	17468230	17468602	2141	318,609,649	143,243,358	1101,462,742	617,211,377	261	100	0.363787867392	0.8254606480808705	0.46,0.49,0.41	0.406,0.456,0.43	0.023
2145	"Fam210b"	NA	chrNC_000068.8	+	172194505	172197669	172194505	172194764	172197154	172197669	2145	2624,3247,3178	4,4,2	4830,2578,4055	7,5,16	2490	100	0.0118391368138	0.11235694159242478	0.963,0.97,0.985	0.965,0.954,0.911	0.029
2148	"Tmem276"	NA	chrNC_000081.7	-	76543418	76543639	76543418	76543494	76543580	76543639	2148	741,848,849	7,10,8	1035,690,992	21,1,15	186	100	0.292245629544	0.7448561073100858	0.983,0.979,0.983	0.964,0.997,0.973	0.004
2149	"Tmem276"	NA	chrNC_000081.7	-	76543418	76543929	76543418	76543494	76543705	76543929	2149	917,1071,1035	2,0,5	1294,861,1192	5,1,3	311	100	1	1.0	0.993,1.0,0.985	0.988,0.996,0.992	0.001
2150	"Tmem276"	NA	chrNC_000081.7	-	76543418	76543929	76543418	76543639	76543705	76543929	2150	330,393,370	8,12,19	489,311,393	24,7,9	166	100	0.861885619677	1.0	0.961,0.952,0.921	0.925,0.964,0.963	-0.006
2151	"Tmem276"	NA	chrNC_000081.7	-	76543418	76543929	76543418	76543639	76543855	76543929	2151	632,746,750	18,23,14	914,654,824	51,11,7	316	100	0.810729453796	1.0	0.917,0.911,0.944	0.85,0.95,0.974	-0.001
2152	"Tmem276"	NA	chrNC_000081.7	-	76543418	76543929	76543418	76543705	76543855	76543929	2152	467,539,557	0,0,2	654,500,615	4,0,2	250	100	1	1.0	1.0,1.0,0.991	0.985,1.0,0.992	0.005
2153	"Tmem276"	NA	chrNC_000081.7	-	76543418	76543929	76543418	76543639	76543909	76543929	2153	635,748,755	2,2,5	916,656,829	2,2,1	370	100	0.676777895699	1.0	0.988,0.99,0.976	0.992,0.989,0.996	-0.008
2154	"Tmem276"	NA	chrNC_000081.7	-	76543418	76543929	76543418	76543705	76543909	76543929	2154	470,541,562	0,1,0	656,502,620	0,0,0	304	100	1	1.0	1.0,0.994,1.0	1.0,1.0,1.0	-0.002
2155	"Gm42456"	NA	chrNC_000071.7	-	137280607	137281726	137280607	137280750	137281320	137281726	2155	17,11,9	0,0,1	18,4,14	0,0,3	670	100	0.277785075952	0.7277378441130075	1.0,1.0,0.573	1.0,1.0,0.411	0.054
2156	"Gm42456"	NA	chrNC_000071.7	-	137280607	137281726	137280607	137280750	137281545	137281726	2156	26,14,10	10,7,4	18,7,23	0,15,8	895	100	0.696202030355	1.0	0.225,0.183,0.218	1.0,0.05,0.243	-0.222
2158	"Syt7"	NA	chrNC_000085.7	+	10399758	10400376	10399758	10399881	10400148	10400376	2158	20,27,16	8,11,5	16,27,58	3,14,26	367	100	0.821294200828	1.0	0.405,0.401,0.466	0.592,0.344,0.378	-0.014
2160	"Zfp606"	NA	chrNC_000073.7	+	12214861	12215108	12214861	12214953	12215044	12215108	2160	17,14,4	6,6,4	9,8,9	12,7,14	191	100	0.0236755569979	0.17123359959654988	0.597,0.55,0.344	0.282,0.374,0.252	0.194
2162	"Snx12"	NA	chrNC_000086.8	-	100140728	100141833	100140728	100140842	100141119	100141833	2162	42,21,59	2,8,7	47,34,36	7,3,4	377	100	0.712187862478	1.0	0.848,0.41,0.691	0.64,0.75,0.705	-0.049
2163	"Snx12"	NA	chrNC_000086.8	-	100255564	100257470	100255564	100255952	100257379	100257470	2163	1894,1618,1465	38,39,22	1191,2014,1702	27,32,27	1527	100	0.489656118413	0.9558400478932765	0.765,0.731,0.813	0.743,0.805,0.805	-0.015
2164	"Slc9a8"	NA	chrNC_000068.8	+	167288421	167293270	167288421	167288456	167293126	167293270	2164	317,245,243	83,96,104	399,289,281	51,122,109	4770	100	0.146145332423	0.5136352458796579	0.074,0.051,0.047	0.141,0.047,0.051	-0.022
2165	"Rab36"	NA	chrNC_000076.7	+	74872726	74874352	74872726	74873153	74874189	74874352	2165	769,778,983	14,20,10	1293,802,1005	32,16,9	1136	100	0.852416301492	1.0	0.829,0.774,0.896	0.781,0.815,0.908	-0.002
2166	"Rab36"	NA	chrNC_000076.7	+	74872726	74874352	74872726	74873315	74874189	74874352	2166	666,658,828	6,5,9	1117,684,857	9,10,11	974	100	0.430848714779	0.8885484755204943	0.919,0.931,0.904	0.927,0.875,0.889	0.021
2167	"Rab36"	NA	chrNC_000076.7	+	74872726	74874352	74872726	74873153	74874264	74874352	2167	843,864,1105	25,17,17	1461,891,1079	19,14,29	1211	100	0.499326269016	0.9638182852326714	0.736,0.808,0.843	0.864,0.84,0.754	-0.024
2168	"Rab36"	NA	chrNC_000076.7	+	74872726	74874352	74872726	74873315	74874264	74874352	2168	740,744,950	1,12,8	1285,773,931	0,1,2	1049	100	2.75326095567e-06	0.000588096540131112	0.986,0.855,0.919	1.0,0.987,0.978	-0.068
2169	"Rab36"	NA	chrNC_000076.7	+	74872726	74874352	74872726	74873315	74874271	74874352	2169	750,776,965	32,35,47	1311,791,952	61,27,31	1056	100	0.283552859729	0.7333509260771913	0.689,0.677,0.66	0.671,0.735,0.744	-0.041
2171	"Zmynd8"	NA	chrNC_000068.8	-	165720709	165721438	165720709	165720877	165721011	165721438	2171	19,5,8	0,1,0	13,15,20	0,3,5	234	100	0.000183766644066	0.007583432620968462	1.0,0.681,1.0	1.0,0.681,0.631	0.123
2172	"LOC118567373"	NA	chrNC_000072.7	+	29021732	29022395	29021732	29021790	29022319	29022395	2172	8,8,6	1,3,2	2,7,28	0,0,2	629	100	0.000254005824307	0.009144209675051999	0.56,0.298,0.323	1.0,1.0,0.69	-0.503
2173	"LOC118567373"	NA	chrNC_000072.7	+	29021732	29022395	29021732	29021971	29022319	29022395	2173	7,7,6	0,1,0	1,3,20	0,0,0	448	100	1	1.0	1.0,0.61,1.0	1.0,1.0,1.0	-0.13
2174	"Slc35c2"	NA	chrNC_000068.8	-	165125168	165125520	165125168	165125327	165125447	165125520	2174	391,375,298	1,7,5	364,297,484	5,2,3	220	100	0.400477114128	0.8639369493653827	0.994,0.961,0.964	0.971,0.985,0.987	-0.008
2175	"Zfp960"	NA	chrNC_000083.7	+	17307505	17309893	17307505	17308317	17309494	17309893	2175	115,116,87	1,2,0	133,103,117	2,2,3	1277	100	0.0352710506329	0.22234285217935873	0.9,0.82,1.0	0.839,0.801,0.753	0.109
2176	"Cd40"	NA	chrNC_000068.8	+	164911548	164911768	164911548	164911635	164911736	164911768	2176	0,3,0	1,5,2	0,1,2	1,0,1	201	100	0.914810275833	1.0	0.0,0.23,0.0	0.0,1.0,0.499	-0.423
2177	"Cd40"	NA	chrNC_000068.8	+	164911548	164911768	164911548	164911635	164911741	164911768	2177	0,3,2	0,0,0	0,1,2	0,1,0	206	100	1	1.0	NA,1.0,1.0	NA,0.327,1.0	0.337
2179	"Pik3cd"	NA	chrNC_000070.7	-	149739583	149739957	149739583	149739705	149739792	149739957	2179	3,8,2	2,7,2	1,2,8	11,13,26	187	100	0.00205857931379	0.03812536486348648	0.445,0.379,0.348	0.046,0.076,0.141	0.303
2180	"Pik3cd"	NA	chrNC_000070.7	-	149739583	149739957	149739583	149739714	149739792	149739957	2180	3,8,2	3,1,0	1,2,6	2,5,15	178	100	0.0033329217207	0.051339813428475004	0.36,0.818,1.0	0.219,0.183,0.183	0.531
2181	"Dancr"	NA	chrNC_000071.7	+	74253779	74254998	74253779	74253800	74254018	74254998	2181	31,25,10	11,10,9	15,14,24	16,5,8	318	100	0.764054437679	1.0	0.47,0.44,0.259	0.228,0.468,0.485	-0.004
2182	"Dancr"	NA	chrNC_000071.7	+	74254018	74254998	74254018	74254080	74254548	74254998	2182	20,24,43	33,21,16	37,27,38	25,14,17	568	100	0.175939569393	0.5711351371177023	0.096,0.168,0.321	0.207,0.253,0.282	-0.052
2183	"Pigt"	NA	chrNC_000068.8	+	164349194	164350221	164349194	164349430	164349622	164350221	2183	2277,2206,2194	147,158,199	2635,2104,1993	197,151,161	292	100	0.962299098918	1.0	0.841,0.827,0.791	0.821,0.827,0.809	0.001
2184	"Arhgap33"	NA	chrNC_000073.7	-	30225771	30226388	30225771	30225925	30226176	30226388	2184	26,33,34	4,16,9	33,43,69	16,10,51	351	100	0.238019277444	0.6654570374612356	0.649,0.37,0.518	0.37,0.551,0.278	0.113
2185	"Btn2a2"	NA	chrNC_000079.7	-	23664619	23664757	23664619	23664646	23664736	23664757	2185	0,0,1	0,1,3	2,1,2	0,0,1	190	100	1	1.0	NA,0.0,0.149	1.0,1.0,0.513	-0.763
2186	"Ints2"	NA	chrNC_000077.7	-	86146848	86147323	86146848	86147155	86147247	86147323	2186	20,22,17	3,16,4	22,20,16	4,6,9	192	100	0.924580622105	1.0	0.776,0.417,0.689	0.741,0.635,0.481	0.008
2187	"Ints2"	NA	chrNC_000077.7	-	86146848	86147323	86146848	86147155	86147262	86147323	2187	27,25,26	2,6,0	25,25,17	11,2,4	207	100	0.0686106992185	0.331067289602521	0.867,0.668,1.0	0.523,0.858,0.672	0.161
2188	"Ints2"	NA	chrNC_000077.7	-	86146848	86148420	86146848	86147155	86148029	86148420	2188	115,87,90	25,10,21	152,104,75	22,32,22	974	100	0.424206686883	0.880826878846539	0.321,0.472,0.306	0.415,0.25,0.259	0.058
2189	"Ccdc78"	NA	chrNC_000083.7	+	26008759	26008999	26008759	26008826	26008898	26008999	2189	6,20,9	7,28,33	21,6,17	87,9,42	172	100	0.22830196719	0.6525240882040678	0.333,0.293,0.137	0.123,0.279,0.19	0.057
2190	"Optn"	NA	chrNC_000068.8	-	5025452	5026292	5025452	5026039	5026133	5026292	2190	211,210,185	19,15,24	204,204,213	25,12,22	194	100	0.948146418399	1.0	0.851,0.878,0.799	0.808,0.898,0.833	-0.004
2191	"Gm51708"	NA	chrNC_000075.7	-	59543872	59544562	59543872	59544074	59544495	59544562	2191	4,0,0	2,0,2	4,1,2	4,2,1	521	100	1	1.0	0.277,NA,0.0	0.161,0.088,0.277	-0.037
2192	"Dph3"	NA	chrNC_000080.7	-	31802473	31805203	31802473	31803226	31805125	31805203	2192	2389,2270,2390	10,4,3	2224,2552,2356	6,0,2	1999	100	0.040292410498	0.2389944827440813	0.923,0.966,0.976	0.949,1.0,0.983	-0.022
2193	"Prox1"	NA	chrNC_000067.7	-	189850231	189855602	189850231	189855051	189855394	189855602	2193	319,373,188	9,8,5	230,287,503	4,9,11	443	100	0.887718760363	1.0	0.889,0.913,0.895	0.928,0.878,0.912	-0.007
2198	"Sema4d"	NA	chrNC_000079.7	-	51854872	51857567	51854872	51855076	51855525	51857567	2198	69,85,53	14,19,17	81,95,113	10,22,63	549	100	0.764186176585	1.0	0.473,0.449,0.362	0.596,0.44,0.246	0.001
2199	"Sema4d"	NA	chrNC_000079.7	-	51854872	51857567	51854872	51855076	51857237	51857567	2199	1392,1419,1059	8,3,7	1245,1415,2326	7,1,7	2261	100	0.241823507393	0.669430335101658	0.885,0.954,0.87	0.887,0.984,0.936	-0.033
2200	"Lmln"	NA	chrNC_000082.7	+	32943891	32948065	32943891	32944728	32945410	32948065	2200	194,260,236	0,1,1	390,255,314	4,0,3	782	100	1	1.0	1.0,0.971,0.968	0.926,1.0,0.93	0.028
2201	"Lmln"	NA	chrNC_000082.7	+	32943891	32948065	32943891	32945220	32945410	32948065	2201	54,75,102	1,2,1	109,67,112	1,2,2	290	100	0.808319411547	1.0	0.949,0.928,0.972	0.974,0.92,0.951	0.001
2202	"Lmln"	NA	chrNC_000082.7	+	32943891	32948065	32943891	32944728	32945413	32948065	2202	195,260,236	2,1,4	392,257,316	1,0,4	785	100	0.218409904371	0.6417780708778515	0.925,0.971,0.883	0.98,1.0,0.91	-0.037
2205	"Fktn"	NA	chrNC_000070.7	+	53739770	53742766	53739770	53739926	53742495	53742766	2205	64,47,50	0,0,0	65,47,64	0,1,1	2669	100	1	1.0	1.0,1.0,1.0	1.0,0.638,0.706	0.219
2207	"Klhl20"	NA	chrNC_000067.7	-	160915944	160918081	160915944	160916767	160917483	160918081	2207	618,592,623	4,2,4	698,646,649	17,2,10	816	100	0.00339416255311	0.05203299913954278	0.95,0.973,0.95	0.834,0.975,0.888	0.059
2208	"Gm37885"	NA	chrNC_000067.7	+	182317406	182322989	182317406	182319252	182320176	182322989	2208	269,221,239	0,0,1	253,260,206	0,0,0	1024	100	1	1.0	1.0,1.0,0.959	1.0,1.0,1.0	-0.014
2209	"Adamts7"	NA	chrNC_000075.7	+	90074951	90076322	90074951	90075918	90076095	90076322	2209	56,32,45	9,16,12	38,47,24	14,10,12	277	100	0.625520911104	1.0	0.692,0.419,0.575	0.495,0.629,0.419	0.048
2210	"Gm36127"	NA	chrNC_000073.7	+	4840090	4844995	4840090	4841271	4844889	4844995	2210	5,20,0	2,0,0	2,12,11	0,0,0	3718	100	1	1.0	0.063,1.0,NA	1.0,1.0,1.0	-0.469
2211	"Fubp3"	NA	chrNC_000068.8	+	31505509	31507533	31505509	31505637	31506190	31507533	2211	600,487,564	194,211,187	417,615,406	223,158,208	653	100	0.365273373448	0.8254606480808705	0.321,0.261,0.316	0.223,0.373,0.23	0.024
2212	"Fubp3"	NA	chrNC_000068.8	+	31505509	31507533	31505509	31505698	31506190	31507533	2212	524,411,495	35,35,27	339,536,352	39,54,46	592	100	0.0014594983186	0.03076468824206842	0.717,0.665,0.756	0.595,0.626,0.564	0.118
2213	"Snapc3"	NA	chrNC_000070.7	+	83360989	83368472	83360989	83367399	83368307	83368472	2213	20,14,24	0,2,0	29,25,23	0,1,1	1008	100	0.647728587453	1.0	1.0,0.41,1.0	1.0,0.713,0.695	0.001
2214	"Snapc3"	NA	chrNC_000070.7	+	83360989	83368472	83360989	83367399	83368434	83368472	2214	121,110,152	0,0,0	116,153,165	0,1,0	1135	100	1	1.0	1.0,1.0,1.0	1.0,0.931,1.0	0.023
2215	"Snapc3"	NA	chrNC_000070.7	+	83379267	83384374	83379267	83379348	83384201	83384374	2215	3674,4032,3723	5,1,0	3770,4097,4995	0,0,1	4953	100	0.707817813864	1.0	0.937,0.988,1.0	1.0,1.0,0.99	-0.022
2216	"Necab3"	NA	chrNC_000068.8	-	154388589	154388836	154388589	154388643	154388720	154388836	2216	66,46,36	235,157,89	69,64,83	159,243,187	177	100	0.239780207023	0.6684093536177426	0.137,0.142,0.186	0.197,0.13,0.2	-0.021
2217	"Zeb2"	NA	chrNC_000068.8	-	45000027	45000372	45000027	45000169	45000359	45000372	2217	33,50,58	2,0,3	61,44,53	1,5,0	290	100	0.769624920698	1.0	0.851,1.0,0.87	0.955,0.752,1.0	0.005
2218	"Gm31619"	NA	chrNC_000068.8	-	167417292	167419916	167417292	167417461	167418214	167419916	2218	0,2,2	0,0,0	0,0,0	0,1,0	853	100	1	1.0	NA,1.0,1.0	NA,0.0,NA	1.0
2220	"Hinfp"	NA	chrNC_000075.7	-	44213706	44216243	44213706	44213884	44216078	44216243	2220	67,55,88	2,4,7	59,77,81	4,3,4	2294	100	0.668392164005	1.0	0.594,0.375,0.354	0.391,0.528,0.469	-0.022
2221	"Hinfp"	NA	chrNC_000075.7	-	44216078	44216906	44216078	44216243	44216431	44216906	2221	4,4,15	0,2,2	10,5,7	0,0,0	288	100	0.0366523979347	0.22714248053895983	1.0,0.41,0.723	1.0,1.0,1.0	-0.289
2222	"Gm46825"	NA	chrNC_000069.7	-	129689533	129691523	129689533	129690002	129691387	129691523	2222	41,52,110	0,1,1	372,58,94	6,0,4	1485	100	0.00363543373083	0.05389270021488715	1.0,0.778,0.881	0.807,1.0,0.613	0.08
2223	"Gm46825"	NA	chrNC_000069.7	-	129689533	129691523	129689533	129691180	129691387	129691523	2223	7,15,20	0,1,0	86,16,17	6,0,0	307	100	0.0144154116927	0.12801193003068065	1.0,0.83,1.0	0.824,1.0,1.0	0.002
2224	"Gm46825"	NA	chrNC_000069.7	-	129692553	129695080	129692553	129693769	129694947	129695080	2224	6,15,25	0,2,0	76,6,51	2,0,0	1278	100	0.617726452834	1.0	1.0,0.37,1.0	0.748,1.0,1.0	-0.126
2225	"Gm46825"	NA	chrNC_000069.7	-	129692553	129695080	129692553	129693769	129694953	129695080	2225	6,15,25	0,0,0	76,6,51	2,0,0	1284	100	1	1.0	1.0,1.0,1.0	0.747,1.0,1.0	0.084
2226	"Gm46825"	NA	chrNC_000069.7	-	129692553	129695080	129692553	129693769	129694965	129695080	2226	6,15,25	0,0,0	76,6,51	7,2,0	1296	100	1.27722874841e-05	0.0014615146106805854	1.0,1.0,1.0	0.456,0.188,1.0	0.452
2227	"Eif4g3"	NA	chrNC_000070.7	+	137719089	137721455	137719089	137720938	137721292	137721455	2227	206,157,199	59,67,51	146,167,269	61,50,137	454	100	0.138048200698	0.4958592321035785	0.435,0.34,0.462	0.345,0.424,0.302	0.055
2228	"Nsun5"	NA	chrNC_000071.7	+	135399044	135400269	135399044	135399167	135400094	135400269	2228	106,78,84	23,17,22	70,132,128	28,15,15	1027	100	0.388287323913	0.8503572015155516	0.31,0.309,0.271	0.196,0.461,0.454	-0.074
2229	"1110038F14Rik"	NA	chrNC_000081.7	+	76832460	76833119	76832460	76832744	76832828	76833119	2229	93,85,62	14,29,21	52,89,50	24,28,17	184	100	0.216921069913	0.6393883238281987	0.783,0.614,0.616	0.541,0.633,0.615	0.075
2230	"Rpl31"	NA	chrNC_000067.7	+	39406986	39407336	39406986	39407015	39407229	39407336	2230	94,101,105	1657,1791,1705	93,90,194	1806,1569,1639	314	100	0.0435695455294	0.2552044312179115	0.018,0.018,0.019	0.016,0.018,0.036	-0.005
2231	"Rpl31"	NA	chrNC_000067.7	+	39406986	39407336	39406986	39407087	39407229	39407336	2231	94,101,105	120,114,132	91,86,194	115,125,129	242	100	0.40440932718	0.8666406320224084	0.245,0.268,0.247	0.246,0.221,0.383	-0.03
2238	"Sspo"	NA	chrNC_000072.7	+	48477304	48478196	48477304	48477455	48478010	48478196	2238	0,0,2	0,0,1	13,0,4	1,1,3	655	100	1	1.0	NA,NA,0.234	0.665,0.0,0.169	-0.044
2239	"Gm17224"	NA	chrNC_000067.7	+	172034593	172036821	172034593	172035269	172036483	172036821	2239	330,198,303	0,1,1	293,294,168	0,0,0	1314	100	1	1.0	1.0,0.938,0.958	1.0,1.0,1.0	-0.035
2240	"Gm17224"	NA	chrNC_000067.7	+	172034593	172036821	172034593	172035289	172036483	172036821	2240	327,196,299	1,0,1	291,292,167	1,0,0	1294	100	1	1.0	0.962,1.0,0.959	0.957,1.0,1.0	-0.012
2241	"Gm17224"	NA	chrNC_000067.7	+	172034593	172036821	172034593	172036523	172036711	172036821	2241	52,62,57	5,3,4	66,61,34	5,2,0	288	100	0.221871857894	0.6444944992677932	0.783,0.878,0.832	0.821,0.914,1.0	-0.081
2242	"Gm17224"	NA	chrNC_000067.7	+	172034593	172036821	172034593	172035269	172036715	172036821	2242	359,248,343	0,0,0	338,333,197	2,0,0	1546	100	1	1.0	1.0,1.0,1.0	0.916,1.0,1.0	0.028
2243	"Gm17224"	NA	chrNC_000067.7	+	172034593	172036821	172034593	172036523	172036715	172036821	2243	52,62,57	10,3,11	67,61,35	15,6,2	292	100	0.899038828678	1.0	0.64,0.876,0.64	0.605,0.777,0.857	-0.028
2246	"Atf4"	NA	chrNC_000081.7	+	80139384	80139886	80139384	80139485	80139768	80139886	2246	1018,1090,924	0,1,0	710,997,1259	1,2,0	383	100	1	1.0	1.0,0.996,1.0	0.995,0.992,1.0	0.003
2247	"Slc66a1"	NA	chrNC_000070.7	-	139021340	139023244	139021340	139021903	139023084	139023244	2247	206,179,164	6,5,7	148,218,240	2,7,3	1281	100	0.163105318248	0.5443639996527001	0.728,0.736,0.647	0.852,0.709,0.862	-0.104
2248	"Slc66a1"	NA	chrNC_000070.7	-	139023084	139026280	139023084	139023244	139025956	139026280	2248	593,524,589	0,2,0	576,781,759	0,2,0	2812	100	1	1.0	1.0,0.903,1.0	1.0,0.933,1.0	-0.01
2249	"Slc66a1"	NA	chrNC_000070.7	-	139023084	139027722	139023084	139026280	139027536	139027722	2249	109,74,45	48,68,59	40,119,67	34,77,56	1356	100	0.800779464159	1.0	0.143,0.074,0.053	0.08,0.102,0.081	0.002
2250	"Gm51857"	NA	chrNC_000077.7	+	33940701	33942755	33940701	33940756	33941518	33942755	2250	0,0,1	0,0,1	10,0,6	1,0,0	862	100	1	1.0	NA,NA,0.104	0.537,NA,1.0	-0.664
2252	"Htr5a"	NA	chrNC_000071.7	+	28046835	28048187	28046835	28046964	28047514	28048187	2252	0,4,0	0,0,0	0,0,23	0,0,2	650	100	1	1.0	NA,1.0,NA	NA,NA,0.639	0.361
2253	"Rcor3"	NA	chrNC_000067.7	-	191785925	191786535	191785925	191786167	191786400	191786535	2253	24,2,7	0,3,2	10,10,24	0,3,3	333	100	0.585279100199	1.0	1.0,0.167,0.512	1.0,0.5,0.706	-0.176
2254	"Tmem269"	NA	chrNC_000070.7	-	119074308	119075754	119074308	119074380	119075299	119075754	2254	50,42,35	0,0,0	17,18,73	0,1,0	1019	100	1	1.0	1.0,1.0,1.0	1.0,0.639,1.0	0.12
2255	"Gm34969"	NA	chrNC_000067.7	+	185233823	185235101	185233823	185233920	185234217	185235101	2255	0,2,0	0,0,0	0,6,4	2,0,0	397	100	1	1.0	NA,1.0,NA	0.0,1.0,1.0	0.333
2256	"Dclk2"	NA	chrNC_000069.7	-	86693457	86695941	86693457	86694719	86695928	86695941	2256	298,247,253	11,7,2	263,370,538	1,11,44	1309	100	0.608178618949	1.0	0.674,0.729,0.906	0.953,0.72,0.483	0.051
2257	"Dclk2"	NA	chrNC_000069.7	-	86693457	86696797	86693457	86694719	86696618	86696797	2257	428,350,341	3,2,0	382,501,752	7,1,4	1999	100	0.138607604017	0.49731104509570884	0.877,0.897,1.0	0.732,0.962,0.904	0.059
2258	"Dclk2"	NA	chrNC_000069.7	-	86693457	86696797	86693457	86694719	86696715	86696797	2258	449,390,363	24,19,9	420,527,801	23,32,14	2096	100	0.867687928309	1.0	0.472,0.495,0.658	0.466,0.44,0.732	-0.004
2259	"Dclk2"	NA	chrNC_000069.7	-	86699301	86700606	86699301	86699418	86700525	86700606	2259	267,175,172	79,145,79	224,257,305	94,104,316	1207	100	0.235796576114	0.6621191913135434	0.219,0.091,0.153	0.165,0.17,0.074	0.018
2260	"Tnfrsf22"	NA	chrNC_000073.7	-	143192981	143193712	143192981	143193026	143193638	143193712	2260	3,4,1	4,3,2	9,5,4	0,0,0	712	100	5.57331958362e-14	8.92845797295924e-11	0.095,0.158,0.066	1.0,1.0,1.0	-0.894
2261	"Thsd1"	NA	chrNC_000074.7	+	22748307	22752971	22748307	22748900	22748945	22752971	2261	29,64,66	6,9,5	74,62,55	13,13,8	145	100	0.23312510657	0.6582921563148929	0.769,0.831,0.901	0.797,0.767,0.826	0.037
2262	"Trmt6"	NA	chrNC_000068.8	-	132646126	132647532	132646126	132647193	132647298	132647532	2262	242,209,297	10,13,10	206,317,257	11,16,13	205	100	0.5351894402	0.9884643820823515	0.922,0.887,0.935	0.901,0.906,0.906	0.01
2265	"Gm35161"	NA	chrNC_000079.7	+	69169942	69172968	69169942	69170017	69170753	69172968	2265	0,4,6	2,0,0	0,6,4	0,0,0	836	100	1	1.0	0.0,1.0,1.0	NA,1.0,1.0	-0.333
2268	"Gm33747"	NA	chrNC_000067.7	-	182843231	182844242	182843231	182843944	182844199	182844242	2268	0,1,0	1,0,0	3,0,5	0,0,1	355	100	1	1.0	0.0,1.0,NA	1.0,NA,0.585	-0.292
2269	"Gm4924"	NA	chrNC_000076.7	+	82212394	82215477	82212394	82214124	82214880	82215477	2269	205,194,151	13,9,1	166,188,268	26,13,21	856	100	0.00985072066654	0.09984219770519659	0.648,0.716,0.946	0.427,0.628,0.599	0.219
2270	"Ube2l3"	NA	chrNC_000082.7	-	16969878	16972146	16969878	16970799	16972047	16972146	2270	15668,15474,14999	27,22,39	15221,15313,13817	23,33,30	1348	100	0.958387698873	1.0	0.977,0.981,0.966	0.98,0.972,0.972	0.0
2271	"Iqce"	NA	chrNC_000071.7	-	140668156	140669294	140668156	140668212	140669130	140669294	2271	129,143,186	152,147,178	247,202,148	190,156,128	1018	100	0.025538874815	0.17693416037492787	0.077,0.087,0.093	0.113,0.113,0.102	-0.024
2272	"Mettl5"	NA	chrNC_000068.8	-	69701541	69702125	69701541	69701660	69702075	69702125	2272	1054,1099,1110	70,92,108	1040,1163,1050	87,101,85	515	100	0.88598343832	1.0	0.745,0.699,0.666	0.699,0.691,0.706	0.005
2273	"Mettl5"	NA	chrNC_000068.8	-	69715592	69717961	69715592	69716148	69716236	69717961	2273	37,43,37	1,0,0	36,61,45	3,0,0	188	100	0.848866649209	1.0	0.952,1.0,1.0	0.865,1.0,1.0	0.029
2274	"Arhgap21"	NA	chrNC_000068.8	-	20857848	20859043	20857848	20857880	20858768	20859043	2274	243,225,185	29,61,13	321,240,391	19,35,161	988	100	0.756234050401	1.0	0.459,0.272,0.59	0.631,0.41,0.197	0.028
2275	"Arhgap21"	NA	chrNC_000068.8	-	20858768	20859851	20858768	20858792	20859745	20859851	2275	345,427,226	1,0,0	383,416,1234	0,3,1	1053	100	0.638931425631	1.0	0.97,1.0,1.0	1.0,0.929,0.992	0.016
2276	"Arhgap21"	NA	chrNC_000068.8	-	20858768	20859851	20858768	20859043	20859745	20859851	2276	197,229,128	28,64,18	248,258,537	14,19,185	802	100	0.250979823589	0.6814272886435325	0.467,0.309,0.47	0.688,0.629,0.266	-0.112
2285	"Suds3"	NA	chrNC_000071.7	-	117229742	117231096	117229742	117230921	117231010	117231096	2285	797,838,809	130,142,186	720,692,735	242,187,221	189	100	5.34656552875e-06	0.00088063488754326	0.764,0.757,0.697	0.612,0.662,0.638	0.102
2287	"Srek1"	NA	chrNC_000079.7	-	103900389	103905817	103900389	103900514	103900803	103905817	2287	104,59,76	97,82,58	120,101,58	50,87,86	389	100	0.37215155635	0.8320820562075366	0.216,0.156,0.252	0.382,0.23,0.148	-0.045
2288	"Srek1"	NA	chrNC_000079.7	-	103900803	103905818	103900803	103900927	103902918	103905818	2288	801,623,656	2,1,0	833,815,705	0,1,0	2091	100	0.534216383281	0.9884643820823515	0.95,0.968,1.0	1.0,0.975,1.0	-0.019
2289	"Macroh2a1"	NA	chrNC_000079.7	-	56236064	56237670	56236064	56236155	56237570	56237670	2289	436,353,354	15,17,21	451,447,448	24,9,11	1515	100	0.166554341352	0.5529949323231171	0.657,0.578,0.527	0.554,0.766,0.729	-0.096
2290	"Smpd2"	NA	chrNC_000076.7	-	41364926	41365347	41364926	41365020	41365270	41365347	2290	158,108,179	287,237,286	218,176,101	265,280,199	350	100	0.118381136295	0.4526171368605966	0.136,0.115,0.152	0.19,0.152,0.127	-0.022
2292	"Nhp2"	NA	chrNC_000077.7	+	51510599	51510978	51510599	51510804	51510908	51510978	2292	9,20,23	427,480,471	7,37,45	441,419,405	204	100	0.00122242151405	0.02664379953072245	0.01,0.02,0.023	0.008,0.041,0.052	-0.016
2295	"Rev1"	NA	chrNC_000067.7	-	38113395	38114104	38113395	38113524	38113979	38114104	2295	95,63,72	6,3,2	62,105,107	4,11,3	555	100	0.410843638434	0.869031516001343	0.74,0.791,0.866	0.736,0.632,0.865	0.055
2297	"Gria2"	NA	chrNC_000069.7	-	80592187	80596658	80592187	80596021	80596409	80596658	2297	380,606,211	420,502,213	278,369,2034	238,451,993	488	100	0.150144973676	0.5200697250355719	0.156,0.198,0.169	0.193,0.144,0.296	-0.037
2298	"Gria2"	NA	chrNC_000069.7	-	80597710	80599050	80597710	80597825	80598626	80599050	2298	475,505,239	25,31,22	291,426,1722	20,32,78	901	100	0.559754838593	1.0	0.678,0.644,0.547	0.618,0.596,0.71	-0.018
2299	"Gria2"	NA	chrNC_000069.7	-	80597710	80599050	80597710	80597825	80599009	80599050	2299	723,753,331	0,0,0	457,652,2618	0,0,5	1284	100	0.742295164058	1.0	1.0,1.0,1.0	1.0,1.0,0.976	0.008
2300	"Gria2"	NA	chrNC_000069.7	-	80598626	80599050	80598626	80598741	80599009	80599050	2300	219,231,80	4,2,4	148,217,815	9,0,4	368	100	0.532035229702	0.9881976092551931	0.937,0.969,0.845	0.817,1.0,0.982	-0.016
2301	"Gria2"	NA	chrNC_000069.7	-	80597710	80599839	80597710	80597825	80599591	80599839	2301	1012,1060,456	375,455,227	650,879,3500	160,321,824	1866	100	7.37661552286e-06	0.0009847781723018101	0.126,0.111,0.097	0.179,0.128,0.185	-0.053
2302	"Gria2"	NA	chrNC_000069.7	-	80597710	80599839	80597710	80599050	80599591	80599839	2302	332,345,134	9,5,1	221,261,1010	5,3,12	641	100	0.534006700513	0.9884643820823515	0.852,0.915,0.954	0.873,0.931,0.929	-0.004
2303	"Gria2"	NA	chrNC_000069.7	-	80598626	80599839	80598626	80598741	80599591	80599839	2303	508,538,205	75,93,65	341,444,1697	60,72,214	950	100	0.0867983414932	0.3763219027661878	0.416,0.378,0.249	0.374,0.394,0.455	-0.06
2304	"Pik3cg"	NA	chrNC_000078.7	-	32223395	32226855	32223395	32223968	32225683	32226855	2304	38,44,26	1,0,3	15,32,18	0,1,0	1815	100	0.0108262109025	0.10739064932386998	0.677,1.0,0.323	1.0,0.638,1.0	-0.213
2305	"Zdbf2"	NA	chrNC_000067.7	+	63341798	63353735	63341798	63342230	63344101	63353735	2305	251,256,115	3,8,3	253,168,505	5,5,3	1971	100	0.383276555246	0.845742481410595	0.809,0.619,0.66	0.72,0.63,0.895	-0.052
2306	"Lancl1"	NA	chrNC_000067.7	-	67077653	67078031	67077653	67077750	67077934	67078031	2306	440,478,444	47,57,48	528,409,973	54,35,44	284	100	0.00762453005744	0.08632153464324296	0.767,0.747,0.765	0.775,0.804,0.886	-0.062
2308	"Keap1"	NA	chrNC_000075.7	-	21148366	21150628	21148366	21149052	21150088	21150628	2308	426,388,341	76,94,60	432,422,406	85,89,111	1136	100	0.314245027816	0.7740998816537802	0.33,0.267,0.333	0.309,0.294,0.244	0.028
2309	"Keap1"	NA	chrNC_000075.7	-	21148366	21150628	21148366	21149052	21150203	21150628	2309	443,403,358	8,17,19	455,436,448	27,5,21	1251	100	0.981376741654	1.0	0.816,0.655,0.601	0.574,0.875,0.63	-0.002
2310	"Keap1"	NA	chrNC_000075.7	-	21148366	21150628	21148366	21149052	21150371	21150628	2310	446,413,373	53,60,70	468,437,474	83,45,40	1419	100	0.220284805324	0.6431960742814122	0.372,0.327,0.273	0.284,0.406,0.455	-0.058
2312	"Trak2"	NA	chrNC_000067.7	-	58985405	58985694	58985405	58985508	58985564	58985694	2312	326,331,216	2,3,0	380,297,715	2,5,7	156	100	0.616317667793	1.0	0.991,0.986,1.0	0.992,0.974,0.985	0.009
2322	"Gm534"	NA	chrNC_000080.7	-	49106727	49109056	49106727	49108281	49108929	49109056	2322	3,2,12	0,0,1	5,3,0	0,1,0	748	100	1	1.0	1.0,1.0,0.616	1.0,0.286,NA	0.229
2326	"Ncf2"	NA	chrNC_000067.7	+	152683007	152683956	152683007	152683150	152683606	152683956	2326	0,2,2	0,1,1	2,1,0	6,5,2	556	100	1	1.0	NA,0.265,0.265	0.057,0.035,0.0	0.234
2327	"Ssbp4"	NA	chrNC_000074.7	-	71050134	71050770	71050134	71050418	71050546	71050770	2327	215,191,212	17,17,30	208,230,325	14,9,31	228	100	0.0698220739477	0.333959056580074	0.847,0.831,0.756	0.867,0.918,0.821	-0.057
2328	"Ssbp4"	NA	chrNC_000074.7	-	71050134	71050770	71050134	71050418	71050662	71050770	2328	306,242,365	449,569,627	276,284,515	566,425,623	344	100	0.103866941101	0.41650773377672595	0.165,0.11,0.145	0.124,0.163,0.194	-0.02
2329	"Ssbp4"	NA	chrNC_000074.7	-	71051188	71051422	71051188	71051267	71051351	71051422	2329	283,318,484	441,435,507	357,224,514	437,407,608	184	100	0.651791473365	1.0	0.259,0.284,0.342	0.307,0.23,0.315	0.011
2330	"Ssbp4"	NA	chrNC_000074.7	-	71051642	71051813	71051642	71051678	71051767	71051813	2330	75,57,51	824,940,882	30,59,45	870,741,996	189	100	0.0382640400649	0.2326337464287279	0.046,0.031,0.03	0.018,0.04,0.023	0.009
2332	"Pcdh15"	NA	chrNC_000076.7	+	74466342	74473027	74466342	74471480	74472991	74473027	2332	4,7,0	0,0,0	0,0,9	1,0,0	1611	100	1	1.0	1.0,1.0,NA	0.0,NA,1.0	0.5
2333	"Sppl2a"	NA	chrNC_000068.8	-	126732310	126736206	126732310	126736025	126736063	126736206	2333	6,20,14	10,13,25	14,21,10	25,25,10	138	100	0.823036738023	1.0	0.303,0.527,0.289	0.289,0.378,0.42	0.011
2334	"Sppl2a"	NA	chrNC_000068.8	-	126732310	126736206	126732310	126736024	126736067	126736206	2334	7,23,15	13,16,7	19,23,12	11,4,10	143	100	0.208597449592	0.6287358687608353	0.274,0.501,0.6	0.547,0.801,0.456	-0.143
2337	"Aph1a"	NA	chrNC_000069.7	+	95803548	95805904	95803548	95803672	95804005	95805904	2337	1013,939,857	165,392,441	740,1031,751	463,200,150	433	100	0.707886271262	1.0	0.586,0.356,0.31	0.27,0.543,0.536	-0.032
2339	"Hnrnpu"	NA	chrNC_000067.7	-	178151184	178152878	178151184	178151278	178151530	178152878	2339	220,205,139	0,9,0	269,204,288	1,0,6	352	100	0.256310324817	0.6900993955577043	1.0,0.866,1.0	0.987,1.0,0.932	-0.018
2340	"Hnrnpu"	NA	chrNC_000067.7	-	178151184	178152878	178151184	178151278	178152807	178152878	2340	869,847,679	22,20,17	1183,831,1169	42,10,22	1629	100	0.617833245917	1.0	0.708,0.722,0.71	0.634,0.836,0.765	-0.032
2341	"Hnrnpu"	NA	chrNC_000067.7	-	178151530	178152878	178151530	178151581	178152807	178152878	2341	673,679,560	0,3,0	952,661,912	0,2,2	1326	100	0.83734017954	1.0	1.0,0.945,1.0	1.0,0.961,0.972	0.004
2342	"Ifi207"	NA	chrNC_000067.7	-	173556447	173558106	173556447	173556676	173556760	173558106	2342	16,40,21	7,17,12	18,37,27	9,17,11	184	100	0.900212060429	1.0	0.554,0.561,0.487	0.521,0.542,0.572	-0.011
2343	"Ifi207"	NA	chrNC_000067.7	-	173556447	173558106	173556447	173556695	173556821	173558106	2343	21,45,33	6,7,11	22,45,28	6,1,9	226	100	0.368811482864	0.8292435025236885	0.608,0.74,0.57	0.619,0.952,0.579	-0.077
2344	"Ifi207"	NA	chrNC_000067.7	-	173556447	173558106	173556447	173556695	173556863	173558106	2344	28,52,41	3,9,4	26,48,35	0,2,3	268	100	0.00994360445896	0.100101876686343	0.777,0.683,0.793	1.0,0.9,0.813	-0.153
2351	"Nav1"	NA	chrNC_000067.7	-	135381570	135381880	135381570	135381664	135381782	135381880	2351	12,19,8	2,0,0	14,11,52	1,2,0	218	100	0.748362930128	1.0	0.733,1.0,1.0	0.865,0.716,1.0	0.051
2353	"Arr3"	NA	chrNC_000086.8	+	99657434	99657809	99657434	99657519	99657736	99657809	2353	0,7,2	2,6,1	4,4,2	0,4,4	317	100	0.460615037805	0.9258582925989034	0.0,0.269,0.387	1.0,0.24,0.136	-0.24
2354	"Arr3"	NA	chrNC_000086.8	+	99657736	99658345	99657736	99657809	99658207	99658345	2354	13,12,5	5,1,2	3,13,18	0,3,6	498	100	0.795565588962	1.0	0.343,0.707,0.334	1.0,0.465,0.376	-0.152
2355	"Arr3"	NA	chrNC_000086.8	+	99657736	99661095	99657736	99658345	99661030	99661095	2355	69,53,32	1,4,0	36,87,97	0,11,1	2785	100	0.952873130359	1.0	0.712,0.322,1.0	1.0,0.221,0.777	0.012
2357	"Arr3"	NA	chrNC_000086.8	+	99661030	99661334	99661030	99661095	99661324	99661334	2357	2,0,2	20,8,1	7,3,2	1,20,25	329	100	0.0795603075953	0.3550295620269376	0.029,0.0,0.378	0.68,0.044,0.024	-0.114
2358	"Arr3"	NA	chrNC_000086.8	+	99661324	99662099	99661324	99661334	99661935	99662099	2358	37,15,10	16,5,1	2,38,37	3,17,10	701	100	0.593988324428	1.0	0.248,0.3,0.588	0.087,0.242,0.345	0.154
2359	"Dnajb2"	NA	chrNC_000067.7	+	75213048	75213592	75213048	75213233	75213495	75213592	2359	307,280,291	176,202,180	303,360,305	365,193,235	362	100	0.125441672674	0.469527008466701	0.325,0.277,0.309	0.187,0.34,0.264	0.04
2360	"Dnajb2"	NA	chrNC_000067.7	+	75220101	75221234	75220101	75220305	75221206	75221234	2360	2029,2042,1909	4,5,20	2222,2219,2023	31,9,15	1001	100	0.015781140665	0.1348542176891682	0.981,0.976,0.905	0.877,0.961,0.931	0.031
2361	"Dnajb2"	NA	chrNC_000067.7	+	75220101	75222336	75220101	75220305	75221437	75222336	2361	2638,2690,2569	193,255,279	2832,2905,2602	417,239,260	1232	100	0.260976433943	0.6986882458549983	0.526,0.461,0.428	0.355,0.497,0.448	0.038
2362	"Dnajb2"	NA	chrNC_000067.7	+	75220101	75222336	75220101	75221234	75221437	75222336	2362	819,831,862	21,15,25	807,917,798	43,33,43	303	100	0.000115339457876	0.005685348046687754	0.928,0.948,0.919	0.861,0.902,0.86	0.057
2365	"Scyl3"	NA	chrNC_000067.7	+	163768589	163771470	163768589	163768787	163771392	163771470	2365	235,228,189	16,14,15	268,236,213	18,31,26	2705	100	0.0747539760442	0.34822028889735174	0.352,0.376,0.318	0.355,0.22,0.232	0.08
2368	"Txlng"	NA	chrNC_000086.8	-	161594287	161594591	161594287	161594384	161594531	161594591	2368	299,382,291	29,34,14	321,291,334	11,26,20	247	100	0.183944798886	0.5841022156895381	0.807,0.82,0.894	0.922,0.819,0.871	-0.03
2369	"Mllt10"	NA	chrNC_000068.8	+	18213560	18217201	18213560	18213758	18215578	18217201	2369	327,348,192	57,61,64	277,327,310	79,57,79	1920	100	0.550473573017	0.9971014761755899	0.23,0.229,0.135	0.154,0.23,0.17	0.013
2372	"Gm20515"	NA	chrNC_000069.7	-	34485104	34486728	34485104	34485178	34486545	34486728	2372	66,66,76	0,0,0	74,82,77	1,0,0	1467	100	1	1.0	1.0,1.0,1.0	0.835,1.0,1.0	0.055
2373	"Gm20515"	NA	chrNC_000069.7	-	34485104	34486728	34485104	34485195	34486545	34486728	2373	65,62,76	1,1,1	73,82,77	0,0,0	1450	100	0.0501499676947	0.2756097710014045	0.818,0.81,0.84	1.0,1.0,1.0	-0.177
2374	"Gm20515"	NA	chrNC_000069.7	-	34485104	34487805	34485104	34485195	34487720	34487805	2374	123,134,146	0,0,0	153,150,156	1,0,0	2625	100	1	1.0	1.0,1.0,1.0	0.854,1.0,1.0	0.049
2376	"Gm20515"	NA	chrNC_000069.7	-	34485104	34508541	34485104	34486728	34487720	34508541	2376	53,67,67	1,0,0	79,65,77	0,0,0	1092	100	1	1.0	0.829,1.0,1.0	1.0,1.0,1.0	-0.057
2377	"Gm20515"	NA	chrNC_000069.7	-	34485104	34508541	34485104	34487805	34488344	34508541	2377	41,20,39	0,1,0	29,22,25	0,1,0	639	100	1	1.0	1.0,0.758,1.0	1.0,0.775,1.0	-0.006
2378	"Gm20515"	NA	chrNC_000069.7	-	34485104	34508541	34485104	34485178	34488935	34508541	2378	210,187,204	0,0,1	219,209,220	0,0,0	3857	100	1	1.0	1.0,1.0,0.841	1.0,1.0,1.0	-0.053
2379	"Gm20515"	NA	chrNC_000069.7	-	34485104	34508541	34485104	34485195	34488935	34508541	2379	209,183,204	0,0,0	218,209,220	0,0,2	3840	100	1	1.0	1.0,1.0,1.0	1.0,1.0,0.741	0.086
2381	"Gm20515"	NA	chrNC_000069.7	-	34485104	34508541	34485104	34488499	34488935	34508541	2381	43,29,16	0,2,0	32,32,35	0,0,0	536	100	1	1.0	1.0,0.73,1.0	1.0,1.0,1.0	-0.09
2382	"Gm20515"	NA	chrNC_000069.7	-	34485104	34508541	34485104	34485178	34489111	34508541	2382	220,190,221	0,0,1	232,217,237	0,0,0	4033	100	1	1.0	1.0,1.0,0.846	1.0,1.0,1.0	-0.051
2383	"Gm20515"	NA	chrNC_000069.7	-	34485104	34508541	34485104	34485195	34489111	34508541	2383	219,186,221	0,2,0	231,217,237	0,0,1	4016	100	1	1.0	1.0,0.698,1.0	1.0,1.0,0.855	-0.052
2384	"Gm20515"	NA	chrNC_000069.7	-	34485104	34508541	34485104	34487805	34489111	34508541	2384	96,55,75	0,0,0	78,67,81	1,0,0	1406	100	1	1.0	1.0,1.0,1.0	0.847,1.0,1.0	0.051
2386	"Elac2"	NA	chrNC_000077.7	+	64891820	64892900	64891820	64892039	64892657	64892900	2386	389,497,341	15,18,12	413,374,597	20,15,13	718	100	0.887431944059	1.0	0.783,0.794,0.798	0.742,0.776,0.865	-0.003
2387	"Optc"	NA	chrNC_000067.7	-	133824936	133826175	133824936	133825708	133826079	133826175	2387	2,0,0	10,3,13	10,0,0	15,8,7	471	100	0.011168760807	0.11010679884808615	0.041,0.0,0.0	0.124,0.0,0.0	-0.028
2388	"Optc"	NA	chrNC_000067.7	-	133824936	133826175	133824936	133825753	133826079	133826175	2388	2,0,0	1,0,0	4,0,0	4,0,0	426	100	1	1.0	0.319,NA,NA	0.19,NA,NA	0.129
2389	"Optc"	NA	chrNC_000067.7	-	133824936	133826175	133824936	133825809	133826079	133826175	2389	2,0,0	0,0,0	2,0,0	2,0,1	370	100	1	1.0	1.0,NA,NA	0.213,NA,0.0	0.893
2390	"Gm35254"	NA	chrNC_000074.7	+	62073144	62083552	62073144	62076809	62077069	62083552	2390	3,0,0	0,0,0	3,7,0	0,1,0	360	100	1	1.0	1.0,NA,NA	1.0,0.66,NA	0.17
2391	"Ypel4"	NA	chrNC_000068.8	+	84565344	84567309	84565344	84566776	84566982	84567309	2391	57,53,46	1,5,1	119,56,90	3,2,1	306	100	0.402083202601	0.865194480277773	0.949,0.776,0.938	0.928,0.901,0.967	-0.044
2392	"Mndal"	NA	chrNC_000067.7	-	173698943	173702038	173698943	173699111	173700417	173702038	2392	36,85,25	22,34,25	23,40,137	14,14,22	1406	100	0.0148510696414	0.13036390994807015	0.104,0.151,0.066	0.105,0.169,0.307	-0.087
2393	"Mndal"	NA	chrNC_000067.7	-	173698943	173702038	173698943	173699111	173701916	173702038	2393	131,194,101	5,6,0	67,90,240	0,0,0	2905	100	3.08180517883e-07	0.0001234262974121415	0.474,0.527,1.0	1.0,1.0,1.0	-0.333
2394	"Mndal"	NA	chrNC_000067.7	-	173700417	173702038	173700417	173700585	173701916	173702038	2394	71,81,52	17,25,26	35,37,72	13,17,20	1431	100	0.80919938532	1.0	0.226,0.185,0.123	0.158,0.132,0.201	0.014
2395	"Tyw5"	NA	chrNC_000067.7	-	57432508	57432853	57432508	57432646	57432743	57432853	2395	31,10,21	3,0,4	23,17,37	1,2,2	197	100	0.433620312668	0.8923053832936879	0.84,1.0,0.727	0.921,0.812,0.904	-0.023
2396	"Tyw5"	NA	chrNC_000067.7	-	57432508	57432853	57432508	57432646	57432828	57432853	2396	51,15,37	0,3,0	40,42,54	1,0,0	282	100	0.534560259334	0.9884643820823515	1.0,0.639,1.0	0.934,1.0,1.0	-0.098
2398	"Ivns1abp"	NA	chrNC_000067.7	+	151230917	151231987	151230917	151231062	151231879	151231987	2398	475,508,492	7,13,9	658,532,729	5,9,7	917	100	0.0454771021766	0.2619086790810506	0.881,0.81,0.856	0.935,0.866,0.919	-0.058
2399	"B230307C23Rik"	NA	chrNC_000082.7	+	97816865	97817956	97816865	97816919	97817041	97817956	2399	0,3,1	22,31,36	4,12,0	20,36,20	222	100	0.000641655698365	0.016579555302915	0.0,0.042,0.012	0.083,0.131,0.0	-0.053
2400	"Bora"	NA	chrNC_000080.7	+	99297675	99298467	99297675	99297741	99298410	99298467	2400	4,4,5	9,12,6	6,10,15	12,5,9	769	100	0.0221389177925	0.1645779410839211	0.055,0.042,0.098	0.061,0.206,0.178	-0.083
2406	"Tmprss7"	NA	chrNC_000082.7	-	45513969	45521817	45513969	45514088	45514373	45521817	2406	4,0,2	0,0,0	2,1,3	0,0,1	385	100	1	1.0	1.0,NA,1.0	1.0,1.0,0.438	0.187
2407	"Srgap2"	NA	chrNC_000067.7	-	131220258	131224937	131220258	131223277	131224057	131224937	2407	651,514,557	109,87,77	623,672,503	92,97,77	880	100	0.592647356031	1.0	0.404,0.402,0.451	0.435,0.44,0.426	-0.015
2408	"Fau"	NA	chrNC_000085.7	+	6107976	6108355	6107976	6108031	6108272	6108355	2408	89,76,78	1451,1461,1559	62,80,100	1810,1483,1597	341	100	0.486893834377	0.9547171636131628	0.018,0.015,0.014	0.01,0.016,0.018	0.001
2409	"Fau"	NA	chrNC_000085.7	+	6107976	6108355	6107976	6108031	6108275	6108355	2409	89,76,78	151,190,179	62,81,100	168,179,121	344	100	0.477554989184	0.9439149817060679	0.146,0.104,0.112	0.097,0.116,0.194	-0.015
2410	"Fam76b"	NA	chrNC_000075.7	+	13750935	13757826	13750935	13751037	13751155	13757826	2410	52,32,22	0,1,2	43,44,33	0,1,1	218	100	1	1.0	1.0,0.936,0.835	1.0,0.953,0.938	-0.04
2411	"Fam76b"	NA	chrNC_000075.7	+	13750935	13757826	13750935	13751037	13755324	13757826	2411	866,676,580	116,94,107	574,918,884	106,103,67	4387	100	0.0767226646531	0.34998259526459996	0.145,0.141,0.11	0.11,0.169,0.231	-0.038
2412	"Fam76b"	NA	chrNC_000075.7	+	13751155	13757826	13751155	13751297	13755324	13757826	2412	801,635,544	7,0,2	522,863,830	0,1,2	4127	100	0.00973918561415	0.09963492355849371	0.735,1.0,0.868	1.0,0.954,0.91	-0.087
2414	"Cdk12"	NA	chrNC_000077.7	+	98140508	98154396	98140508	98140926	98154295	98154396	2414	1003,1017,1101	7,15,13	1003,1077,1072	31,3,21	13469	100	0.705826590284	1.0	0.515,0.335,0.386	0.194,0.727,0.275	0.013
2415	"Ccnc"	NA	chrNC_000070.7	+	21747482	21750546	21747482	21747576	21748136	21750546	2415	338,347,345	18,5,7	479,293,385	39,16,27	660	100	0.000295646144474	0.00986719007181975	0.74,0.913,0.882	0.65,0.735,0.684	0.155
2417	"Gm15689"	NA	chrNC_000069.7	-	141360634	141369679	141360634	141360740	141369479	141369679	2417	36,26,35	0,0,0	57,28,66	2,2,0	8839	100	2.95702320194e-05	0.002706943525433074	1.0,1.0,1.0	0.244,0.137,1.0	0.54
2418	"Gm15689"	NA	chrNC_000069.7	-	141388445	141389206	141388445	141388526	141388613	141389206	2418	6,0,8	4,0,4	12,6,5	3,9,1	187	100	1	1.0	0.445,NA,0.517	0.681,0.263,0.728	-0.076
2419	"Rnf112"	NA	chrNC_000077.7	-	61341653	61341860	61341653	61341728	61341803	61341860	2419	174,254,99	91,143,68	43,223,620	35,89,385	175	100	0.910331377496	1.0	0.522,0.504,0.454	0.412,0.589,0.479	0.0
2420	"Rnf112"	NA	chrNC_000077.7	-	61342838	61343289	61342838	61342967	61343085	61343289	2420	73,84,35	172,200,89	18,65,255	40,166,537	218	100	0.612270366461	1.0	0.163,0.162,0.153	0.171,0.152,0.179	-0.008
2421	"Lrif1"	NA	chrNC_000069.7	+	106640652	106641955	106640652	106640922	106641673	106641955	2421	70,43,62	1,1,1	83,78,80	3,0,10	851	100	0.0527509554463	0.2850152803540391	0.892,0.835,0.879	0.765,1.0,0.485	0.119
2424	"Gm38537"	NA	chrNC_000069.7	+	52399146	52400690	52399146	52399200	52399317	52400690	2424	2,6,10	0,0,0	6,3,2	0,0,2	217	100	0.550593470529	0.9971014761755899	1.0,1.0,1.0	1.0,1.0,0.315	0.228
2425	"Efcab14"	NA	chrNC_000070.7	+	115631034	115634525	115631034	115631202	115632257	115634525	2425	2526,2128,2305	13,24,16	3308,2424,2186	25,22,23	1155	100	0.424468383564	0.880826878846539	0.944,0.885,0.926	0.92,0.905,0.892	0.013
2426	"Rasa4"	NA	chrNC_000071.7	+	136130097	136130543	136130097	136130248	136130478	136130543	2426	13,16,26	10,19,15	30,15,33	33,16,16	330	100	0.987020579944	1.0	0.283,0.203,0.344	0.216,0.221,0.385	0.003
2427	"Mybph"	NA	chrNC_000067.7	+	134127687	134128185	134127687	134127874	134128132	134128185	2427	2546,3039,2947	8,3,10	2958,3096,3786	13,19,8	358	100	0.170076248122	0.5606217067725185	0.989,0.996,0.988	0.985,0.979,0.992	0.006
2428	"Mybph"	NA	chrNC_000067.7	+	134127687	134128972	134127687	134128185	134128682	134128972	2428	3048,3638,3559	13,14,11	3903,3894,4917	17,20,12	597	100	0.82140979537	1.0	0.975,0.978,0.982	0.975,0.97,0.986	0.001
2429	"Mybph"	NA	chrNC_000067.7	+	134127687	134128972	134127687	134128185	134128685	134128972	2429	3055,3643,3566	7,4,15	3915,3902,4920	19,15,16	600	100	0.0596544627714	0.3070112542293943	0.986,0.993,0.975	0.972,0.977,0.981	0.008
2430	"Gm30929"	NA	chrNC_000081.7	-	66211001	66212266	66211001	66211078	66211589	66212266	2430	0,2,2	2,1,0	3,1,0	4,0,0	611	100	1	1.0	0.0,0.247,1.0	0.109,1.0,NA	-0.139
2431	"Zfp169"	NA	chrNC_000079.7	-	48641134	48644869	48641134	48642794	48644831	48644869	2431	471,466,396	0,1,0	518,478,699	0,0,0	2137	100	1	1.0	1.0,0.956,1.0	1.0,1.0,1.0	-0.015
2439	"Rbm12b1"	NA	chrNC_000070.7	+	12140120	12140605	12140120	12140383	12140540	12140605	2439	13,5,17	10,11,13	18,21,17	23,13,4	257	100	0.285099862085	0.7354750065381159	0.336,0.15,0.337	0.233,0.386,0.623	-0.14
2440	"Rbm12b1"	NA	chrNC_000070.7	+	12140120	12140605	12140120	12140401	12140540	12140605	2440	12,5,17	2,1,2	17,19,15	6,20,0	239	100	0.265048569568	0.705914893512778	0.715,0.677,0.781	0.542,0.284,1.0	0.116
2441	"Rbm12b1"	NA	chrNC_000070.7	+	12140120	12140605	12140120	12140446	12140540	12140605	2441	7,4,9	1,6,0	5,11,11	5,1,0	194	100	0.738995374124	1.0	0.783,0.256,1.0	0.34,0.85,1.0	-0.05
2442	"Plekha6"	NA	chrNC_000067.7	+	133222300	133226781	133222300	133222446	133226657	133226781	2442	256,209,105	55,58,37	165,183,367	50,69,98	4311	100	0.355700184914	0.8189187432832257	0.097,0.077,0.062	0.071,0.058,0.08	0.009
2443	"Mov10"	NA	chrNC_000069.7	-	104725251	104725597	104725251	104725472	104725573	104725597	2443	38,22,52	1,2,5	35,38,20	2,1,0	201	100	0.0481896116452	0.268054714776425	0.95,0.846,0.838	0.897,0.95,1.0	-0.071
2444	"Cdh8"	NA	chrNC_000074.7	-	99752587	99757690	99752587	99756543	99757470	99757690	2444	24,67,16	0,0,0	17,58,267	0,0,8	1027	100	0.000154616045304	0.006694456880459675	1.0,1.0,1.0	1.0,1.0,0.765	0.078
2445	"Cdh8"	NA	chrNC_000074.7	-	99755400	99757690	99755400	99756543	99757507	99757690	2445	25,69,17	1,13,1	17,60,269	0,0,17	1064	100	0.0313346599654	0.20489030720232979	0.701,0.333,0.615	1.0,1.0,0.598	-0.316
2447	"Mcrip2"	NA	chrNC_000083.7	-	26087387	26087713	26087387	26087517	26087598	26087713	2447	13,15,18	52,53,50	21,9,35	59,30,78	181	100	0.249806790239	0.6805960509572755	0.121,0.135,0.166	0.164,0.142,0.199	-0.028
2448	"Cep131"	NA	chrNC_000077.7	-	119955610	119956377	119955610	119955671	119956213	119956377	2448	34,36,42	60,81,87	32,25,80	104,80,129	642	100	0.451506545211	0.9166474317313683	0.081,0.065,0.07	0.046,0.046,0.088	0.012
2449	"Zfp426"	NA	chrNC_000075.7	-	20403681	20404042	20403681	20403747	20403993	20404042	2449	217,342,251	11,17,14	370,328,319	18,25,21	346	100	0.342082514487	0.8066393495440941	0.851,0.853,0.838	0.856,0.791,0.814	0.027
2450	"Fhip1b"	NA	chrNC_000073.7	-	105030582	105033779	105030582	105030784	105032987	105033779	2450	257,283,365	117,125,111	548,212,240	78,137,126	2303	100	0.703164438753	1.0	0.087,0.09,0.125	0.234,0.063,0.076	-0.024
2451	"Fhip1b"	NA	chrNC_000073.7	-	105030582	105033779	105030582	105030784	105033581	105033779	2451	1054,1117,1058	0,1,4	1357,965,1126	8,1,5	2897	100	0.0161481087247	0.13613887191726612	1.0,0.975,0.901	0.854,0.971,0.886	0.055
2452	"Fhip1b"	NA	chrNC_000073.7	-	105037985	105039099	105037985	105038144	105038460	105039099	2452	30,33,30	71,118,73	39,47,31	97,96,111	416	100	0.666115475886	1.0	0.092,0.063,0.09	0.088,0.105,0.063	-0.004
2454	"Scyl1"	NA	chrNC_000085.7	-	5808827	5809174	5808827	5808888	5808967	5809174	2454	39,23,26	392,471,428	21,33,19	363,420,397	179	100	0.569593644113	1.0	0.053,0.027,0.033	0.031,0.042,0.026	0.005
2456	"Ccnj"	NA	chrNC_000085.7	+	40819684	40820532	40819684	40820294	40820422	40820532	2456	1,6,3	1,0,1	15,7,5	0,0,0	228	100	1	1.0	0.305,1.0,0.568	1.0,1.0,1.0	-0.376
2460	"Gm41934"	NA	chrNC_000067.7	-	119046815	119050681	119046815	119047997	119048713	119050681	2460	0,7,0	0,1,0	3,0,0	0,0,4	816	100	1	1.0	NA,0.462,NA	1.0,NA,0.0	-0.038
2461	"Gm41934"	NA	chrNC_000067.7	-	119046815	119050681	119046815	119048799	119050601	119050681	2461	4,7,2	0,0,1	1,2,0	2,0,0	1902	100	1	1.0	1.0,1.0,0.095	0.026,1.0,NA	0.185
2462	"Gm42071"	NA	chrNC_000077.7	+	35995119	35996889	35995119	35995230	35995559	35996889	2462	0,2,1	0,0,0	2,1,0	1,0,0	429	100	1	1.0	NA,1.0,1.0	0.318,1.0,NA	0.341
2463	"Gm4631"	NA	chrNC_000068.8	-	175159577	175169059	175159577	175167841	175168998	175169059	2463	1,4,1	0,0,3	0,0,1	0,0,0	1257	100	1	1.0	1.0,1.0,0.026	NA,NA,1.0	-0.325
2466	"Plin4"	NA	chrNC_000083.7	-	56407586	56409491	56407586	56409330	56409408	56409491	2466	4,7,7	2,20,12	5,5,7	37,23,18	178	100	0.0566191924761	0.2969032613640334	0.529,0.164,0.247	0.071,0.109,0.179	0.194
2467	"Plin4"	NA	chrNC_000083.7	-	56410109	56414370	56410109	56410297	56410416	56414370	2467	3,5,6	15,16,31	7,10,2	41,17,23	219	100	0.730134631129	1.0	0.084,0.125,0.081	0.072,0.212,0.038	-0.011
2469	"Plin4"	NA	chrNC_000083.7	-	56410416	56414374	56410416	56410761	56410851	56414374	2469	35,26,36	0,2,4	92,38,67	1,4,0	190	100	0.234697149812	0.6602016400330536	1.0,0.872,0.826	0.98,0.833,1.0	-0.038
2470	"Plin4"	NA	chrNC_000083.7	-	56410416	56414374	56410416	56412501	56413095	56414374	2470	30,64,51	2,1,0	116,64,42	1,5,1	694	100	0.0925394432948	0.3903921953935484	0.684,0.902,1.0	0.944,0.648,0.858	0.045
2471	"Plin4"	NA	chrNC_000083.7	-	56410416	56414370	56410416	56413491	56413788	56414370	2471	31,49,40	0,0,0	87,55,52	2,9,1	397	100	8.09080882813e-06	0.0010369180594131408	1.0,1.0,1.0	0.916,0.606,0.929	0.183
2472	"Enpp5"	NA	chrNC_000083.7	+	44391537	44392401	44391537	44391665	44391828	44392401	2472	2219,2370,2361	16,11,27	3001,2302,2287	6,16,16	263	100	0.0536346463116	0.28769784549673477	0.981,0.988,0.971	0.995,0.982,0.982	-0.006
2473	"Enpp5"	NA	chrNC_000083.7	+	44393634	44397458	44393634	44393811	44396095	44397458	2473	3227,3909,2986	863,848,906	4044,3040,5341	1036,841,725	2384	100	0.0652959482975	0.3238044644753668	0.136,0.162,0.121	0.141,0.132,0.236	-0.03
2474	"Enpp5"	NA	chrNC_000083.7	+	44393634	44397458	44393634	44393815	44396095	44397458	2474	3209,3896,2980	0,0,0	4032,3030,5332	0,1,1	2380	100	1	1.0	1.0,1.0,1.0	1.0,0.992,0.996	0.004
2475	"Aifm2"	NA	chrNC_000076.7	+	61572361	61574432	61572361	61572537	61574177	61574432	2475	924,890,983	24,40,31	1038,907,789	49,25,18	1740	100	0.832407694541	1.0	0.689,0.561,0.646	0.549,0.676,0.716	-0.015
2476	"Aifm2"	NA	chrNC_000076.7	+	61572361	61574432	61572361	61572589	61574177	61574432	2476	908,866,965	0,3,4	1013,877,760	3,5,2	1688	100	0.343631643189	0.8071816603941027	1.0,0.945,0.935	0.952,0.912,0.957	0.02
2477	"Zcchc2"	NA	chrNC_000067.7	+	105957481	105961807	105957481	105958963	105959825	105961807	2477	181,193,166	65,37,38	230,220,154	25,42,58	962	100	0.37536635901	0.8357705450090618	0.224,0.352,0.312	0.489,0.353,0.216	-0.057
2478	"Gm35129"	NA	chrNC_000068.8	+	160716339	160717351	160716339	160716678	160716947	160717351	2478	2,0,0	0,0,0	0,0,0	1,1,0	369	100	1	1.0	1.0,NA,NA	0.0,0.0,NA	1.0
2479	"Nup58"	NA	chrNC_000080.7	-	60455519	60459127	60455519	60457607	60459031	60459127	2479	277,187,137	132,145,145	149,232,210	102,156,189	1524	100	0.703878148426	1.0	0.121,0.078,0.058	0.087,0.089,0.068	0.004
2486	"Gm33856"	NA	chrNC_000068.8	+	33679582	33687060	33679582	33685008	33685293	33687060	2486	10,3,5	1,0,1	2,6,7	2,4,3	385	100	0.000285663336011	0.009736865197651533	0.722,1.0,0.565	0.206,0.28,0.377	0.475
2487	"Gm33856"	NA	chrNC_000068.8	+	33679582	33687060	33679582	33685008	33685306	33687060	2487	10,3,6	0,0,0	2,7,7	1,0,0	398	100	1	1.0	1.0,1.0,1.0	0.334,1.0,1.0	0.222
2488	"Gm33856"	NA	chrNC_000068.8	+	33679582	33687060	33679582	33685008	33686271	33687060	2488	65,44,32	0,0,1	20,31,23	0,0,0	1363	100	1	1.0	1.0,1.0,0.701	1.0,1.0,1.0	-0.1
2489	"Gm33856"	NA	chrNC_000068.8	+	33679582	33687060	33679582	33685473	33686271	33687060	2489	51,40,24	2,2,0	15,21,16	0,5,0	898	100	1	1.0	0.74,0.69,1.0	1.0,0.319,1.0	0.037
2491	"Trnau1ap"	NA	chrNC_000070.7	-	132052662	132053356	132052662	132052800	132053256	132053356	2491	99,90,86	11,12,4	41,109,67	13,11,19	556	100	0.0378313057608	0.23105389391823086	0.618,0.574,0.795	0.362,0.641,0.388	0.199
2492	"Atpaf2"	NA	chrNC_000077.7	-	60307576	60307863	60307576	60307722	60307811	60307863	2492	144,150,133	2,2,3	146,174,157	2,0,0	189	100	0.374759826539	0.8355814086506304	0.974,0.975,0.959	0.975,1.0,1.0	-0.022
2493	"Rnasel"	NA	chrNC_000067.7	+	153627204	153627805	153627204	153627413	153627541	153627805	2493	3,4,0	4,4,0	6,0,3	0,1,8	228	100	1	1.0	0.248,0.305,NA	1.0,0.0,0.141	-0.104
2494	"Qsox2"	NA	chrNC_000068.8	-	26099135	26101471	26099135	26099805	26101285	26101471	2494	1221,1239,1208	65,79,87	1422,1106,1401	75,96,67	1580	100	0.825747881284	1.0	0.543,0.498,0.468	0.545,0.422,0.57	-0.009
2495	"Evc"	NA	chrNC_000071.7	-	37468875	37470882	37468875	37469086	37470772	37470882	2495	43,45,42	136,137,114	43,40,73	163,104,109	1786	100	0.19489351363	0.6015788224186126	0.017,0.018,0.02	0.015,0.021,0.036	-0.006
2496	"Gm35850"	NA	chrNC_000074.7	-	91438024	91441013	91438024	91438566	91439655	91441013	2496	2,2,2	0,0,0	10,5,4	0,0,1	1189	100	1	1.0	1.0,1.0,1.0	1.0,1.0,0.252	0.249
2497	"Gm35850"	NA	chrNC_000074.7	-	91438024	91441013	91438024	91439737	91440850	91441013	2497	8,4,2	2,0,0	5,12,8	0,0,1	1213	100	0.459924792694	0.9256275350449598	0.248,1.0,1.0	1.0,1.0,0.397	-0.05
2498	"Gm35850"	NA	chrNC_000074.7	-	91463201	91465675	91463201	91463652	91465519	91465675	2498	2,10,14	0,0,0	8,3,2	0,0,2	1967	100	0.0976246088936	0.40132773871534183	1.0,1.0,1.0	1.0,1.0,0.048	0.317
2499	"Gm35850"	NA	chrNC_000074.7	-	91463201	91465675	91463201	91463652	91465524	91465675	2499	2,10,14	1,3,0	8,3,2	0,0,0	1972	100	5.18201038582e-05	0.003991891832961429	0.092,0.145,1.0	1.0,1.0,1.0	-0.588
2505	"Rfx5"	NA	chrNC_000069.7	+	94864407	94865196	94864407	94864609	94865092	94865196	2505	65,23,39	83,136,114	40,70,61	113,111,115	583	100	0.0927782377573	0.3906195450386192	0.118,0.028,0.055	0.057,0.098,0.083	-0.012
2507	"Gm33412"	NA	chrNC_000068.8	+	119346439	119346928	119346439	119346566	119346758	119346928	2507	2,0,0	0,0,2	0,0,1	4,0,2	292	100	1	1.0	1.0,NA,0.0	0.0,NA,0.146	0.427
2508	"Zbtb37"	NA	chrNC_000067.7	-	160830491	160840165	160830491	160837061	160840122	160840165	2508	253,228,281	11,4,6	481,166,320	2,6,5	3161	100	0.179067840514	0.5780255583431035	0.421,0.643,0.597	0.884,0.467,0.669	-0.12
2509	"Zbtb37"	NA	chrNC_000067.7	-	160840454	160847976	160840454	160840591	160847053	160847976	2509	283,321,324	1,2,2	492,312,351	3,1,5	6562	100	0.466719871608	0.9316949960324187	0.812,0.71,0.712	0.714,0.826,0.517	0.059
2512	"Ap5s1"	NA	chrNC_000068.8	+	131054366	131055434	131054366	131054656	131054745	131055434	2512	222,201,252	5,6,2	238,261,328	9,6,10	189	100	0.132054086337	0.48299234317779455	0.959,0.947,0.985	0.933,0.958,0.946	0.018
2513	"Ap5s1"	NA	chrNC_000068.8	+	131054366	131055434	131054366	131054656	131055089	131055434	2513	691,645,709	5,10,6	789,742,889	10,5,10	533	100	0.944315489125	1.0	0.963,0.924,0.957	0.937,0.965,0.943	-0.0
2514	"Spata2"	NA	chrNC_000068.8	-	167323052	167326499	167323052	167323478	167325617	167326499	2514	4180,4920,5060	0,1,0	4303,4578,4959	1,0,2	2239	100	1	1.0	1.0,0.995,1.0	0.995,1.0,0.991	0.003
2516	"Spata2"	NA	chrNC_000068.8	-	167323052	167327513	167323052	167326499	167327077	167327513	2516	36,42,57	197,153,178	35,28,38	180,190,167	678	100	0.0639095409702	0.320447839230862	0.026,0.039,0.045	0.028,0.021,0.032	0.01
2518	"Cerox1"	NA	chrNC_000083.7	+	25792959	25793506	25792959	25793107	25793220	25793506	2518	72,102,69	2,7,7	67,105,87	16,1,4	213	100	0.732395880473	1.0	0.944,0.872,0.822	0.663,0.98,0.911	0.028
2519	"Cerox1"	NA	chrNC_000083.7	+	25792959	25794008	25792959	25793506	25793686	25794008	2519	143,75,111	9,2,6	110,124,141	17,15,9	280	100	0.00939243367755	0.0980239658073948	0.85,0.931,0.869	0.698,0.747,0.848	0.119
2520	"Hcn3"	NA	chrNC_000069.7	-	89058168	89058893	89058168	89058387	89058731	89058893	2520	30,36,20	10,14,5	26,52,141	15,13,82	444	100	0.353523785149	0.8172798542778441	0.403,0.367,0.474	0.281,0.474,0.279	0.07
2521	"Hcn3"	NA	chrNC_000069.7	-	89059937	89060367	89059937	89060080	89060185	89060367	2521	40,61,21	1,0,0	34,25,179	0,0,0	205	100	1	1.0	0.951,1.0,1.0	1.0,1.0,1.0	-0.016
2541	"Gm33320"	NA	chrNC_000072.7	-	126531695	126537439	126531695	126531758	126532188	126537439	2541	11,10,2	1,5,4	8,11,28	2,8,19	530	100	0.884028277002	1.0	0.675,0.274,0.086	0.43,0.206,0.218	0.06
2543	"Cntn2"	NA	chrNC_000067.7	-	132437164	132443375	132437164	132438531	132439052	132443375	2543	14,22,3	1,0,0	6,8,54	1,0,2	621	100	0.56836158119	1.0	0.693,1.0,1.0	0.491,1.0,0.813	0.13
2544	"Itga3"	NA	chrNC_000077.7	-	94966956	94967637	94966956	94967484	94967593	94967637	2544	193,128,134	11,10,7	131,143,62	6,4,5	209	100	0.255427274623	0.688300242129598	0.894,0.86,0.902	0.913,0.945,0.856	-0.019
2547	"Slc4a3"	NA	chrNC_000067.7	+	75523876	75524865	75523876	75524042	75524587	75524865	2547	46,33,43	331,316,283	29,28,114	291,323,456	645	100	0.338775495586	0.8047236281900103	0.021,0.016,0.023	0.015,0.013,0.037	-0.002
2548	"Slc4a3"	NA	chrNC_000067.7	+	75523876	75524865	75523876	75524176	75524587	75524865	2548	40,29,28	0,0,0	20,26,86	1,0,0	511	100	1	1.0	1.0,1.0,1.0	0.796,1.0,1.0	0.068
2549	"Slc4a3"	NA	chrNC_000067.7	+	75527398	75528026	75527398	75527579	75527890	75528026	2549	168,246,246	285,282,259	233,232,542	316,277,447	411	100	0.145790649737	0.5136352458796579	0.125,0.175,0.188	0.152,0.169,0.228	-0.02
2551	"Prdm5"	NA	chrNC_000072.7	+	65868969	65869885	65868969	65869144	65869799	65869885	2551	6,5,4	0,0,0	2,8,1	2,0,0	755	100	0.301734518166	0.7579906640087023	1.0,1.0,1.0	0.117,1.0,1.0	0.294
2553	"Spen"	NA	chrNC_000070.7	-	141197420	141197921	141197420	141197539	141197908	141197921	2553	676,693,672	0,12,9	654,604,571	5,5,2	469	100	0.177021273171	0.5739005595816582	1.0,0.925,0.941	0.965,0.963,0.984	-0.015
2554	"Nabp1"	NA	chrNC_000067.7	-	51508646	51510570	51508646	51509085	51510129	51510570	2554	1041,982,913	17,21,26	1061,985,854	22,28,31	1144	100	0.193009365136	0.5974898607688347	0.843,0.803,0.754	0.808,0.755,0.707	0.043
2556	"Emc9"	NA	chrNC_000080.7	-	55822368	55822739	55822368	55822411	55822507	55822739	2556	331,269,295	0,0,0	319,286,409	0,0,1	196	100	1	1.0	1.0,1.0,1.0	1.0,1.0,0.995	0.002
2561	"Slc2a8"	NA	chrNC_000068.8	-	32871372	32871895	32871372	32871579	32871732	32871895	2561	31,19,18	44,48,70	30,41,58	46,21,100	253	100	0.0129017650046	0.11891526901169056	0.218,0.135,0.092	0.205,0.436,0.186	-0.127
2562	"Mkks"	NA	chrNC_000068.8	-	136722170	136723559	136722170	136722246	136722450	136723559	2562	156,142,149	0,4,0	120,109,142	0,2,0	304	100	0.563420912049	1.0	1.0,0.921,1.0	1.0,0.947,1.0	-0.009
2563	"Dynlt2a1"	NA	chrNC_000083.7	-	15243976	15246349	15243976	15244037	15244364	15246349	2563	20,27,16	5,11,17	37,27,23	27,2,26	427	100	0.85310667585	1.0	0.484,0.365,0.181	0.243,0.76,0.172	-0.048
2565	"Gm11816"	NA	chrNC_000070.7	-	9279257	9284455	9279257	9281990	9283626	9284455	2565	18,8,15	0,0,0	6,14,35	0,1,3	1736	100	0.00403954783411	0.057779960984323385	1.0,1.0,1.0	1.0,0.446,0.402	0.384
2568	"Creb1"	NA	chrNC_000067.7	+	64636392	64642129	64636392	64636802	64638131	64642129	2568	730,802,677	5,2,10	656,837,651	14,10,6	1429	100	0.052093943171	0.2833768996942004	0.911,0.966,0.826	0.766,0.854,0.884	0.066
2569	"Gm31455"	NA	chrNC_000072.7	-	50775864	50782620	50775864	50777916	50779922	50782620	2569	64,55,82	0,11,9	266,88,114	14,1,5	2106	100	0.547675727385	0.9971014761755899	1.0,0.192,0.302	0.474,0.807,0.52	-0.102
2571	"Matcap2"	NA	chrNC_000075.7	+	22335408	22336103	22335408	22335721	22335807	22336103	2571	115,122,136	7,8,7	143,76,86	20,6,13	186	100	0.00582391290315	0.07375421716084032	0.898,0.891,0.913	0.794,0.872,0.781	0.085
2573	"Ppox"	NA	chrNC_000067.7	-	171107713	171108096	171107713	171107829	171107961	171108096	2573	159,193,167	109,99,108	291,177,232	111,141,119	232	100	0.469737763212	0.9330686877441092	0.386,0.457,0.4	0.531,0.351,0.457	-0.032
2574	"Ppox"	NA	chrNC_000067.7	-	171107713	171108096	171107713	171107845	171107961	171108096	2574	147,172,141	30,22,14	259,163,208	32,14,19	216	100	0.132308297918	0.483370338117756	0.694,0.784,0.823	0.789,0.844,0.835	-0.056
2576	"Fam184a"	NA	chrNC_000076.7	-	53509130	53510491	53509130	53509811	53510397	53510491	2576	202,188,253	13,20,15	372,266,257	10,23,22	686	100	0.504748605623	0.968972158427856	0.694,0.578,0.711	0.844,0.628,0.63	-0.04
2577	"Ly6e"	NA	chrNC_000081.7	+	74826873	74827566	74826873	74827184	74827331	74827566	2577	7,47,30	0,0,1	54,16,166	2,0,5	247	100	0.0194512498621	0.15132990971642907	1.0,1.0,0.924	0.916,1.0,0.931	0.026
2578	"Ly6e"	NA	chrNC_000081.7	+	74826873	74827566	74826873	74827184	74827415	74827566	2578	18,80,37	2,3,1	66,25,251	4,4,14	331	100	0.17056060965	0.5610638535098563	0.731,0.89,0.918	0.833,0.654,0.844	0.069
2579	"Ager"	NA	chrNC_000083.7	+	34816823	34817221	34816823	34816919	34817114	34817221	2579	17,17,19	4,11,13	27,25,25	31,7,7	295	100	0.917251692609	1.0	0.59,0.344,0.331	0.228,0.548,0.548	-0.02
2583	"Rbm39"	NA	chrNC_000068.8	-	156014747	156016088	156014747	156014942	156016016	156016088	2583	665,516,636	67,82,78	1252,603,909	114,74,102	1174	100	0.226994988151	0.6520706134888794	0.458,0.349,0.41	0.483,0.41,0.432	-0.036
2584	"Rbm39"	NA	chrNC_000068.8	-	156016016	156018377	156016016	156016088	156018322	156018377	2584	1702,1614,1606	9,5,5	3148,1754,2333	8,9,11	2334	100	0.84144704368	1.0	0.89,0.933,0.932	0.944,0.893,0.901	0.006
2585	"Rbm39"	NA	chrNC_000068.8	-	156016016	156018377	156016016	156016894	156018322	156018377	2585	1007,1030,964	24,15,6	1961,1085,1418	26,25,15	1528	100	0.876390499837	1.0	0.733,0.818,0.913	0.832,0.74,0.861	0.01
2586	"Rbm39"	NA	chrNC_000068.8	-	156019255	156020872	156019255	156019305	156020799	156020872	2586	1836,1655,1794	108,138,100	2866,1936,2160	135,87,124	1594	100	0.0311970733356	0.2048266864083246	0.516,0.429,0.53	0.571,0.583,0.522	-0.067
2587	"Rbm39"	NA	chrNC_000068.8	-	156019255	156020872	156019255	156019826	156020799	156020872	2587	1167,1037,1149	19,17,24	1822,1188,1378	26,15,7	1073	100	0.0186041445391	0.1480742387389511	0.851,0.85,0.817	0.867,0.881,0.948	-0.059
2588	"Dnai1"	NA	chrNC_000070.7	+	41632139	41632488	41632139	41632288	41632388	41632488	2588	70,66,70	52,72,97	97,57,70	169,73,79	200	100	0.111741916874	0.4383498230472999	0.402,0.314,0.265	0.223,0.281,0.307	0.057
2593	"Rbm48"	NA	chrNC_000071.7	-	3640891	3641815	3640891	3641042	3641669	3641815	2593	51,20,37	4,0,2	58,8,31	1,7,1	727	100	0.404020132426	0.8666406320224084	0.637,1.0,0.718	0.889,0.136,0.81	0.173
2596	"Gm40055"	NA	chrNC_000069.7	-	57864435	57865687	57864435	57865333	57865463	57865687	2596	0,2,0	0,2,0	0,1,1	0,0,5	230	100	1	1.0	NA,0.303,NA	NA,1.0,0.08	-0.237
2597	"Hjurp"	NA	chrNC_000067.7	-	88190834	88194380	88190834	88194002	88194053	88194380	2597	23,9,20	121,135,130	32,10,24	187,156,146	151	100	0.927867420754	1.0	0.112,0.042,0.092	0.102,0.041,0.098	0.002
2599	"Gas2l3"	NA	chrNC_000076.7	-	89244684	89250354	89244684	89249044	89250029	89250354	2599	95,44,115	0,0,0	228,69,135	1,0,3	1085	100	0.365532209785	0.8254606480808705	1.0,1.0,1.0	0.955,1.0,0.806	0.08
2600	"Ankrd10"	NA	chrNC_000074.7	-	11670261	11673858	11670261	11670373	11673696	11673858	2600	1398,1319,1254	0,0,0	1450,1204,1448	2,0,0	3423	100	1	1.0	1.0,1.0,1.0	0.955,1.0,1.0	0.015
2602	"Ppp1r26"	NA	chrNC_000068.8	+	28336979	28337994	28336979	28337313	28337896	28337994	2602	62,65,49	0,0,1	102,41,116	0,2,2	683	100	0.313873656538	0.7740998816537802	1.0,1.0,0.878	1.0,0.75,0.895	0.078
2603	"Ppp1r26"	NA	chrNC_000068.8	+	28336979	28337994	28336979	28337324	28337896	28337994	2603	62,65,45	0,2,7	97,41,113	2,6,7	672	100	0.496771422019	0.9618936588509783	1.0,0.829,0.489	0.878,0.504,0.706	0.077
2604	"Ecel1"	NA	chrNC_000067.7	-	87073984	87075808	87073984	87074227	87074386	87075808	2604	2,0,0	0,0,0	2,0,2	0,0,1	259	100	1	1.0	1.0,NA,NA	1.0,NA,0.436	0.282
2605	"Tle6"	NA	chrNC_000076.7	-	81429828	81430419	81429828	81430076	81430160	81430419	2605	1,0,1	1,2,2	0,3,2	3,5,8	184	100	0.0802110661658	0.3574356828862631	0.352,0.0,0.214	0.0,0.246,0.12	0.067
2606	"Usp53"	NA	chrNC_000069.7	-	122754803	122755081	122754803	122754886	122754967	122755081	2606	18,14,24	182,162,156	19,19,8	172,228,140	181	100	0.212038991578	0.6331565870671421	0.052,0.046,0.078	0.058,0.044,0.031	0.014
2610	"Magi1"	NA	chrNC_000072.7	-	93652433	93657858	93652433	93655983	93657769	93657858	2610	91,107,65	58,47,46	108,102,272	41,59,79	1886	100	0.008336371561	0.09054147281845425	0.077,0.108,0.07	0.123,0.084,0.154	-0.035
2611	"Magi1"	NA	chrNC_000072.7	-	93652433	93660071	93652433	93655983	93659932	93660071	2611	316,410,259	122,104,123	280,393,1160	154,123,114	4049	100	0.034684211429	0.22036446976430277	0.06,0.089,0.049	0.043,0.073,0.201	-0.04
2612	"Magi1"	NA	chrNC_000072.7	-	93652433	93660071	93652433	93657858	93659932	93660071	2612	225,303,194	78,51,61	173,291,884	37,80,61	2174	100	0.0388992877523	0.23560173527101927	0.117,0.215,0.128	0.177,0.143,0.4	-0.087
2613	"Tmem33"	NA	chrNC_000071.7	+	67417907	67418376	67417907	67418149	67418306	67418376	2613	139,111,142	722,731,700	149,194,135	735,829,722	257	100	0.22354272054	0.6475866877126221	0.07,0.056,0.073	0.073,0.083,0.068	-0.008
2614	"Tmem33"	NA	chrNC_000071.7	+	67443438	67448804	67443438	67443559	67444352	67448804	2614	3108,3312,3252	162,134,184	3547,3542,2754	267,184,197	893	100	0.0094584776909	0.09838413021028629	0.682,0.735,0.664	0.598,0.683,0.61	0.063
2615	"Cdkl3"	NA	chrNC_000077.7	+	51895014	51895919	51895014	51895244	51895736	51895919	2615	76,90,110	10,21,11	91,94,75	14,6,9	592	100	0.342658876744	0.8066708604612608	0.562,0.42,0.628	0.523,0.726,0.585	-0.075
2616	"Cdkl3"	NA	chrNC_000077.7	+	51895014	51895919	51895014	51895337	51895736	51895919	2616	40,65,60	7,1,5	64,72,39	5,9,6	499	100	0.363987306039	0.8254606480808705	0.534,0.929,0.706	0.72,0.616,0.566	0.089
2617	"Cdkl3"	NA	chrNC_000077.7	+	51895014	51895919	51895014	51895244	51895739	51895919	2617	78,91,110	38,52,45	94,94,75	69,35,41	595	100	0.53443404602	0.9884643820823515	0.256,0.227,0.291	0.186,0.311,0.235	0.014
2618	"Cdkl3"	NA	chrNC_000077.7	+	51895014	51895919	51895014	51895337	51895739	51895919	2618	42,66,60	25,8,20	67,72,39	13,21,20	502	100	0.962258465907	1.0	0.251,0.622,0.374	0.507,0.406,0.28	0.018
2619	"Cdkl3"	NA	chrNC_000077.7	+	51975197	51980605	51975197	51975317	51980415	51980605	2619	313,342,280	23,20,18	427,283,394	46,28,37	5198	100	0.0206305749012	0.15700798570889501	0.207,0.248,0.23	0.152,0.163,0.17	0.067
2620	"Mzt2"	NA	chrNC_000082.7	-	15680611	15681233	15680611	15680796	15681086	15681233	2620	826,844,828	20,29,48	897,757,1087	37,38,38	390	100	0.660987421732	1.0	0.914,0.882,0.816	0.861,0.836,0.88	0.012
2621	"Ncoa5"	NA	chrNC_000068.8	-	164851242	164852507	164851242	164851369	164851603	164852507	2621	67,43,46	0,1,2	49,66,73	0,1,1	334	100	1	1.0	1.0,0.928,0.873	1.0,0.952,0.956	-0.036
2622	"Ncoa5"	NA	chrNC_000068.8	-	164851242	164852507	164851242	164851369	164852370	164852507	2622	235,152,165	272,246,257	220,214,286	243,277,236	1101	100	0.00819980076948	0.09034501177346939	0.073,0.053,0.055	0.076,0.066,0.099	-0.02
2623	"Gm26901"	NA	chrNC_000067.7	-	7439784	7452306	7439784	7446231	7446882	7452306	2623	0,0,0	2,0,0	2,0,0	0,0,0	751	100	1	1.0	0.0,NA,NA	1.0,NA,NA	-1.0
2625	"Gm26901"	NA	chrNC_000067.7	-	7439784	7452306	7439784	7447000	7452197	7452306	2625	3,5,4	2,0,0	6,1,2	0,0,0	5297	100	0.0397963779823	0.23833195337437235	0.028,1.0,1.0	1.0,1.0,1.0	-0.324
2628	"Arrdc1"	NA	chrNC_000068.8	-	24815767	24816457	24815767	24816206	24816283	24816457	2628	27,32,22	60,66,41	32,22,49	75,57,88	177	100	0.881426315814	1.0	0.203,0.215,0.233	0.194,0.179,0.239	0.013
2629	"Arrdc1"	NA	chrNC_000068.8	-	24817137	24817851	24817137	24817188	24817740	24817851	2629	43,33,49	51,64,37	73,21,73	64,46,51	652	100	0.332666822977	0.7984003751448	0.115,0.073,0.169	0.149,0.065,0.18	-0.012
2632	"Daam2"	NA	chrNC_000083.7	-	49781406	49783583	49781406	49781435	49783475	49783583	2632	1458,1474,1302	1,0,1	2530,1733,1857	0,2,1	2140	100	1	1.0	0.986,1.0,0.984	1.0,0.976,0.989	0.002
2633	"Nvl"	NA	chrNC_000067.7	-	180922548	180924789	180922548	180922619	180924700	180924789	2633	498,355,441	114,137,128	467,533,879	86,124,150	2181	100	0.000277931046897	0.009575172841483742	0.167,0.106,0.136	0.199,0.165,0.212	-0.056
2634	"Nvl"	NA	chrNC_000067.7	-	180922548	180924789	180922548	180923254	180924700	180924789	2634	356,247,297	5,5,4	343,346,627	0,6,4	1546	100	0.0934283427476	0.39232557033199267	0.822,0.762,0.828	1.0,0.789,0.91	-0.096
2635	"Fam161a"	NA	chrNC_000077.7	+	22978855	22980787	22978855	22979010	22979365	22980787	2635	9,12,21	17,21,21	41,11,9	46,14,36	455	100	0.709301761372	1.0	0.104,0.112,0.18	0.164,0.147,0.052	0.011
2636	"Ciz1"	NA	chrNC_000068.8	+	32253020	32253668	32253020	32253170	32253634	32253668	2636	439,477,470	2,4,6	434,491,421	1,6,2	564	100	0.486421346937	0.9547171636131628	0.975,0.955,0.933	0.987,0.936,0.974	-0.011
2637	"Ciz1"	NA	chrNC_000068.8	+	32260812	32261420	32260812	32261113	32261260	32261420	2637	458,543,450	53,61,45	418,425,375	52,66,58	247	100	0.0501019334118	0.2756097710014045	0.778,0.783,0.802	0.765,0.723,0.724	0.05
2638	"Ciz1"	NA	chrNC_000068.8	+	32260812	32261420	32260812	32261125	32261260	32261420	2638	410,505,412	30,43,36	382,387,345	36,34,44	235	100	0.172162393583	0.564016675909951	0.853,0.833,0.83	0.819,0.829,0.769	0.033
2639	"Purg"	NA	chrNC_000074.7	+	33876357	33879286	33876357	33877236	33879196	33879286	2639	595,523,389	14,8,14	307,493,568	3,18,3	2060	100	0.219686305112	0.6428479363892383	0.674,0.76,0.574	0.832,0.571,0.902	-0.099
2640	"Purg"	NA	chrNC_000074.7	+	33876357	33879286	33876357	33877245	33879196	33879286	2640	594,516,387	0,0,0	305,491,562	0,0,1	2051	100	1	1.0	1.0,1.0,1.0	1.0,1.0,0.965	0.012
2641	"Eya1"	NA	chrNC_000067.7	-	14374648	14375172	14374648	14374698	14374796	14375172	2641	123,95,104	18,6,10	72,127,102	28,16,21	198	100	0.00954977044176	0.09838413021028629	0.775,0.889,0.84	0.565,0.8,0.71	0.143
2643	"Ddrgk1"	NA	chrNC_000068.8	-	130497750	130498663	130497750	130497952	130498050	130498663	2643	17,1,4	0,0,0	7,10,9	2,0,0	198	100	1	1.0	1.0,1.0,1.0	0.639,1.0,1.0	0.12
2644	"Clcn1"	NA	chrNC_000072.7	+	42267006	42267652	42267006	42267127	42267520	42267652	2644	2,0,0	0,0,0	0,0,0	0,0,1	493	100	1	1.0	1.0,NA,NA	NA,NA,0.0	1.0
2645	"Cfap46"	NA	chrNC_000073.7	-	139262919	139263386	139262919	139263051	139263261	139263386	2645	105,125,103	62,82,96	116,115,108	151,83,81	310	100	0.16061358726	0.5409224235510347	0.353,0.33,0.257	0.199,0.309,0.301	0.044
2647	"Terf1"	NA	chrNC_000067.7	+	15889157	15889987	15889157	15889307	15889874	15889987	2647	26,13,37	60,70,68	22,35,36	63,61,48	667	100	0.0861586318297	0.3750710005195092	0.061,0.027,0.075	0.05,0.079,0.101	-0.022
2649	"Cacna1a"	NA	chrNC_000074.7	+	85362149	85363327	85362149	85362213	85363140	85363327	2649	179,217,165	65,103,39	140,208,325	26,56,251	1027	100	0.943839766472	1.0	0.211,0.17,0.292	0.344,0.266,0.112	-0.016
2651	"Cacna1a"	NA	chrNC_000074.7	+	85365866	85366880	85365866	85366018	85366157	85366880	2651	6,4,2	2,0,0	4,0,23	0,0,6	239	100	1	1.0	0.557,1.0,1.0	1.0,NA,0.616	0.044
2652	"Ptpn5"	NA	chrNC_000073.7	-	46782025	46782854	46782025	46782407	46782785	46782854	2652	20,25,10	1,2,0	7,20,27	0,3,0	478	100	0.532920488976	0.9884643820823515	0.807,0.723,1.0	1.0,0.582,1.0	-0.017
2653	"Ptpn5"	NA	chrNC_000073.7	-	46782025	46782854	46782025	46782654	46782785	46782854	2653	3,9,0	0,0,0	0,6,7	0,0,1	231	100	1	1.0	1.0,1.0,NA	NA,1.0,0.752	0.124
2654	"Ptpn5"	NA	chrNC_000073.7	-	46782025	46783443	46782025	46782854	46783003	46783443	2654	8,2,2	4,5,0	3,1,3	0,2,3	249	100	0.927218943429	1.0	0.445,0.138,1.0	1.0,0.167,0.287	0.043
2655	"Tspan8"	NA	chrNC_000076.7	+	115653188	115653565	115653188	115653255	115653397	115653565	2655	0,0,1	0,0,1	0,1,0	0,0,0	242	100	1	1.0	NA,NA,0.292	NA,1.0,NA	-0.708
2657	"Gm13479"	NA	chrNC_000068.8	+	45289393	45295338	45289393	45292945	45295313	45295338	2657	14,32,28	0,4,2	31,23,8	1,2,1	2468	100	0.894826604427	1.0	1.0,0.245,0.362	0.557,0.318,0.245	0.162
2658	"C87436"	NA	chrNC_000072.7	+	86415591	86416240	86415591	86415829	86416109	86416240	2658	108,143,145	1,1,3	162,151,126	3,4,6	380	100	0.0367227855553	0.22714248053895983	0.966,0.974,0.927	0.934,0.909,0.847	0.059
2664	"Dnajc27"	NA	chrNC_000078.7	+	4156801	4160611	4156801	4156984	4157158	4160611	2664	241,320,206	3,1,2	236,224,463	2,3,11	274	100	0.0372664630531	0.22917801846858427	0.967,0.992,0.974	0.977,0.965,0.939	0.017
2665	"Dnajc27"	NA	chrNC_000078.7	+	4156801	4160611	4156801	4157043	4157158	4160611	2665	205,273,175	9,11,8	204,192,395	10,5,16	215	100	0.779205997769	1.0	0.914,0.92,0.911	0.905,0.947,0.92	-0.009
2666	"Dnajc27"	NA	chrNC_000078.7	+	4156801	4160611	4156801	4156984	4157549	4160611	2666	639,940,631	3,4,4	739,778,1449	10,3,11	665	100	0.111664093535	0.4383498230472999	0.97,0.972,0.96	0.917,0.975,0.952	0.019
2667	"Dnajc27"	NA	chrNC_000078.7	+	4156801	4160611	4156801	4157043	4157549	4160611	2667	603,893,600	0,4,0	707,746,1381	4,2,2	606	100	0.64535316266	1.0	1.0,0.974,1.0	0.967,0.984,0.991	0.011
2668	"Dnajc27"	NA	chrNC_000078.7	+	4156801	4160611	4156801	4157348	4157549	4160611	2668	297,472,314	4,12,9	375,424,746	16,5,22	301	100	0.396253203864	0.8592538988974749	0.961,0.929,0.921	0.886,0.966,0.918	0.014
2671	"Gm34007"	NA	chrNC_000070.7	-	39715244	39718584	39715244	39716294	39718403	39718584	2671	1,1,0	0,0,0	4,0,1	3,0,0	2209	100	1	1.0	1.0,1.0,NA	0.057,NA,1.0	0.472
2672	"Gm52552"	NA	chrNC_000068.8	+	34841306	34842128	34841306	34841468	34841808	34842128	2672	8,34,27	0,1,0	22,30,26	0,0,0	440	100	1	1.0	1.0,0.885,1.0	1.0,1.0,1.0	-0.038
2673	"Cdc42"	NA	chrNC_000070.7	-	137072441	137083998	137072441	137072528	137073850	137083998	2673	9,4,12	3,2,3	12,19,1	1,5,5	1422	100	0.756142677757	1.0	0.174,0.123,0.22	0.458,0.211,0.014	-0.055
2675	"Catspere2"	NA	chrNC_000067.7	+	177968974	177969156	177968974	177969008	177969076	177969156	2675	6,0,1	13,6,4	8,6,6	26,4,11	168	100	0.12000911427	0.4560305167249562	0.216,0.0,0.13	0.155,0.472,0.245	-0.175
2676	"Camk2d"	NA	chrNC_000069.7	+	126564433	126565495	126564433	126564506	126565422	126565495	2676	6,14,7	1,2,0	6,4,4	0,1,0	1016	100	0.178888121292	0.5780255583431035	0.371,0.408,1.0	1.0,0.282,1.0	-0.168
2677	"Agbl2"	NA	chrNC_000068.8	+	90658453	90659625	90658453	90658832	90659151	90659625	2677	2,0,1	0,1,0	4,2,0	1,0,0	419	100	1	1.0	1.0,0.0,1.0	0.488,1.0,NA	-0.077
2678	"Ankrd35"	NA	chrNC_000069.7	+	96597507	96598350	96597507	96597612	96598154	96598350	2678	62,52,90	13,19,14	111,41,70	8,12,22	642	100	0.670554399176	1.0	0.426,0.299,0.5	0.684,0.347,0.331	-0.046
2679	"Gm36193"	NA	chrNC_000081.7	+	58109346	58114745	58109346	58111424	58114151	58114745	2679	2,2,9	4,0,0	9,2,15	0,0,0	2827	100	0.00287890438937	0.046867188994119596	0.017,1.0,1.0	1.0,1.0,1.0	-0.328
2680	"Gm36193"	NA	chrNC_000081.7	+	58114151	58114745	58114151	58114219	58114403	58114745	2680	1,0,0	0,0,0	3,0,0	1,0,2	284	100	1	1.0	1.0,NA,NA	0.514,NA,0.0	0.743
2683	"Gm36193"	NA	chrNC_000081.7	+	58114151	58114745	58114151	58114219	58114660	58114745	2683	1,0,0	0,2,0	4,2,0	0,0,0	541	100	1	1.0	1.0,0.0,NA	1.0,1.0,NA	-0.5
2684	"Gm36193"	NA	chrNC_000081.7	+	58114151	58114745	58114151	58114472	58114660	58114745	2684	0,0,0	0,0,1	2,2,0	0,0,0	288	100	1	1.0	NA,NA,0.0	1.0,1.0,NA	-1.0
2689	"Tars2"	NA	chrNC_000069.7	-	95649627	95649990	95649627	95649729	95649889	95649990	2689	20,23,8	94,103,103	23,12,30	94,96,104	260	100	0.220621874418	0.6431960742814122	0.076,0.079,0.029	0.086,0.046,0.1	-0.016
2691	"Entr1"	NA	chrNC_000068.8	-	26274693	26275157	26274693	26274833	26275094	26275157	2691	307,227,239	316,286,299	273,300,336	281,295,442	361	100	0.595552935634	1.0	0.212,0.18,0.181	0.212,0.22,0.174	-0.011
2692	"Entr1"	NA	chrNC_000068.8	-	26275509	26276075	26275509	26275621	26276001	26276075	2692	606,424,470	215,226,208	369,542,780	212,209,212	480	100	0.478847028024	0.9453024508865656	0.37,0.281,0.32	0.266,0.351,0.434	-0.027
2693	"Entr1"	NA	chrNC_000068.8	-	26276001	26277323	26276001	26276075	26276915	26277323	2693	641,534,495	227,237,187	572,674,1148	186,198,256	940	100	0.000774512545492	0.01865818192298021	0.231,0.193,0.22	0.247,0.266,0.323	-0.064
2694	"Tmem255b"	NA	chrNC_000074.7	+	13538577	13543434	13538577	13538752	13543351	13543434	2694	90,57,58	0,0,0	104,52,75	0,0,2	4699	100	0.688848433428	1.0	1.0,1.0,1.0	1.0,1.0,0.444	0.185
2695	"Glra2"	NA	chrNC_000086.8	-	164109797	164110407	164109797	164109976	164110159	164110407	2695	102,111,46	3,4,1	20,102,160	1,2,10	283	100	0.321526752642	0.7851918562995183	0.923,0.907,0.942	0.876,0.947,0.85	0.033
2696	"Ssr2"	NA	chrNC_000069.7	+	88486914	88487341	88486914	88486993	88487186	88487341	2696	66,52,41	335,354,364	53,51,100	399,333,388	293	100	0.20205850497	0.6165804835220572	0.063,0.048,0.037	0.043,0.05,0.081	-0.009
2698	"Gm41914"	NA	chrNC_000067.7	-	89482911	89491194	89482911	89488469	89490985	89491194	2698	0,0,0	1,0,0	0,2,4	1,2,0	2616	100	1	1.0	0.0,NA,NA	0.0,0.037,1.0	-0.346
2699	"Ebf4"	NA	chrNC_000068.8	+	130201488	130201824	130201488	130201606	130201690	130201824	2699	1,0,0	18,23,26	2,0,0	35,21,54	184	100	1	1.0	0.029,0.0,0.0	0.03,0.0,0.0	-0.0
2700	"Ebf4"	NA	chrNC_000068.8	+	130203748	130204081	130203748	130203814	130203909	130204081	2700	2,8,6	8,20,26	29,5,38	24,20,33	195	100	0.00499033089012	0.06552877119649377	0.114,0.17,0.106	0.383,0.114,0.371	-0.159
2703	"Olfml2b"	NA	chrNC_000067.7	+	170508605	170510356	170508605	170508782	170509292	170510356	2703	1,0,4	38,66,77	6,2,22	60,34,184	610	100	0.0676915788865	0.32911049886547195	0.004,0.0,0.008	0.016,0.01,0.019	-0.011
2707	"Gm41590"	NA	chrNC_000083.7	-	47853491	47854711	47853491	47853651	47854569	47854711	2707	2,7,2	0,2,0	8,9,1	2,2,0	1018	100	0.0720388120745	0.34161792367477933	1.0,0.256,1.0	0.282,0.307,1.0	0.222
2708	"Gm41590"	NA	chrNC_000083.7	-	47853491	47854711	47853491	47853963	47854569	47854711	2708	2,0,0	0,0,0	8,6,0	0,0,1	706	100	1	1.0	1.0,NA,NA	1.0,1.0,0.0	0.333
2709	"Smarcc2"	NA	chrNC_000076.7	+	128323802	128324228	128323802	128323886	128324162	128324228	2709	279,296,200	11,12,2	227,293,757	5,7,12	376	100	0.105401933222	0.42213474255411	0.871,0.868,0.964	0.924,0.918,0.944	-0.028
2710	"Qsox1"	NA	chrNC_000067.7	-	155653900	155655684	155653900	155654597	155655463	155655684	2710	1209,896,893	261,182,222	932,853,953	300,238,196	966	100	0.0975162322111	0.40132773871534183	0.324,0.338,0.294	0.243,0.271,0.335	0.036
2711	"Atp11a"	NA	chrNC_000074.7	+	12911911	12918728	12911911	12913868	12914919	12918728	2711	677,447,620	21,26,22	992,714,534	29,38,17	1151	100	0.778506580699	1.0	0.737,0.599,0.71	0.748,0.62,0.732	-0.018
2712	"Atp11a"	NA	chrNC_000074.7	+	12913758	12918728	12913758	12913862	12914919	12918728	2712	685,452,623	180,181,156	1009,719,539	231,154,133	1157	100	0.0201348067319	0.15470484596884318	0.248,0.178,0.257	0.274,0.288,0.259	-0.046
2714	"Arfip2"	NA	chrNC_000073.7	-	105286858	105287247	105286858	105286932	105287025	105287247	2714	127,132,106	11,2,7	182,170,148	5,4,0	193	100	0.00316606322624	0.04972581655329883	0.857,0.972,0.887	0.95,0.957,1.0	-0.064
2715	"Gm41958"	NA	chrNC_000067.7	+	136602879	136604999	136602879	136603021	136604860	136604999	2715	39,33,31	0,0,0	128,36,72	5,0,6	1939	100	3.96957612003e-07	0.0001290989906910589	1.0,1.0,1.0	0.569,1.0,0.382	0.35
2716	"Gm41958"	NA	chrNC_000067.7	+	136602879	136604999	136602879	136604424	136604860	136604999	2716	13,9,14	2,0,0	24,9,24	0,2,0	536	100	0.908040075294	1.0	0.548,1.0,1.0	1.0,0.456,1.0	0.031
2718	"Commd7"	NA	chrNC_000068.8	-	153462365	153463739	153462365	153462414	153463689	153463739	2718	71,48,90	340,408,347	116,95,102	331,398,260	1375	100	6.54301870509e-05	0.0041927663862216715	0.015,0.008,0.019	0.025,0.017,0.028	-0.009
2719	"Gm35478"	NA	chrNC_000068.8	+	127365248	127367117	127365248	127365485	127365601	127367117	2719	1,0,6	1,0,0	5,3,1	0,0,0	216	100	1	1.0	0.316,NA,1.0	1.0,1.0,1.0	-0.342
2720	"Gm35478"	NA	chrNC_000068.8	+	127365248	127367117	127365248	127366680	127366962	127367117	2720	8,0,4	0,0,5	8,0,0	2,6,0	382	100	1	1.0	1.0,NA,0.173	0.512,0.0,NA	0.331
2721	"Sapcd1"	NA	chrNC_000083.7	-	35244934	35245433	35244934	35245123	35245313	35245433	2721	110,98,97	0,0,0	161,84,71	2,1,5	290	100	0.00543459160888	0.06964972605940607	1.0,1.0,1.0	0.965,0.967,0.83	0.079
2722	"Gm31288"	NA	chrNC_000074.7	-	26009703	26016277	26009703	26015383	26016015	26016277	2722	6,2,4	0,2,0	7,5,3	0,0,0	732	100	0.311987349645	0.7736899909153097	1.0,0.12,1.0	1.0,1.0,1.0	-0.293
2725	"Gm31288"	NA	chrNC_000074.7	-	26023931	26036752	26023931	26027766	26028332	26036752	2725	13,9,0	0,0,3	3,4,8	0,0,0	666	100	0.0155304386264	0.1341227098624949	1.0,1.0,0.0	1.0,1.0,1.0	-0.333
2726	"A830018L16Rik"	NA	chrNC_000067.7	+	11666374	11672045	11666374	11666541	11667188	11672045	2726	72,184,70	1,1,0	104,101,623	1,1,9	747	100	1	1.0	0.906,0.961,1.0	0.933,0.931,0.903	0.033
2727	"Gm33680"	NA	chrNC_000078.7	+	45513064	45513306	45513064	45513151	45513222	45513306	2727	6,0,1	0,0,0	7,0,1	2,3,0	171	100	1	1.0	1.0,NA,1.0	0.672,0.0,1.0	0.443
2728	"Avil"	NA	chrNC_000076.7	+	126843409	126843719	126843409	126843518	126843608	126843719	2728	4,2,3	4,2,5	3,3,2	1,0,6	190	100	0.34630968107	0.8116870652145427	0.345,0.345,0.24	0.612,1.0,0.149	-0.277
2730	"Cdc42bpa"	NA	chrNC_000067.7	+	179787057	179788852	179787057	179788141	179788608	179788852	2730	571,546,482	5,12,11	549,558,666	13,11,25	567	100	0.0539413079278	0.28769784549673477	0.953,0.889,0.885	0.882,0.899,0.825	0.04
2739	"Szt2"	NA	chrNC_000070.7	-	118255310	118256359	118255310	118255452	118256227	118256359	2739	33,13,24	19,18,20	58,10,26	33,14,22	875	100	0.681193409695	1.0	0.166,0.076,0.121	0.167,0.075,0.119	0.001
2741	"Gm33159"	NA	chrNC_000070.7	-	49608026	49612402	49608026	49608657	49612343	49612402	2741	3,6,2	0,1,1	18,4,18	2,0,0	3786	100	0.0395528536177	0.23801420769780002	1.0,0.137,0.05	0.192,1.0,1.0	-0.335
2750	"Gm36359"	NA	chrNC_000082.7	-	4082575	4086497	4082575	4082756	4086337	4086497	2750	0,2,0	1,2,0	0,2,8	1,0,0	3681	100	1	1.0	0.0,0.026,NA	0.0,1.0,1.0	-0.654
2754	"Adgra2"	NA	chrNC_000074.7	+	27610793	27613453	27610793	27610927	27611029	27613453	2754	32,14,62	11,4,9	42,30,60	4,4,16	202	100	0.458172489458	0.9238418226705047	0.59,0.634,0.773	0.839,0.788,0.65	-0.093
2755	"Mrps12"	NA	chrNC_000073.7	-	28440911	28441246	28440911	28440979	28441189	28441246	2755	175,156,186	157,145,156	146,151,215	135,164,117	310	100	0.604855937595	1.0	0.264,0.258,0.278	0.259,0.229,0.372	-0.02
2756	"Mrps12"	NA	chrNC_000073.7	-	28440911	28441246	28440911	28440979	28441229	28441246	2756	175,157,187	5,5,4	146,152,215	8,5,0	350	100	0.750724599374	1.0	0.909,0.9,0.93	0.839,0.897,1.0	0.001
2757	"Adora1"	NA	chrNC_000067.7	-	134161752	134163195	134161752	134162150	134162965	134163195	2757	3071,3431,3380	41,34,44	3766,3444,3607	23,33,83	915	100	0.889234900519	1.0	0.891,0.917,0.894	0.947,0.919,0.826	0.003
2758	"Adora1"	NA	chrNC_000067.7	-	134161752	134163195	134161752	134162184	134162965	134163195	2758	2829,3187,3153	24,26,30	3510,3207,3342	23,41,65	881	100	0.0219681455265	0.16368822852768838	0.93,0.933,0.923	0.945,0.899,0.854	0.029
2760	"Myef2"	NA	chrNC_000068.8	-	124929596	124930957	124929596	124929623	124930782	124930957	2760	3037,2920,3123	20,11,18	2448,3068,3206	11,10,20	1259	100	0.525882932865	0.9844616198548356	0.923,0.955,0.932	0.946,0.961,0.927	-0.008
2762	"Gm36574"	NA	chrNC_000070.7	-	120179850	120183749	120179850	120180479	120182866	120183749	2762	0,0,2	0,0,2	0,0,2	0,0,0	2487	100	1	1.0	NA,NA,0.039	NA,NA,1.0	-0.961
2763	"Abi2"	NA	chrNC_000067.7	+	60515898	60521104	60515898	60515991	60517161	60521104	2763	2808,2929,2194	2,0,2	2390,2763,4094	0,0,2	1270	100	1	1.0	0.991,1.0,0.989	1.0,1.0,0.994	-0.005
2764	"Ttf2"	NA	chrNC_000069.7	-	100869868	100870783	100869868	100870181	100870241	100870783	2764	47,40,70	8,0,2	52,46,45	2,2,0	160	100	0.0959971238093	0.3978975222315617	0.786,1.0,0.956	0.942,0.935,1.0	-0.045
2766	"Tgif2"	NA	chrNC_000068.8	+	156695048	156697490	156695048	156695148	156695265	156697490	2766	115,117,153	16,13,20	128,136,115	28,25,12	217	100	0.21110633221	0.6331565870671421	0.768,0.806,0.779	0.678,0.715,0.815	0.048
2767	"Skil"	NA	chrNC_000069.7	+	31151418	31152568	31151418	31151614	31151854	31152568	2767	321,300,201	0,2,1	246,256,344	0,0,2	340	100	1	1.0	1.0,0.978,0.983	1.0,1.0,0.981	-0.007
2768	"Cchcr1"	NA	chrNC_000083.7	+	35839941	35841196	35839941	35840043	35840378	35841196	2768	62,62,79	0,0,0	104,87,68	0,2,0	435	100	1	1.0	1.0,1.0,1.0	1.0,0.909,1.0	0.03
2769	"Cchcr1"	NA	chrNC_000083.7	+	35839941	35841196	35839941	35840043	35841044	35841196	2769	234,206,237	73,83,89	329,279,232	100,74,63	1101	100	0.0570083798452	0.2984556356601647	0.225,0.184,0.195	0.23,0.255,0.251	-0.044
2770	"Cchcr1"	NA	chrNC_000083.7	+	35840378	35841196	35840378	35840619	35841044	35841196	2770	127,112,117	7,0,6	188,156,127	1,1,4	525	100	0.0248066372151	0.175206962421896	0.776,1.0,0.788	0.973,0.967,0.858	-0.078
2776	"Nmnat2"	NA	chrNC_000067.7	+	152991313	152995012	152991313	152992070	152992137	152995012	2776	208,233,210	15,21,10	224,249,311	14,19,18	167	100	0.749894402038	1.0	0.893,0.869,0.926	0.905,0.887,0.912	-0.005
2777	"Gm39129"	NA	chrNC_000074.7	+	10817951	10820844	10817951	10818120	10820483	10820844	2777	25,33,18	1,0,0	51,24,32	0,1,1	2463	100	1	1.0	0.504,1.0,1.0	1.0,0.494,0.565	0.148
2778	"Gm39129"	NA	chrNC_000074.7	+	10817951	10820844	10817951	10820294	10820483	10820844	2778	2,8,1	0,0,0	1,2,5	1,0,0	289	100	1	1.0	1.0,1.0,1.0	0.257,1.0,1.0	0.248
2779	"Tbrg4"	NA	chrNC_000077.7	-	6565597	6566714	6565597	6565766	6566557	6566714	2779	606,616,594	16,26,22	452,561,763	34,26,38	891	100	0.0168255411997	0.13918250264838866	0.81,0.727,0.752	0.599,0.708,0.693	0.096
2780	"Slc9a6"	NA	chrNC_000086.8	+	55655148	55655547	55655148	55655180	55655322	55655547	2780	53,42,62	17,23,16	52,43,108	23,23,28	242	100	0.817946177789	1.0	0.563,0.43,0.616	0.483,0.436,0.614	0.025
2781	"Catip"	NA	chrNC_000067.7	+	74401525	74402106	74401525	74401681	74401908	74402106	2781	189,181,293	36,56,70	385,265,270	114,47,53	327	100	0.626651660438	1.0	0.616,0.497,0.561	0.508,0.633,0.609	-0.025
2782	"Catip"	NA	chrNC_000067.7	+	74401525	74402106	74401525	74401818	74401908	74402106	2782	101,72,132	14,20,25	145,115,118	46,27,32	190	100	0.0896989810739	0.3847329790639566	0.792,0.655,0.735	0.624,0.692,0.66	0.069
2786	"Per3"	NA	chrNC_000070.7	-	151088113	151092835	151088113	151090416	151092684	151092835	2786	491,329,449	62,55,57	679,468,391	63,67,54	2368	100	0.375755522815	0.836056038263375	0.251,0.202,0.25	0.313,0.228,0.234	-0.024
2787	"Efhd1"	NA	chrNC_000067.7	+	87237382	87238563	87237382	87237568	87237693	87238563	2787	138,163,209	7,8,4	245,293,162	1,15,7	225	100	0.88868503809	1.0	0.898,0.901,0.959	0.991,0.897,0.911	-0.014
2791	"Gm35724"	NA	chrNC_000073.7	+	34838559	34839181	34838559	34838656	34838871	34839181	2791	0,0,1	0,0,0	0,0,0	2,0,3	315	100	1	1.0	NA,NA,1.0	0.0,NA,0.0	1.0
2795	"Kbtbd3"	NA	chrNC_000075.7	+	4309924	4312259	4309924	4310066	4312141	4312259	2795	237,230,225	3,7,11	331,248,319	9,10,16	2175	100	0.430962650112	0.8885484755204943	0.784,0.602,0.485	0.628,0.533,0.478	0.077
2798	"Ttf1"	NA	chrNC_000068.8	+	28976118	28977668	28976118	28976917	28977130	28977668	2798	151,159,190	7,5,6	213,172,183	7,5,9	313	100	0.915324789457	1.0	0.873,0.91,0.91	0.907,0.917,0.867	0.001
2799	"Wdr81"	NA	chrNC_000077.7	-	75336215	75338855	75336215	75336919	75338656	75338855	2799	265,219,207	0,2,1	146,261,230	5,0,2	1837	100	0.0338744606856	0.21706754407332482	1.0,0.856,0.918	0.614,1.0,0.862	0.099
2800	"Tia1"	NA	chrNC_000072.7	+	86396082	86396794	86396082	86396115	86396675	86396794	2800	505,566,389	3,3,12	542,522,698	3,7,1	660	100	0.0602364491973	0.3070112542293943	0.962,0.966,0.831	0.965,0.919,0.991	-0.039
2801	"Tia1"	NA	chrNC_000072.7	+	86396082	86397393	86396082	86396115	86397305	86397393	2801	961,989,792	144,165,125	929,1020,1301	101,110,114	1290	100	5.76216557714e-05	0.004008638452447575	0.341,0.317,0.329	0.416,0.418,0.469	-0.105
2802	"Tia1"	NA	chrNC_000072.7	+	86396082	86397393	86396082	86396794	86397305	86397393	2802	435,410,388	6,9,6	376,481,561	5,10,15	611	100	0.43410059102	0.8927203425083954	0.922,0.882,0.914	0.925,0.887,0.86	0.015
2803	"Tia1"	NA	chrNC_000072.7	+	86400587	86401402	86400587	86400653	86401326	86401402	2803	321,322,249	24,38,17	350,330,462	37,33,68	773	100	0.111776468611	0.4383498230472999	0.634,0.523,0.655	0.55,0.564,0.468	0.077
2804	"Gm29183"	NA	chrNC_000067.7	-	73861554	73863154	73861554	73861676	73863057	73863154	2804	18,6,0	9,1,5	2,2,8	7,0,4	1481	100	0.654544369772	1.0	0.119,0.288,0.0	0.019,1.0,0.119	-0.244
2805	"Gm29183"	NA	chrNC_000067.7	-	73865045	73866240	73865045	73865083	73865994	73866240	2805	3,0,4	0,1,0	1,0,4	0,1,1	1011	100	0.0163341542394	0.1370016496938157	1.0,0.0,1.0	1.0,0.0,0.283	0.239
2806	"Gm39783"	NA	chrNC_000068.8	+	30662548	30663578	30662548	30663295	30663472	30663578	2806	0,2,0	0,2,0	4,0,5	1,0,1	277	100	1	1.0	NA,0.265,NA	0.591,NA,0.644	-0.352
2807	"Golph3l"	NA	chrNC_000069.7	+	95524354	95526553	95524354	95524553	95525173	95526553	2807	1313,1314,1589	1,1,0	1749,1519,1303	4,2,1	720	100	1	1.0	0.995,0.995,1.0	0.984,0.991,0.995	0.007
2808	"Ythdf3"	NA	chrNC_000069.7	+	16257350	16259588	16257350	16257383	16257989	16259588	2808	89,55,73	74,108,89	56,71,85	103,118,94	706	100	0.252940456651	0.6843906305879697	0.146,0.067,0.104	0.072,0.079,0.114	0.017
2809	"Mmp23"	NA	chrNC_000070.7	-	155736678	155737042	155736678	155736818	155736905	155737042	2809	29,26,29	23,9,24	13,12,17	25,22,10	187	100	0.055053628071	0.29203944427066886	0.403,0.607,0.393	0.218,0.226,0.476	0.161
2810	"Mmp23"	NA	chrNC_000070.7	-	155737484	155738979	155737484	155737900	155738078	155738979	2810	12,0,9	0,0,1	3,8,17	3,3,0	278	100	1	1.0	1.0,NA,0.764	0.265,0.49,1.0	0.297
2811	"Sbsn"	NA	chrNC_000073.7	+	30444973	30452894	30444973	30451572	30451602	30452894	2811	4,12,6	3,3,6	12,2,6	11,7,4	130	100	0.180123422594	0.579433178706	0.506,0.755,0.435	0.456,0.18,0.536	0.175
2812	"Papolg"	NA	chrNC_000077.7	-	23810144	23814056	23810144	23811442	23811625	23814056	2812	17,15,23	1,1,0	31,23,18	1,0,1	283	100	1	1.0	0.857,0.841,1.0	0.916,1.0,0.864	-0.027
2815	"Spo11"	NA	chrNC_000068.8	+	172826664	172827298	172826664	172826731	172827150	172827298	2815	14,6,11	0,0,0	35,19,40	0,1,0	519	100	1	1.0	1.0,1.0,1.0	1.0,0.785,1.0	0.072
2816	"Spo11"	NA	chrNC_000068.8	+	172826664	172827298	172826664	172826731	172827189	172827298	2816	16,6,15	0,0,2	39,20,46	1,2,3	558	100	0.0215374915735	0.1623673482388094	1.0,1.0,0.573	0.875,0.642,0.733	0.108
2819	"Cdh7"	NA	chrNC_000067.7	+	109910974	109911621	109910974	109911061	109911372	109911621	2819	7,16,10	0,0,1	5,6,10	0,0,2	411	100	0.854548286776	1.0	1.0,1.0,0.709	1.0,1.0,0.549	0.053
2820	"Cdh7"	NA	chrNC_000067.7	+	109910974	109911621	109910974	109911250	109911372	109911621	2820	5,3,4	0,0,0	0,1,4	0,0,2	222	100	1	1.0	1.0,1.0,1.0	NA,1.0,0.474	0.263
2825	"Gm13067"	NA	chrNC_000070.7	+	150116527	150132828	150116527	150118338	150119130	150132828	2825	0,2,2	0,0,0	0,0,2	0,1,0	892	100	1	1.0	NA,1.0,1.0	NA,0.0,1.0	0.5
2832	"Meis3"	NA	chrNC_000073.7	+	15908755	15909492	15908755	15909109	15909319	15909492	2832	10,16,15	10,16,16	16,6,20	11,8,28	310	100	0.827988339208	1.0	0.244,0.244,0.232	0.319,0.195,0.187	0.006
2833	"Meis3"	NA	chrNC_000073.7	+	15912669	15913025	15912669	15912720	15912875	15913025	2833	90,77,64	84,58,46	69,95,81	53,54,79	255	100	0.700988990665	1.0	0.296,0.342,0.353	0.338,0.408,0.287	-0.014
2834	"Meis3"	NA	chrNC_000073.7	+	15912669	15913025	15912669	15912720	15912926	15913025	2834	169,139,115	14,17,11	135,184,181	23,14,27	306	100	0.280675383499	0.7299382538399318	0.798,0.728,0.774	0.657,0.811,0.687	0.048
2841	"Wdr36"	NA	chrNC_000084.7	+	32998905	32999449	32998905	32998971	32999240	32999449	2841	120,134,140	8,10,13	142,169,238	9,10,34	369	100	0.573984736624	1.0	0.803,0.784,0.745	0.81,0.821,0.655	0.015
2842	"Tomm40"	NA	chrNC_000073.7	-	19448905	19449354	19448905	19449184	19449282	19449354	2842	42,29,49	167,158,186	26,34,43	167,108,253	198	100	0.313858132836	0.7740998816537802	0.113,0.085,0.117	0.073,0.137,0.079	0.009
2846	"Spsb3"	NA	chrNC_000083.7	+	25109806	25110110	25109806	25109909	25109984	25110110	2846	130,128,138	238,219,211	87,161,173	258,269,266	175	100	0.32510931834	0.7903264461011836	0.238,0.25,0.272	0.162,0.255,0.271	0.024
2849	"Gpr50"	NA	chrNC_000086.8	+	70710130	70712863	70710130	70710639	70710778	70712863	2849	2,8,1	0,0,0	3,1,8	0,1,0	239	100	1	1.0	1.0,1.0,1.0	1.0,0.295,1.0	0.235
2850	"Dgkz"	NA	chrNC_000068.8	-	91775518	91783408	91775518	91776269	91780565	91783408	2850	1447,1167,868	9,19,15	1108,1310,1308	14,17,16	4396	100	0.987352942779	1.0	0.785,0.583,0.568	0.643,0.637,0.65	0.002
2853	"Napepld"	NA	chrNC_000071.7	-	21867898	21870360	21867898	21868134	21870143	21870360	2853	766,861,708	0,2,2	736,848,1089	8,1,0	2109	100	0.179493316531	0.5780255583431035	1.0,0.953,0.944	0.814,0.976,1.0	0.036
2854	"Snhg7os"	NA	chrNC_000068.8	+	26535513	26535956	26535513	26535615	26535734	26535956	2854	2,0,1	0,0,1	2,7,8	0,0,0	219	100	1	1.0	1.0,NA,0.313	1.0,1.0,1.0	-0.344
2855	"Snhg7os"	NA	chrNC_000068.8	+	26535513	26535956	26535513	26535615	26535759	26535956	2855	3,0,3	9,1,0	2,9,8	4,4,3	244	100	0.190364687961	0.5944771070099475	0.12,0.0,1.0	0.17,0.48,0.522	-0.017
2856	"Mapk12"	NA	chrNC_000081.7	-	89016955	89017183	89016955	89017034	89017103	89017183	2856	1,3,11	9,11,10	15,7,5	18,17,6	169	100	0.327425132856	0.792546921741964	0.062,0.139,0.394	0.33,0.196,0.33	-0.087
2857	"Washc3"	NA	chrNC_000076.7	+	88096297	88101893	88096297	88101427	88101733	88101893	2857	0,2,0	0,0,0	0,0,9	2,0,0	406	100	1	1.0	NA,1.0,NA	0.0,NA,1.0	0.5
2858	"Cdadc1"	NA	chrNC_000080.7	-	59801392	59806457	59801392	59802044	59806396	59806457	2858	750,599,676	141,173,119	708,724,740	156,154,130	4452	100	0.625805458433	1.0	0.107,0.072,0.113	0.093,0.096,0.113	-0.003
2859	"Cdadc1"	NA	chrNC_000080.7	-	59801392	59806457	59801392	59805487	59806396	59806457	2859	329,247,288	29,33,22	294,314,347	13,16,12	1009	100	0.000239161918522	0.008910171941214977	0.529,0.426,0.565	0.691,0.66,0.741	-0.191
2860	"Fam118a"	NA	chrNC_000081.7	+	84942942	84943671	84942942	84943026	84943589	84943671	2860	94,96,77	7,7,3	116,57,102	7,12,9	663	100	0.16952799436	0.5599666947726186	0.669,0.674,0.795	0.714,0.417,0.631	0.125
2863	"Taok3"	NA	chrNC_000071.7	+	117342363	117344591	117342363	117342460	117344156	117344591	2863	13,16,10	0,0,0	12,7,23	1,0,1	1796	100	1	1.0	1.0,1.0,1.0	0.401,1.0,0.562	0.346
2864	"Ccdc61"	NA	chrNC_000073.7	-	18644057	18644329	18644057	18644182	18644267	18644329	2864	108,94,103	0,0,0	141,84,75	5,6,1	185	100	0.000190549403505	0.007631503610375251	1.0,1.0,1.0	0.938,0.883,0.976	0.068
2865	"Ccdc61"	NA	chrNC_000073.7	-	18644057	18644329	18644057	18644182	18644278	18644329	2865	108,94,103	3,5,6	141,84,75	4,3,5	196	100	0.707902341925	1.0	0.948,0.906,0.898	0.947,0.935,0.884	-0.005
2867	"Septin1"	NA	chrNC_000073.7	-	126816790	126817229	126816790	126816914	126817142	126817229	2867	2,0,2	0,3,3	2,0,6	7,4,6	328	100	0.839281668814	1.0	1.0,0.0,0.169	0.08,0.0,0.234	0.285
2871	"Hrh3"	NA	chrNC_000068.8	-	179744521	179746264	179744521	179744688	179745694	179746264	2871	4,10,2	1,3,1	3,0,29	4,1,5	1106	100	0.657994507703	1.0	0.266,0.232,0.153	0.064,0.0,0.344	0.081
2872	"Hrh3"	NA	chrNC_000068.8	-	179744521	179746264	179744521	179744688	179745698	179746264	2872	4,10,2	0,4,2	3,0,29	0,2,7	1110	100	0.639114833599	1.0	1.0,0.184,0.083	1.0,0.0,0.272	-0.002
2873	"Ap4e1"	NA	chrNC_000068.8	+	126892852	126894214	126892852	126892932	126894099	126894214	2873	24,12,19	0,3,3	20,23,44	2,0,0	1267	100	0.00332001965645	0.051339813428475004	1.0,0.24,0.333	0.441,1.0,1.0	-0.289
2874	"Ap4e1"	NA	chrNC_000068.8	+	126908461	126911340	126908461	126909089	126909960	126911340	2874	210,207,212	6,1,4	266,207,284	9,0,8	971	100	0.548251669125	0.9971014761755899	0.783,0.955,0.845	0.753,1.0,0.785	0.015
2875	"Shank2"	NA	chrNC_000073.7	+	143963198	143965605	143963198	143964705	143964759	143965605	2875	55,64,42	4,3,1	81,56,139	0,2,4	154	100	0.147360778617	0.5152399800297448	0.899,0.933,0.965	1.0,0.948,0.958	-0.036
2876	"Shank2"	NA	chrNC_000073.7	+	143963198	143965605	143963198	143964708	143964762	143965605	2876	55,64,41	26,20,13	81,56,137	15,24,39	154	100	0.329445930483	0.7930464021544192	0.579,0.675,0.672	0.778,0.602,0.695	-0.05
2877	"Stk36"	NA	chrNC_000067.7	+	74672665	74673915	74672665	74672813	74673168	74673915	2877	65,48,112	69,71,120	174,64,63	135,88,78	455	100	0.447644582807	0.9106369798816686	0.172,0.129,0.17	0.221,0.138,0.151	-0.013
2879	"Inpp5d"	NA	chrNC_000067.7	+	87642759	87643035	87642759	87642815	87642998	87643035	2879	63,112,39	6,5,2	17,52,28	1,12,5	283	100	0.0164641119755	0.13737243429557813	0.788,0.888,0.873	0.857,0.605,0.664	0.141
2885	"Atxn2l"	NA	chrNC_000073.7	-	126090879	126091780	126090879	126091387	126091620	126091780	2885	896,705,825	210,199,137	838,890,953	177,163,293	333	100	0.852235820233	1.0	0.562,0.515,0.644	0.587,0.621,0.494	0.006
2886	"Atxn2l"	NA	chrNC_000073.7	-	126090879	126092173	126090879	126091387	126091929	126092173	2886	1481,1241,1325	0,0,2	1508,1458,1677	0,0,0	642	100	1	1.0	1.0,1.0,0.99	1.0,1.0,1.0	-0.003
2887	"Atxn2l"	NA	chrNC_000073.7	-	126090879	126092173	126090879	126091780	126091929	126092173	2887	351,276,274	10,9,5	379,330,401	7,15,12	249	100	0.556203137726	0.9994811291498061	0.934,0.925,0.957	0.956,0.898,0.931	0.01
2888	"Atxn2l"	NA	chrNC_000073.7	-	126090879	126092173	126090879	126091387	126091983	126092173	2888	1597,1319,1429	54,69,71	1632,1557,1829	39,67,104	696	100	0.514564375512	0.9778139419850527	0.809,0.733,0.743	0.857,0.77,0.716	-0.019
2889	"Atxn2l"	NA	chrNC_000073.7	-	126090879	126092173	126090879	126091780	126091983	126092173	2889	467,354,378	100,106,82	503,429,553	91,72,130	303	100	0.108785051494	0.4323048979679107	0.606,0.524,0.603	0.646,0.663,0.584	-0.053
2890	"Gm11734"	NA	chrNC_000077.7	+	117414358	117414874	117414358	117414608	117414780	117414874	2890	22,23,15	0,2,4	22,11,12	11,8,6	272	100	0.000408669606556	0.012352617164202113	1.0,0.809,0.58	0.424,0.336,0.424	0.402
2894	"Gm17250"	NA	chrNC_000068.8	-	71577847	71579276	71577847	71578239	71579212	71579276	2894	2,0,8	0,0,0	4,12,5	1,0,2	1073	100	1	1.0	1.0,NA,1.0	0.272,1.0,0.189	0.513
2897	"Arpp21"	NA	chrNC_000075.7	-	111984485	111986385	111984485	111984584	111986294	111986385	2897	4,24,20	6,0,3	6,6,91	0,0,1	1810	100	5.4970966763e-06	0.00088063488754326	0.036,1.0,0.269	1.0,1.0,0.834	-0.51
2898	"Arpp21"	NA	chrNC_000075.7	-	111984485	111986385	111984485	111984587	111986294	111986385	2898	4,24,20	0,0,0	6,6,91	0,0,1	1807	100	1	1.0	1.0,1.0,1.0	1.0,1.0,0.834	0.055
2899	"Arpp21"	NA	chrNC_000075.7	-	112016657	112016997	112016657	112016834	112016928	112016997	2899	61,73,26	71,90,29	29,72,184	42,89,109	194	100	0.370341528437	0.8303528741162687	0.307,0.295,0.316	0.262,0.294,0.465	-0.034
2900	"Rabgap1l"	NA	chrNC_000067.7	-	160134745	160146965	160134745	160135481	160136547	160146965	2900	0,0,0	0,1,0	4,0,0	1,1,1	1166	100	1	1.0	NA,0.0,NA	0.255,0.0,0.0	-0.085
2901	"Rabgap1l"	NA	chrNC_000067.7	-	160568321	160568501	160568321	160568369	160568453	160568501	2901	106,96,82	4,7,1	100,85,111	9,5,14	184	100	0.0116054167296	0.11199926265553736	0.935,0.882,0.978	0.858,0.902,0.812	0.074
2903	"Fnbp4"	NA	chrNC_000068.8	+	90598196	90599044	90598196	90598299	90598386	90599044	2903	56,26,37	2,1,4	44,43,32	0,3,7	187	100	0.522923913482	0.9826675770066439	0.937,0.933,0.832	1.0,0.885,0.71	0.036
2904	"Fnbp4"	NA	chrNC_000068.8	+	90598196	90599044	90598196	90598299	90598859	90599044	2904	226,151,182	14,24,19	282,200,253	27,9,24	660	100	0.361355807441	0.8254219408439915	0.71,0.488,0.592	0.613,0.771,0.615	-0.07
2905	"Fnbp4"	NA	chrNC_000068.8	+	90605093	90606565	90605093	90605192	90606248	90606565	2905	131,90,110	9,5,0	115,109,138	3,3,1	1156	100	0.206623066919	0.6251372109617337	0.557,0.609,1.0	0.768,0.759,0.923	-0.095
2906	"Dvl3"	NA	chrNC_000082.7	+	20349829	20352760	20349829	20350240	20351033	20352760	2906	2354,2301,2330	24,27,40	2559,2499,2626	36,42,52	893	100	0.0937502435127	0.3931620159878152	0.917,0.905,0.867	0.888,0.87,0.85	0.027
2908	"Zfp462"	NA	chrNC_000070.7	+	55016813	55017100	55016813	55016885	55016996	55017100	2908	33,24,36	1,0,0	33,27,28	4,0,1	211	100	0.0642143720188	0.3204749506338476	0.94,1.0,1.0	0.796,1.0,0.93	0.071
2909	"D730003K21Rik"	NA	chrNC_000075.7	+	116168069	116168727	116168069	116168203	116168299	116168727	2909	2,7,4	0,1,4	6,8,7	1,0,2	196	100	0.149335696108	0.519513105678645	1.0,0.781,0.338	0.754,1.0,0.641	-0.092
2910	"Ankzf1"	NA	chrNC_000067.7	+	75171706	75172356	75171706	75171900	75172212	75172356	2910	98,133,125	3,5,7	235,116,153	7,3,6	412	100	0.496839048335	0.9618936588509783	0.888,0.866,0.813	0.891,0.904,0.861	-0.03
2911	"Ankzf1"	NA	chrNC_000067.7	+	75171706	75172356	75171706	75171900	75172243	75172356	2911	109,148,147	35,55,47	255,125,160	70,43,73	443	100	0.864385913798	1.0	0.413,0.378,0.414	0.451,0.396,0.331	0.009
2913	"Ankzf1"	NA	chrNC_000067.7	+	75171706	75172592	75171706	75172356	75172444	75172592	2913	49,88,65	27,32,32	109,65,72	64,25,65	188	100	0.227642952643	0.6520706134888794	0.491,0.594,0.519	0.475,0.58,0.371	0.059
2914	"Ankzf1"	NA	chrNC_000067.7	+	75172243	75172592	75172243	75172356	75172447	75172592	2914	49,88,68	1,0,1	111,65,72	1,1,4	191	100	0.143456947979	0.5084469704919424	0.962,1.0,0.973	0.983,0.971,0.904	0.026
2915	"Ankzf1"	NA	chrNC_000067.7	+	75171706	75173025	75171706	75172592	75172796	75173025	2915	47,62,77	38,32,33	75,58,66	83,31,38	304	100	0.266042630577	0.7067998245179999	0.289,0.389,0.434	0.229,0.381,0.364	0.046
2916	"Ankzf1"	NA	chrNC_000067.7	+	75172212	75173025	75172212	75172356	75172796	75173025	2916	141,191,189	1,4,1	232,171,213	0,2,8	540	100	0.489537010699	0.9558400478932765	0.963,0.898,0.972	1.0,0.941,0.831	0.02
2918	"Ankzf1"	NA	chrNC_000067.7	+	75175423	75176031	75175423	75175509	75175707	75176031	2918	583,500,613	79,109,98	511,562,425	110,80,150	298	100	0.162156459855	0.5428238398835536	0.712,0.606,0.677	0.609,0.702,0.487	0.066
2922	"Gm32316"	NA	chrNC_000068.8	-	30541553	30542147	30541553	30541623	30542027	30542147	2922	30,33,28	0,2,0	87,70,63	11,1,0	504	100	0.00545949807176	0.0696901666211914	1.0,0.766,1.0	0.611,0.933,1.0	0.074
2923	"Gm32316"	NA	chrNC_000068.8	-	30542629	30543228	30542629	30542717	30543058	30543228	2923	24,23,11	2,3,2	44,33,18	1,7,0	441	100	0.370120583146	0.8303528741162687	0.731,0.635,0.555	0.909,0.517,1.0	-0.168
2924	"Atp13a2"	NA	chrNC_000070.7	+	140721258	140721702	140721258	140721373	140721622	140721702	2924	11,16,7	270,329,249	20,18,40	239,285,543	349	100	0.00447159997609	0.060707653912679495	0.012,0.014,0.008	0.023,0.018,0.021	-0.009
2925	"Atp13a2"	NA	chrNC_000070.7	+	140721258	140721702	140721258	140721373	140721625	140721702	2925	26,32,31	27,20,24	38,34,77	28,19,48	352	100	0.296296312604	0.7504611743740839	0.215,0.312,0.268	0.278,0.337,0.313	-0.044
2928	"Eif4a2"	NA	chrNC_000082.7	+	22931100	22932697	22931100	22931207	22931916	22932697	2928	2947,2469,3012	39,59,32	2634,2833,2350	9,42,25	809	100	0.00429319782468	0.05929054237187379	0.903,0.838,0.921	0.973,0.893,0.921	-0.042
2929	"Eif4a2"	NA	chrNC_000082.7	+	22931100	22932697	22931100	22931211	22931916	22932697	2929	2908,2439,2981	56,79,31	2606,2796,2337	24,64,29	805	100	0.0949215903558	0.3960010097656031	0.866,0.793,0.923	0.931,0.844,0.909	-0.034
2936	"Mycl"	NA	chrNC_000070.7	+	122889745	122890811	122889745	122889943	122890306	122890811	2936	13,32,33	0,7,0	20,24,99	8,4,4	463	100	0.113184312113	0.4406561319316112	1.0,0.497,1.0	0.351,0.564,0.842	0.247
2937	"BC034090"	NA	chrNC_000067.7	-	155100656	155102194	155100656	155101292	155101496	155102194	2937	79,66,87	2,0,3	57,73,54	0,0,1	304	100	0.233784725529	0.6582921563148929	0.929,1.0,0.905	1.0,1.0,0.947	-0.038
2940	"Fcamr"	NA	chrNC_000067.7	+	130742235	130747053	130742235	130742400	130746858	130747053	2940	26,29,20	0,0,1	40,23,38	0,0,0	4558	100	1	1.0	1.0,1.0,0.305	1.0,1.0,1.0	-0.232
2941	"Gm39663"	NA	chrNC_000067.7	-	72773979	72776958	72773979	72776235	72776587	72776958	2941	7,0,0	0,0,2	6,1,0	0,0,0	452	100	1	1.0	1.0,NA,0.0	1.0,1.0,NA	-0.5
2944	"Setd5"	NA	chrNC_000072.7	+	113084865	113085452	113084865	113084913	113085381	113085452	2944	48,33,28	7,4,4	47,26,48	1,0,2	568	100	8.26719072227e-05	0.004489504927822555	0.547,0.592,0.552	0.892,1.0,0.809	-0.337
2947	"Akna"	NA	chrNC_000070.7	-	63328575	63328988	63328575	63328788	63328903	63328988	2947	4,0,3	0,0,1	3,0,3	0,0,0	215	100	1	1.0	1.0,NA,0.583	1.0,NA,1.0	-0.209
2948	"Rabggta"	NA	chrNC_000080.7	-	55956547	55956802	55956547	55956599	55956696	55956802	2948	82,72,81	116,142,122	102,101,112	166,117,123	197	100	0.0978267677705	0.40132773871534183	0.264,0.205,0.252	0.238,0.305,0.316	-0.046
2949	"Cds2"	NA	chrNC_000068.8	+	132137450	132138113	132137450	132137718	132137766	132138113	2949	15,3,12	0,0,0	8,14,18	0,0,1	148	100	1	1.0	1.0,1.0,1.0	1.0,1.0,0.924	0.025
2950	"Arpc2"	NA	chrNC_000067.7	+	74275675	74276058	74275675	74275769	74275976	74276058	2950	2018,1794,1942	467,487,454	1128,1720,2157	546,387,452	307	100	0.427615090997	0.8838181844085726	0.585,0.545,0.582	0.402,0.591,0.609	0.037
2951	"Cacnb4"	NA	chrNC_000068.8	-	52355609	52355925	52355609	52355690	52355905	52355925	2951	58,12,41	119,100,81	39,39,14	61,107,187	315	100	0.214255731048	0.6356253354424	0.134,0.037,0.138	0.169,0.104,0.023	0.004
2957	"Srsf11"	NA	chrNC_000069.7	-	157728477	157728996	157728477	157728587	157728879	157728996	2957	311,176,247	99,126,89	296,245,238	69,150,173	392	100	0.74945047262	1.0	0.445,0.263,0.415	0.523,0.294,0.26	0.015
2958	"Srsf11"	NA	chrNC_000069.7	-	157728477	157729868	157728477	157728587	157729759	157729868	2958	1481,1056,1155	2,8,1	1193,1432,1468	4,1,3	1272	100	0.37030127806	0.8303528741162687	0.983,0.912,0.989	0.959,0.991,0.975	-0.014
2959	"Srsf11"	NA	chrNC_000069.7	-	157728477	157729868	157728477	157728996	157729759	157729868	2959	1150,867,883	5,12,8	876,1163,1211	4,12,16	863	100	0.660534631078	1.0	0.964,0.893,0.927	0.962,0.918,0.898	0.002
2960	"Srsf11"	NA	chrNC_000069.7	-	157728477	157731737	157728477	157729868	157730334	157731737	2960	649,447,520	21,32,21	552,642,563	9,19,96	566	100	0.956518898427	1.0	0.845,0.712,0.814	0.916,0.857,0.509	0.03
2961	"Srsf11"	NA	chrNC_000069.7	-	157730334	157732495	157730334	157730398	157732361	157732495	2961	2639,2123,1796	2,4,0	2076,2675,2826	2,3,2	2063	100	0.911506699205	1.0	0.985,0.963,1.0	0.981,0.977,0.986	0.001
2962	"Srsf11"	NA	chrNC_000069.7	-	157730334	157732495	157730334	157731737	157732361	157732495	2962	901,712,596	15,8,12	715,895,933	9,10,20	724	100	0.950014935458	1.0	0.892,0.925,0.873	0.916,0.925,0.866	-0.006
2963	"Sat2"	NA	chrNC_000077.7	+	69512877	69513158	69512877	69512941	69513081	69513158	2963	305,357,313	12,9,10	339,316,303	32,20,19	240	100	0.000125623808213	0.006098464871431091	0.914,0.943,0.929	0.815,0.868,0.869	0.078
2964	"Sat2"	NA	chrNC_000077.7	+	69513532	69513787	69513532	69513616	69513685	69513787	2964	56,40,47	123,162,158	64,45,29	132,111,92	169	100	0.163281182714	0.5443838807655109	0.212,0.127,0.15	0.223,0.193,0.157	-0.028
2965	"Mcf2l"	NA	chrNC_000074.7	+	13068695	13070502	13068695	13068799	13068885	13070502	2965	184,198,104	5,4,3	161,137,301	6,8,38	186	100	5.59613537717e-05	0.004008638452447575	0.952,0.964,0.949	0.935,0.902,0.81	0.073
2966	"Mcf2l"	NA	chrNC_000074.7	+	13068695	13070502	13068695	13068799	13068938	13070502	2966	229,277,141	28,54,13	225,204,430	42,40,158	239	100	0.00813432336597	0.09034501177346939	0.774,0.682,0.819	0.691,0.681,0.532	0.124
2967	"Ikbkb"	NA	chrNC_000074.7	-	23149227	23151508	23149227	23150475	23151417	23151508	2967	124,128,100	114,108,107	114,125,411	102,163,106	1042	100	0.0823882297373	0.3630975076730526	0.095,0.102,0.082	0.097,0.069,0.271	-0.053
2968	"Ikbkb"	NA	chrNC_000074.7	-	23149227	23151508	23149227	23150678	23151417	23151508	2968	96,100,68	0,4,4	90,100,322	0,2,0	839	100	0.000265128806367	0.009413032887550287	1.0,0.749,0.67	1.0,0.856,1.0	-0.146
2969	"Gm39712"	NA	chrNC_000067.7	-	180230850	180231526	180230850	180231013	180231101	180231526	2969	6,0,0	0,2,7	7,1,0	9,4,6	188	100	0.500512835121	0.9643073504075068	1.0,0.0,0.0	0.293,0.117,0.0	0.197
2970	"Gm39712"	NA	chrNC_000067.7	-	180230850	180231526	180230850	180231013	180231416	180231526	2970	9,2,1	0,5,8	20,3,12	10,4,5	503	100	0.406757823319	0.8682558733604769	1.0,0.074,0.024	0.284,0.13,0.323	0.12
2971	"Gm39712"	NA	chrNC_000067.7	-	180230850	180231526	180230850	180231190	180231416	180231526	2971	3,2,1	0,2,0	13,2,12	5,6,7	326	100	0.0144502796388	0.12801193003068065	1.0,0.235,1.0	0.444,0.093,0.345	0.451
2972	"Gm39712"	NA	chrNC_000067.7	-	180232272	180233500	180232272	180232457	180232549	180233500	2972	8,6,3	1,4,10	24,9,15	3,3,7	192	100	0.126504877039	0.47189708023733645	0.806,0.439,0.135	0.806,0.61,0.527	-0.188
2973	"Gm39712"	NA	chrNC_000067.7	-	180232272	180233500	180232272	180232475	180232549	180233500	2973	7,5,3	1,1,0	23,8,15	2,1,1	174	100	0.186437723382	0.5868392873913176	0.801,0.742,1.0	0.869,0.821,0.896	-0.014
2975	"Gm39913"	NA	chrNC_000068.8	-	118691479	118692335	118691479	118691596	118692126	118692335	2975	0,4,14	2,1,0	3,6,5	0,0,0	630	100	0.0024068601333	0.042391105820799344	0.0,0.388,1.0	1.0,1.0,1.0	-0.537
2976	"Clk1"	NA	chrNC_000067.7	-	58458825	58460467	58458825	58458892	58460241	58460467	2976	1111,650,1708	72,88,65	2024,1089,704	115,115,104	1449	100	0.28914736976	0.7417359269103603	0.516,0.338,0.645	0.548,0.395,0.318	0.079
2977	"Zyx"	NA	chrNC_000072.7	+	42334785	42335497	42334785	42334919	42335102	42335497	2977	2377,2149,1633	12,17,11	1753,2121,2010	10,27,9	283	100	0.456988147497	0.9231967368098286	0.986,0.978,0.981	0.984,0.965,0.987	0.003
2978	"Barhl1"	NA	chrNC_000068.8	-	28805225	28806019	28805225	28805395	28805811	28806019	2978	4,2,4	0,0,0	8,5,4	0,2,0	516	100	0.552362040721	0.9971014761755899	1.0,1.0,1.0	1.0,0.326,1.0	0.225
2979	"Barhl1"	NA	chrNC_000068.8	-	28805225	28806359	28805225	28806019	28806192	28806359	2979	0,0,1	0,0,0	4,4,1	0,0,2	273	100	1	1.0	NA,NA,1.0	1.0,1.0,0.155	0.282
2980	"Barhl1"	NA	chrNC_000068.8	-	28805225	28806359	28805225	28806019	28806321	28806359	2980	0,0,1	0,1,0	4,4,1	0,0,0	402	100	1	1.0	NA,0.0,1.0	1.0,1.0,1.0	-0.5
2981	"Barhl1"	NA	chrNC_000068.8	-	28806321	28806641	28806321	28806359	28806529	28806641	2981	0,0,0	0,1,0	0,0,2	0,0,0	270	100	1	1.0	NA,0.0,NA	NA,NA,1.0	-1.0
2983	"Uspl1"	NA	chrNC_000071.7	+	149150161	149152244	149150161	149150332	149150832	149152244	2983	413,398,393	27,45,50	374,451,604	55,19,40	600	100	0.328895025395	0.7930464021544192	0.718,0.596,0.567	0.531,0.798,0.716	-0.055
2984	"Mettl21a"	NA	chrNC_000067.7	-	64655431	64656923	64655431	64655603	64656090	64656923	2984	63,63,61	4,7,2	116,72,86	2,2,0	587	100	0.000872788083244	0.020714170508990933	0.728,0.605,0.839	0.908,0.86,1.0	-0.199
2985	"Mettl21a"	NA	chrNC_000067.7	-	64655431	64656923	64655431	64655603	64656320	64656923	2985	89,70,74	53,52,43	133,80,105	64,53,53	817	100	0.293400893041	0.7453844666400095	0.17,0.141,0.174	0.203,0.156,0.195	-0.023
2988	"Spata2l"	NA	chrNC_000074.7	-	123962256	123962997	123962256	123962560	123962888	123962997	2988	86,80,56	13,7,3	55,143,242	7,12,10	428	100	0.353542408873	0.8172798542778441	0.607,0.728,0.813	0.647,0.736,0.85	-0.028
2989	"Spata2l"	NA	chrNC_000074.7	-	123962256	123962997	123962256	123962588	123962888	123962997	2989	80,75,52	24,15,6	52,134,225	6,13,36	400	100	0.117923273537	0.4514052191308817	0.455,0.556,0.684	0.684,0.72,0.61	-0.106
2990	"Gm53571"	NA	chrNC_000067.7	-	87168717	87174458	87168717	87174157	87174257	87174458	2990	0,2,1	1,1,1	0,4,0	0,0,0	200	100	1	1.0	0.0,0.5,0.333	NA,1.0,NA	-0.722
2991	"2700003A03Rik"	NA	chrNC_000067.7	+	90210782	90211577	90210782	90210860	90211405	90211577	2991	9,11,16	0,0,2	17,8,11	0,0,0	645	100	0.860138235824	1.0	1.0,1.0,0.554	1.0,1.0,1.0	-0.149
2992	"Slc20a1"	NA	chrNC_000068.8	+	129041368	129041984	129041368	129041518	129041621	129041984	2992	335,331,357	5,7,9	370,291,427	15,6,1	203	100	0.736469642186	1.0	0.971,0.959,0.951	0.924,0.96,0.995	0.001
2993	"Slc20a1"	NA	chrNC_000068.8	+	129046165	129048406	129046165	129046224	129048286	129048406	2993	1022,1090,1106	3,5,8	1899,1023,1959	12,10,6	2162	100	0.531068083159	0.9880295275232018	0.94,0.91,0.865	0.88,0.826,0.938	0.024
2994	"Ccdc150"	NA	chrNC_000067.7	+	54403576	54404122	54403576	54403771	54404053	54404122	2994	0,3,3	1,4,6	4,4,0	10,1,3	382	100	0.788432597761	1.0	0.0,0.164,0.116	0.095,0.512,0.0	-0.109
2997	"Numbl"	NA	chrNC_000073.7	+	26980178	26981570	26980178	26980639	26980692	26981570	2997	616,604,636	63,47,57	654,485,893	43,40,74	153	100	0.279562004846	0.7281759378690951	0.865,0.894,0.879	0.909,0.888,0.887	-0.015
2999	"Marchf7"	NA	chrNC_000068.8	+	60075555	60077856	60075555	60075604	60077831	60077856	2999	545,413,442	16,18,16	600,555,685	8,12,21	2327	100	0.0547193579082	0.29074763306446566	0.594,0.496,0.543	0.763,0.665,0.584	-0.126
3000	"Marchf7"	NA	chrNC_000068.8	+	60077831	60079555	60077831	60077856	60078233	60079555	3000	80,54,95	22,18,22	159,87,89	10,12,24	477	100	0.0358635584701	0.22469588215118436	0.433,0.386,0.475	0.769,0.603,0.437	-0.172
3001	"Tufm"	NA	chrNC_000073.7	+	126088723	126089083	126088723	126088875	126088963	126089083	3001	3,5,7	555,558,631	15,12,25	597,532,616	188	100	0.0277049722245	0.18806510806630933	0.003,0.005,0.006	0.013,0.012,0.021	-0.011
3002	"Blzf1"	NA	chrNC_000067.7	-	164134715	164135053	164134715	164134923	164135010	164135053	3002	37,22,43	0,4,3	30,47,31	1,6,0	187	100	0.894684044077	1.0	1.0,0.746,0.885	0.941,0.807,1.0	-0.039
3003	"Nipa2"	NA	chrNC_000073.7	-	55611199	55612241	55611199	55611320	55611947	55612241	3003	0,9,6	147,135,161	5,10,15	136,131,164	727	100	1	1.0	0.0,0.009,0.005	0.005,0.01,0.012	-0.004
3004	"Nipa2"	NA	chrNC_000073.7	-	55611199	55612241	55611199	55611320	55612143	55612241	3004	333,306,308	8,16,9	304,253,416	11,13,4	923	100	0.591439907692	1.0	0.819,0.674,0.788	0.75,0.678,0.918	-0.022
3010	"Gm10614"	NA	chrNC_000074.7	+	121318526	121325344	121318526	121319179	121322802	121325344	3010	16,9,11	0,1,0	8,16,8	2,0,0	3723	100	0.236133258545	0.6621191913135434	1.0,0.195,1.0	0.097,1.0,1.0	0.033
3013	"Hdac9"	NA	chrNC_000078.7	-	34578598	34579157	34578598	34578665	34578777	34579157	3013	121,135,103	1,0,1	137,161,252	0,0,0	212	100	1	1.0	0.983,1.0,0.98	1.0,1.0,1.0	-0.012
3017	"Cimip2a"	NA	chrNC_000068.8	+	25105586	25106035	25105586	25105837	25105919	25106035	3017	3,2,5	0,1,0	2,2,11	0,0,2	182	100	1	1.0	1.0,0.524,1.0	1.0,1.0,0.751	-0.076
3018	"Gm54180"	NA	chrNC_000069.7	-	115699662	115700354	115699662	115700175	115700219	115700354	3018	2,1,3	0,0,5	2,0,2	0,0,0	144	100	1	1.0	1.0,1.0,0.294	1.0,NA,1.0	-0.235
3019	"Gm54180"	NA	chrNC_000069.7	-	115700219	115702718	115700219	115700354	115700406	115702718	3019	0,6,2	0,2,0	2,8,2	1,2,0	152	100	1	1.0	NA,0.664,1.0	0.568,0.725,1.0	0.068
3020	"Cmya5"	NA	chrNC_000079.7	-	93225627	93234937	93225627	93233601	93233637	93234937	3020	1,3,2	0,0,1	4,9,5	0,1,3	136	100	0.0980186965627	0.40160089998323634	1.0,1.0,0.595	1.0,0.869,0.551	0.058
3022	"Cd72"	NA	chrNC_000070.7	-	43454241	43454628	43454241	43454349	43454445	43454628	3022	0,1,1	34,45,21	2,4,0	26,63,45	196	100	0.581733032096	1.0	0.0,0.011,0.024	0.038,0.031,0.0	-0.011
3023	"Slx4"	NA	chrNC_000082.7	-	3798444	3798858	3798444	3798555	3798684	3798858	3023	7,0,0	67,100,59	0,3,1	83,65,105	229	100	0.881897857485	1.0	0.044,0.0,0.0	0.0,0.02,0.004	0.007
3024	"Dcun1d1"	NA	chrNC_000069.7	-	35960128	35963428	35960128	35962896	35963340	35963428	3024	1,7,2	2,2,0	6,9,4	1,1,0	544	100	0.00186291857255	0.03574126411048024	0.084,0.391,1.0	0.524,0.623,1.0	-0.224
3027	"Eng"	NA	chrNC_000068.8	+	32571207	32572681	32571207	32571309	32571448	32572681	3027	20,12,9	50,57,66	14,14,21	46,74,74	239	100	0.774256756338	1.0	0.143,0.081,0.054	0.113,0.073,0.106	-0.005
3028	"Il1rap"	NA	chrNC_000082.7	+	26541105	26542056	26541105	26541681	26541970	26542056	3028	28,47,20	1,7,3	14,34,147	2,4,20	389	100	0.536442943611	0.9900709627474907	0.878,0.633,0.632	0.643,0.686,0.654	0.053
3031	"Snx32"	NA	chrNC_000085.7	-	5545301	5546010	5545301	5545676	5545924	5546010	3031	248,180,179	201,181,203	283,254,315	157,235,398	348	100	0.499746703178	0.9638182852326714	0.262,0.222,0.202	0.341,0.237,0.185	-0.026
3032	"Gm35187"	NA	chrNC_000069.7	-	145582426	145583549	145582426	145582529	145583403	145583549	3032	31,45,56	3,0,0	47,43,54	5,8,0	974	100	0.0209224165434	0.15810241180437173	0.515,1.0,1.0	0.491,0.356,1.0	0.223
3033	"Fam228b"	NA	chrNC_000078.7	-	4789887	4791207	4789887	4790043	4791061	4791207	3033	116,85,131	12,8,0	324,108,181	4,5,5	1118	100	0.247251047478	0.6760066715453402	0.464,0.487,1.0	0.879,0.659,0.764	-0.117
3034	"Fam228b"	NA	chrNC_000078.7	-	4795651	4798177	4795651	4795756	4798020	4798177	3034	159,188,168	4,7,10	339,139,273	7,3,6	2364	100	0.071007955299	0.33755117029376264	0.627,0.532,0.415	0.672,0.662,0.658	-0.139
3035	"Gm36521"	NA	chrNC_000069.7	+	146391552	146391817	146391552	146391649	146391739	146391817	3035	1,2,1	0,0,2	5,0,2	0,0,0	190	100	1	1.0	1.0,1.0,0.208	1.0,NA,1.0	-0.264
3036	"6430550D23Rik"	NA	chrNC_000068.8	-	155843192	155844406	155843192	155843482	155843655	155844406	3036	28,4,24	0,0,0	19,26,23	0,1,0	273	100	1	1.0	1.0,1.0,1.0	1.0,0.905,1.0	0.032
3037	"6430550D23Rik"	NA	chrNC_000068.8	-	155842362	155844406	155842362	155843482	155844292	155844406	3037	79,28,74	0,0,0	79,72,80	2,1,2	910	100	0.0118825356087	0.11235694159242478	1.0,1.0,1.0	0.813,0.888,0.815	0.161
3038	"6430550D23Rik"	NA	chrNC_000068.8	-	155842362	155844406	155842362	155843482	155844356	155844406	3038	81,31,84	2,3,1	83,76,84	0,0,5	974	100	0.347354030603	0.8117104082921631	0.806,0.515,0.896	1.0,1.0,0.633	-0.139
3040	"6430550D23Rik"	NA	chrNC_000068.8	-	155845020	155845405	155845020	155845170	155845244	155845405	3040	5,4,4	7,18,15	3,8,7	5,10,9	174	100	0.0676431127414	0.32911049886547195	0.291,0.113,0.133	0.256,0.315,0.309	-0.114
3044	"Ins2"	NA	chrNC_000073.7	-	142233083	142233463	142233083	142233284	142233398	142233463	3044	7,6,4	2,2,0	7,7,0	0,0,1	214	100	0.110432672524	0.4358671116363399	0.621,0.584,1.0	1.0,1.0,0.0	0.068
3046	"Nras"	NA	chrNC_000069.7	+	102966038	102966348	102966038	102966146	102966220	102966348	3046	7,3,11	3,1,4	12,6,6	0,3,2	174	100	0.224102622119	0.6482564330313976	0.573,0.633,0.612	1.0,0.535,0.633	-0.117
3047	"Nras"	NA	chrNC_000069.7	+	102971549	102975225	102971549	102971876	102974618	102975225	3047	6129,7019,6657	0,0,0	8333,6816,7411	1,0,0	2842	100	1	1.0	1.0,1.0,1.0	0.997,1.0,1.0	0.001
3048	"Smarcd3"	NA	chrNC_000071.7	-	24797619	24798116	24797619	24797802	24798014	24798116	3048	234,191,192	578,625,604	256,191,292	472,564,548	312	100	0.00310141015328	0.049256711370755636	0.115,0.089,0.092	0.148,0.098,0.146	-0.032
3050	"Zfp583"	NA	chrNC_000073.7	-	6330567	6332315	6330567	6330660	6332253	6332315	3050	33,27,23	0,0,0	16,25,57	2,0,0	1693	100	0.537752697195	0.9910483516039013	1.0,1.0,1.0	0.321,1.0,1.0	0.226
3051	"Zfp583"	NA	chrNC_000073.7	-	6330567	6332315	6330567	6330663	6332253	6332315	3051	33,27,23	3,4,6	16,25,57	0,0,2	1690	100	2.47701881724e-05	0.0024043092577478472	0.394,0.285,0.185	1.0,1.0,0.628	-0.588
3052	"Tmem95"	NA	chrNC_000077.7	-	69767612	69767867	69767612	69767700	69767786	69767867	3052	4,1,10	0,0,0	8,2,6	0,0,1	186	100	1	1.0	1.0,1.0,1.0	1.0,1.0,0.763	0.079
3053	"Zfp276"	NA	chrNC_000074.7	+	123991554	123991809	123991554	123991665	123991733	123991809	3053	71,43,46	46,34,54	58,49,40	66,29,54	168	100	0.521810472725	0.9822013051207394	0.479,0.429,0.336	0.343,0.501,0.306	0.031
3054	"Zfp276"	NA	chrNC_000074.7	+	123994243	123995153	123994243	123994438	123994508	123995153	3054	51,54,35	52,48,50	16,62,53	55,44,41	170	100	0.76049131976	1.0	0.366,0.398,0.292	0.146,0.453,0.432	0.008
3055	"Zfp276"	NA	chrNC_000074.7	+	123994243	123995153	123994243	123994665	123994722	123995153	3055	90,100,126	14,23,9	119,125,113	13,13,21	157	100	0.721533411207	1.0	0.804,0.735,0.899	0.854,0.86,0.774	-0.017
3058	"Ccdc163"	NA	chrNC_000070.7	+	116566436	116566816	116566436	116566470	116566595	116566816	3058	13,9,8	4,0,2	22,5,7	7,3,0	225	100	0.564062580819	1.0	0.591,1.0,0.64	0.583,0.426,1.0	0.074
3059	"Ccdc163"	NA	chrNC_000070.7	+	116566436	116566816	116566436	116566470	116566634	116566816	3059	14,12,15	12,16,10	25,11,10	39,6,13	264	100	0.534754510196	0.9884643820823515	0.306,0.221,0.362	0.195,0.41,0.226	0.019
3060	"Ccdc163"	NA	chrNC_000070.7	+	116569568	116570023	116569568	116569636	116569919	116570023	3060	2,7,8	19,31,31	32,9,6	105,33,41	383	100	0.301871437976	0.7579906640087023	0.027,0.056,0.063	0.074,0.066,0.037	-0.01
3061	"Ccdc163"	NA	chrNC_000070.7	+	116569568	116571346	116569568	116569636	116571212	116571346	3061	35,58,66	0,0,1	170,81,74	0,0,0	1676	100	1	1.0	1.0,1.0,0.797	1.0,1.0,1.0	-0.068
3062	"Ccdc163"	NA	chrNC_000070.7	+	116569919	116571346	116569919	116570023	116571212	116571346	3062	33,47,55	5,0,3	133,72,68	7,5,1	1289	100	0.941681719974	1.0	0.339,1.0,0.587	0.596,0.528,0.841	-0.013
3063	"Ccdc163"	NA	chrNC_000070.7	+	116569568	116571346	116569568	116569636	116571284	116571346	3063	41,72,74	0,0,0	189,92,77	1,0,0	1748	100	1	1.0	1.0,1.0,1.0	0.915,1.0,1.0	0.028
3064	"Ccdc163"	NA	chrNC_000070.7	+	116569568	116571346	116569568	116570023	116571284	116571346	3064	39,61,63	16,12,12	152,83,71	29,25,23	1361	100	0.970079545996	1.0	0.152,0.272,0.278	0.278,0.196,0.185	0.014
3065	"Ythdc1"	NA	chrNC_000071.7	+	86975813	86977338	86975813	86975980	86976366	86977338	3065	278,240,260	3,0,6	309,298,222	4,4,2	486	100	0.771288956123	1.0	0.95,1.0,0.899	0.941,0.939,0.958	0.004
3067	"Stau1"	NA	chrNC_000068.8	-	166792700	166793020	166792700	166792774	166792859	166793020	3067	1063,1008,984	2,6,1	1123,1016,1069	10,2,3	185	100	1	1.0	0.997,0.989,0.998	0.984,0.996,0.995	0.003
3069	"Slc39a2"	NA	chrNC_000080.7	+	52131917	52133257	52131917	52131963	52132355	52133257	3069	41,60,54	2,10,0	48,43,123	0,0,5	492	100	0.0579154255946	0.3012354279303545	0.806,0.549,1.0	1.0,1.0,0.833	-0.159
3070	"Nrros"	NA	chrNC_000082.7	-	31981055	31982215	31981055	31981120	31982070	31982215	3070	2,0,0	0,0,0	7,0,2	0,0,2	1050	100	1	1.0	1.0,NA,NA	1.0,NA,0.087	0.457
3071	"Slc10a7"	NA	chrNC_000074.7	+	79458237	79460634	79458237	79458778	79459115	79460634	3071	196,155,171	0,3,7	148,152,98	3,5,2	437	100	0.82224455655	1.0	1.0,0.922,0.848	0.919,0.874,0.918	0.02
3073	"Ppp2r3d"	NA	chrNC_000075.7	+	124198703	124199238	124198703	124198778	124199151	124199238	3073	302,262,339	184,191,144	279,275,273	210,166,171	473	100	0.279603443839	0.7281759378690951	0.258,0.225,0.332	0.219,0.259,0.252	0.028
3075	"Cd46"	NA	chrNC_000067.7	-	194757817	194758911	194757817	194757865	194758838	194758911	3075	20,13,29	4,2,2	34,8,37	1,0,3	1073	100	0.07367072315	0.344585397040292	0.318,0.377,0.575	0.76,1.0,0.535	-0.342
3076	"Cd46"	NA	chrNC_000067.7	-	194758838	194760144	194758838	194758911	194759961	194760144	3076	16,35,36	1,0,5	69,18,50	0,2,2	1150	100	0.400959501781	0.8639369493653827	0.582,1.0,0.385	1.0,0.439,0.685	-0.052
3077	"Frmd5"	NA	chrNC_000068.8	-	121376009	121378504	121376009	121378129	121378452	121378504	3077	213,168,160	2,1,6	240,197,270	1,0,0	423	100	0.00280190702237	0.04603748769063324	0.962,0.975,0.863	0.983,1.0,1.0	-0.061
3078	"Frmd5"	NA	chrNC_000068.8	-	121376009	121378504	121376009	121378378	121378452	121378504	3078	68,51,43	6,5,5	83,67,85	11,9,12	174	100	0.246862547216	0.6760066715453402	0.867,0.854,0.832	0.813,0.811,0.803	0.042
3079	"Frmd5"	NA	chrNC_000068.8	-	121376009	121379713	121376009	121378129	121379369	121379713	3079	654,746,574	0,2,0	734,765,1011	0,0,0	1340	100	1	1.0	1.0,0.965,1.0	1.0,1.0,1.0	-0.012
3080	"Frmd5"	NA	chrNC_000068.8	-	121376009	121379713	121376009	121378504	121379369	121379713	3080	464,591,426	24,12,22	520,596,762	29,27,24	965	100	0.694005232164	1.0	0.667,0.836,0.667	0.65,0.696,0.767	0.019
3081	"Frmd5"	NA	chrNC_000068.8	-	121376009	121379713	121376009	121379190	121379369	121379713	3081	126,176,103	14,32,33	150,176,229	32,30,39	279	100	0.84794221542	1.0	0.763,0.663,0.528	0.627,0.678,0.678	-0.01
3082	"Mbd5"	NA	chrNC_000068.8	+	49135553	49136218	49135553	49135811	49135911	49136218	3082	116,79,62	0,1,2	103,113,124	6,3,7	200	100	0.000696382102792	0.017708002042425144	1.0,0.975,0.939	0.896,0.95,0.899	0.056
3088	"Gm12426"	NA	chrNC_000070.7	-	47198844	47206366	47198844	47201295	47204446	47206366	3088	2,3,4	0,0,0	2,2,13	0,0,1	3251	100	1	1.0	1.0,1.0,1.0	1.0,1.0,0.286	0.238
3095	"Gm12426"	NA	chrNC_000070.7	-	47198844	47206366	47198844	47205067	47205751	47206366	3095	0,3,0	0,0,2	0,0,3	0,0,0	784	100	1	1.0	NA,1.0,0.0	NA,NA,1.0	-0.5
3096	"Asxl2"	NA	chrNC_000078.7	+	3505546	3507209	3505546	3505640	3507061	3507209	3096	33,43,25	1,4,0	46,32,42	5,1,1	1521	100	0.572173124831	1.0	0.685,0.414,1.0	0.377,0.678,0.734	0.103
3097	"Asxl2"	NA	chrNC_000078.7	+	3519299	3519593	3519299	3519395	3519477	3519593	3097	0,2,0	0,1,1	9,2,0	0,0,0	182	100	1	1.0	NA,0.524,0.0	1.0,1.0,NA	-0.738
3098	"Asxl2"	NA	chrNC_000078.7	+	3524489	3526169	3524489	3524613	3526025	3526169	3098	39,36,30	48,31,22	26,49,29	55,24,41	1512	100	0.404308824853	0.8666406320224084	0.051,0.071,0.083	0.03,0.119,0.045	0.004
3099	"Hap1"	NA	chrNC_000077.7	-	100238152	100240445	100238152	100239305	100240062	100240445	3099	1392,2342,1654	2,14,0	1385,1394,2109	0,0,3	857	100	0.0276994885594	0.18806510806630933	0.988,0.951,1.0	1.0,1.0,0.988	-0.016
3100	"Ruvbl2"	NA	chrNC_000073.7	-	45083675	45084067	45083675	45083780	45084043	45084067	3100	67,60,80	10,28,22	58,77,75	38,10,16	363	100	0.967712241631	1.0	0.649,0.371,0.5	0.296,0.68,0.564	-0.007
3101	"Nxpe4"	NA	chrNC_000075.7	+	48272726	48273475	48272726	48272814	48273318	48273475	3101	23,22,37	1,0,0	29,31,31	4,0,0	604	100	0.162474426482	0.5428238398835536	0.792,1.0,1.0	0.546,1.0,1.0	0.082
3102	"Nxpe4"	NA	chrNC_000075.7	+	48272726	48273475	48272726	48272814	48273359	48273475	3102	25,23,39	1,1,3	33,32,32	3,0,0	645	100	0.0991425748384	0.4056868579594299	0.795,0.781,0.668	0.63,1.0,1.0	-0.129
3107	"Dclre1c"	NA	chrNC_000068.8	+	3453884	3456391	3453884	3454235	3454631	3456391	3107	97,124,80	0,2,0	104,97,180	0,1,0	496	100	1	1.0	1.0,0.926,1.0	1.0,0.951,1.0	-0.008
3111	"Snx21"	NA	chrNC_000068.8	+	164633632	164635730	164633632	164634947	164635500	164635730	3111	163,185,185	2,7,1	185,182,265	1,1,4	653	100	0.183348003527	0.5841022156895381	0.926,0.802,0.966	0.966,0.965,0.91	-0.049
3112	"Rpl7a"	NA	chrNC_000068.8	+	26802682	26803069	26802682	26802813	26802999	26803069	3112	75,51,46	3880,4017,4099	58,65,114	3993,3973,4162	286	100	1	1.0	0.007,0.004,0.004	0.005,0.006,0.009	-0.002
3113	"Usp48"	NA	chrNC_000070.7	+	137343668	137348570	137343668	137343818	137348372	137348570	3113	832,766,646	192,165,182	969,938,1385	159,192,143	4654	100	1.79615412784e-05	0.0019182926085331202	0.085,0.091,0.071	0.116,0.095,0.172	-0.045
3114	"Usp48"	NA	chrNC_000070.7	+	137343668	137348570	137343668	137347688	137348372	137348570	3114	150,97,139	1,0,0	154,136,230	0,0,3	784	100	0.701851170417	1.0	0.95,1.0,1.0	1.0,1.0,0.907	0.014
3115	"Usp48"	NA	chrNC_000070.7	+	137361465	137362319	137361465	137361557	137362208	137362319	3115	62,39,45	1,0,1	52,46,72	4,7,7	751	100	1	1.0	0.892,1.0,0.857	0.634,0.467,0.578	0.357
3117	"Brinp2"	NA	chrNC_000067.7	-	158183086	158185096	158183086	158183242	158183565	158185096	3117	65,273,85	1,2,1	84,93,788	2,0,7	423	100	0.727563661391	1.0	0.939,0.97,0.953	0.909,1.0,0.964	-0.004
3118	"Enoph1"	NA	chrNC_000071.7	+	100215657	100216622	100215657	100215800	100216154	100216622	3118	1037,1016,956	24,37,31	1055,1157,1268	21,33,58	454	100	0.800185730252	1.0	0.905,0.858,0.872	0.917,0.885,0.828	0.002
3119	"Zfp317"	NA	chrNC_000075.7	+	19535527	19537291	19535527	19535594	19537190	19537291	3119	21,18,24	0,0,0	33,39,62	0,4,2	1696	100	4.8061620243e-05	0.0038497357814643004	1.0,1.0,1.0	1.0,0.365,0.646	0.33
3120	"Zfp317"	NA	chrNC_000075.7	+	19554904	19556603	19554904	19555000	19556507	19556603	3120	298,168,212	7,15,16	309,321,311	10,17,18	1607	100	0.625073113586	1.0	0.726,0.411,0.452	0.658,0.54,0.518	-0.042
3121	"Zfp317"	NA	chrNC_000075.7	+	19554904	19556603	19554904	19555000	19556520	19556603	3121	302,170,213	41,45,43	311,326,311	42,41,46	1620	100	0.0446150452113	0.2599029179218276	0.313,0.189,0.234	0.314,0.329,0.294	-0.067
3122	"Dgkq"	NA	chrNC_000071.7	-	108797690	108798245	108797690	108797791	108798066	108798245	3122	153,131,111	83,54,59	92,135,173	87,64,78	375	100	0.368689841069	0.8292435025236885	0.33,0.393,0.334	0.22,0.36,0.372	0.035
3123	"Dgkq"	NA	chrNC_000071.7	-	108798355	108798834	108798355	108798485	108798682	108798834	3123	74,51,35	6,4,5	54,56,53	1,1,1	297	100	0.00018893595111	0.007631503610375251	0.806,0.811,0.702	0.948,0.95,0.947	-0.175
3124	"Dgkq"	NA	chrNC_000071.7	-	108798355	108798834	108798355	108798504	108798682	108798834	3124	58,35,25	28,40,18	37,42,42	23,24,47	278	100	0.909055073873	1.0	0.427,0.239,0.333	0.367,0.386,0.243	0.001
3126	"Gm31159"	NA	chrNC_000067.7	-	132842690	132843375	132842690	132842980	132843305	132843375	3126	1,2,0	0,1,2	2,0,3	2,1,6	425	100	0.76128381761	1.0	1.0,0.32,0.0	0.19,0.0,0.105	0.342
3127	"Gm31159"	NA	chrNC_000067.7	-	132843553	132857572	132843553	132843674	132845669	132857572	3127	8,5,3	0,0,0	11,11,7	0,2,0	2095	100	0.411599876737	0.869031516001343	1.0,1.0,1.0	1.0,0.208,1.0	0.264
3129	"Phf24"	NA	chrNC_000070.7	+	42933615	42933997	42933615	42933667	42933778	42933997	3129	46,108,12	27,12,6	39,49,238	10,15,79	211	100	0.919426431084	1.0	0.447,0.81,0.487	0.649,0.608,0.588	-0.034
3133	"Spint1"	NA	chrNC_000068.8	+	119067840	119068724	119067840	119067953	119068181	119068724	3133	3,6,7	0,2,0	0,0,0	0,0,1	328	100	1	1.0	1.0,0.478,1.0	NA,NA,0.0	0.826
3135	"Igfn1"	NA	chrNC_000067.7	-	135891495	135892700	135891495	135891795	135892400	135892700	3135	0,2,2	0,0,0	0,6,5	4,2,0	705	100	1	1.0	NA,1.0,1.0	0.0,0.299,1.0	0.567
3136	"Igfn1"	NA	chrNC_000067.7	-	135891495	135892700	135891495	135891795	135892465	135892700	3136	1,2,2	0,0,1	0,6,5	0,0,0	770	100	1	1.0	1.0,1.0,0.206	NA,1.0,1.0	-0.265
3137	"Igfn1"	NA	chrNC_000067.7	-	135893802	135898898	135893802	135893927	135894413	135898898	3137	2,2,0	0,1,0	0,1,3	1,1,2	586	100	1	1.0	1.0,0.254,NA	0.0,0.146,0.204	0.51
3138	"Mt1"	NA	chrNC_000074.7	+	94906450	94906955	94906450	94906516	94906729	94906955	3138	1108,1301,2211	71702,90164,88228	1522,1029,1559	110945,71404,73050	313	100	1	1.0	0.005,0.005,0.008	0.004,0.005,0.007	0.001
3139	"Zfp12"	NA	chrNC_000071.7	+	143220909	143222071	143220909	143221134	143222008	143222071	3139	58,32,42	49,40,52	39,55,51	43,44,74	974	100	0.90263290345	1.0	0.108,0.076,0.077	0.085,0.114,0.066	-0.001
3140	"Zfp12"	NA	chrNC_000071.7	+	143229816	143233712	143229816	143230119	143230316	143233712	3140	299,318,294	11,5,1	406,339,404	2,5,4	297	100	0.0842488763524	0.3692659368441718	0.901,0.955,0.99	0.986,0.958,0.971	-0.023
3141	"Apoc1"	NA	chrNC_000073.7	-	19426335	19426584	19426335	19426411	19426533	19426584	3141	2,2,2	2,18,10	2,2,0	12,16,22	222	100	0.340785407234	0.8058362047535291	0.311,0.048,0.083	0.07,0.053,0.0	0.106
3142	"Arhgap6"	NA	chrNC_000086.8	+	168078037	168081465	168078037	168078127	168081416	168081465	3142	68,72,63	3,4,4	83,42,60	0,0,3	3389	100	0.01116802275	0.11010679884808615	0.401,0.347,0.317	1.0,1.0,0.371	-0.435
3144	"Zfp687"	NA	chrNC_000069.7	-	94906140	94909519	94906140	94906311	94909449	94909519	3144	435,415,420	11,11,5	384,461,445	7,8,14	3238	100	0.856519856133	1.0	0.55,0.538,0.722	0.629,0.64,0.495	0.015
3146	"4930461C15Rik"	NA	chrNC_000082.7	-	58225204	58226437	58225204	58225484	58225743	58226437	3146	0,3,1	0,0,0	5,2,7	1,0,0	359	100	1	1.0	NA,1.0,1.0	0.582,1.0,1.0	0.139
3148	"4930461C15Rik"	NA	chrNC_000082.7	-	58225204	58226437	58225204	58225484	58226259	58226437	3148	2,12,2	2,0,0	26,4,11	0,0,0	875	100	0.273127572529	0.7198498542935132	0.103,1.0,1.0	1.0,1.0,1.0	-0.299
3151	"Ankrd16"	NA	chrNC_000068.8	+	11786287	11788560	11786287	11786330	11788451	11788560	3151	1455,1261,1118	20,55,37	1257,1326,1254	62,51,53	2221	100	0.0702104574292	0.3352523183355541	0.766,0.508,0.576	0.477,0.539,0.516	0.106
3152	"Ankrd16"	NA	chrNC_000068.8	+	11786287	11788560	11786287	11786344	11788451	11788560	3152	1445,1250,1115	12,5,3	1249,1321,1250	6,1,6	2207	100	0.183237145641	0.5841022156895381	0.845,0.919,0.944	0.904,0.984,0.904	-0.028
3153	"Ankrd16"	NA	chrNC_000068.8	+	11786287	11788560	11786287	11787530	11788451	11788560	3153	715,605,489	4,10,5	603,552,609	7,3,6	1021	100	0.644615008794	1.0	0.946,0.856,0.905	0.894,0.947,0.909	-0.014
3155	"Gramd1a"	NA	chrNC_000073.7	-	30833838	30835164	30833838	30833942	30834950	30835164	3155	997,847,706	8,22,9	906,985,1684	13,16,9	1108	100	0.212308954064	0.6331565870671421	0.918,0.777,0.876	0.863,0.847,0.944	-0.028
3156	"Gramd1a"	NA	chrNC_000073.7	-	30833838	30835164	30833838	30833942	30835021	30835164	3156	1090,912,761	86,137,83	978,1059,1794	108,113,303	1179	100	0.354794790948	0.8184035350593175	0.518,0.361,0.437	0.434,0.443,0.334	0.035
3157	"Lrfn4"	NA	chrNC_000085.7	-	4663183	4665720	4663183	4664542	4664990	4665720	3157	253,316,296	88,92,82	250,350,309	73,72,124	548	100	0.809382649378	1.0	0.344,0.385,0.397	0.385,0.47,0.313	-0.014
3158	"Sidt2"	NA	chrNC_000075.7	-	45858838	45859186	45858838	45858850	45859133	45859186	3158	481,285,301	89,134,63	364,417,351	63,125,224	383	100	0.509424232869	0.9715447869715927	0.585,0.357,0.555	0.601,0.466,0.29	0.047
3159	"Sidt2"	NA	chrNC_000075.7	-	45858926	45859186	45858926	45858995	45859133	45859186	3159	195,148,164	49,41,39	187,198,151	20,42,27	238	100	0.019911682346	0.15372778370261206	0.626,0.603,0.639	0.797,0.665,0.701	-0.098
3160	"Nebl"	NA	chrNC_000068.8	-	17378995	17380131	17378995	17379167	17380026	17380131	3160	60,42,40	5,6,3	36,43,96	1,2,2	959	100	0.00597747781015	0.07483890187329469	0.556,0.422,0.582	0.79,0.692,0.833	-0.252
3161	"Tbce"	NA	chrNC_000079.7	-	14184213	14185226	14184213	14184316	14185126	14185226	3161	406,312,311	121,137,112	378,438,389	154,105,101	910	100	0.133691703759	0.48510557060457077	0.269,0.2,0.234	0.212,0.314,0.297	-0.04
3162	"Tbce"	NA	chrNC_000079.7	-	14184213	14185226	14184213	14184545	14185126	14185226	3162	277,207,221	2,2,3	244,303,261	5,12,3	681	100	0.0143053474076	0.12801193003068065	0.953,0.938,0.915	0.878,0.788,0.927	0.071
3170	"Ifi44"	NA	chrNC_000069.7	-	151454781	151455281	151454781	151454886	151455136	151455281	3170	266,469,530	5,18,21	319,282,139	15,3,5	350	100	0.562893039805	1.0	0.938,0.882,0.878	0.859,0.964,0.888	-0.004
3171	"Kat5"	NA	chrNC_000085.7	-	5659879	5660122	5659879	5659946	5660045	5660122	3171	16,18,20	10,21,14	18,11,18	3,20,2	199	100	0.162470228481	0.5428238398835536	0.446,0.301,0.418	0.751,0.217,0.819	-0.207
3172	"Cldn2"	NA	chrNC_000086.8	+	138709274	138712135	138709274	138710139	138711281	138712135	3172	1197,909,1260	6,8,6	885,1171,604	6,8,5	1242	100	0.631200892456	1.0	0.941,0.901,0.944	0.922,0.922,0.907	0.012
3173	"Fubp1"	NA	chrNC_000069.7	+	151937513	151939339	151937513	151937659	151937891	151939339	3173	76,53,121	13,12,16	161,114,89	13,5,8	332	100	0.00253886363782	0.04373397363212516	0.638,0.571,0.695	0.789,0.873,0.77	-0.176
3174	"Fubp1"	NA	chrNC_000069.7	+	151937513	151939339	151937513	151937659	151938031	151939339	3174	148,124,233	330,281,249	281,177,184	296,252,240	472	100	0.00510592005577	0.06650149536051658	0.087,0.085,0.165	0.167,0.13,0.14	-0.033
3175	"Fubp1"	NA	chrNC_000069.7	+	151937513	151939339	151937513	151937659	151939239	151939339	3175	1310,1024,1307	17,8,11	1505,1098,1249	10,10,10	1680	100	0.354613189329	0.8184035350593175	0.821,0.884,0.876	0.9,0.867,0.881	-0.022
3176	"Fubp1"	NA	chrNC_000069.7	+	151937513	151940207	151937513	151937659	151940160	151940207	3176	1838,1404,1848	6,19,2	2136,1547,1778	3,9,6	2601	100	0.198681828895	0.6097476817812069	0.922,0.74,0.973	0.965,0.869,0.919	-0.039
3177	"Fubp1"	NA	chrNC_000069.7	+	151937513	151940207	151937513	151939339	151940160	151940207	3177	528,380,541	21,23,32	631,449,529	29,19,45	921	100	0.719066814379	1.0	0.732,0.642,0.647	0.703,0.72,0.561	0.012
3178	"Fubp1"	NA	chrNC_000069.7	+	151937513	151941241	151937513	151940207	151941104	151941241	3178	523,465,579	50,40,48	555,495,500	94,44,71	997	100	0.0241793604815	0.1730841114494491	0.512,0.538,0.547	0.372,0.53,0.414	0.094
3179	"Fubp1"	NA	chrNC_000069.7	+	151940160	151942467	151940160	151940207	151942243	151942467	3179	1240,1063,1366	0,0,0	1439,1151,1270	0,0,2	2136	100	1	1.0	1.0,1.0,1.0	1.0,1.0,0.967	0.011
3180	"Fubp1"	NA	chrNC_000069.7	+	151941104	151942467	151941104	151941241	151942243	151942467	3180	685,574,754	15,22,19	840,625,740	28,21,57	1102	100	0.0402472313612	0.2389944827440813	0.806,0.703,0.783	0.731,0.73,0.541	0.097
3181	"D430001F17Rik"	NA	chrNC_000082.7	+	91758773	91763118	91758773	91758839	91761208	91763118	3181	6,3,17	2,0,0	4,5,13	0,0,0	2469	100	0.261134664892	0.6986882458549983	0.108,1.0,1.0	1.0,1.0,1.0	-0.297
3183	"Aifm3"	NA	chrNC_000082.7	+	17323524	17324198	17323524	17323623	17324093	17324198	3183	48,13,31	24,15,24	96,58,190	69,30,58	570	100	0.0962858496643	0.3984962499703556	0.26,0.132,0.185	0.196,0.253,0.365	-0.079
3184	"Aifm3"	NA	chrNC_000082.7	+	17323524	17324783	17323524	17324198	17324762	17324783	3184	60,35,49	4,4,0	109,69,207	0,0,12	664	100	0.265512072939	0.7059756694577227	0.693,0.569,1.0	1.0,1.0,0.722	-0.153
3185	"Aifm3"	NA	chrNC_000082.7	+	17323524	17325346	17323524	17323623	17324990	17325346	3185	122,56,92	0,0,0	259,154,429	1,0,0	1467	100	1	1.0	1.0,1.0,1.0	0.946,1.0,1.0	0.018
3186	"Aifm3"	NA	chrNC_000082.7	+	17323524	17325346	17323524	17324783	17324990	17325346	3186	21,16,17	3,3,0	67,32,72	1,0,37	307	100	0.813066892779	1.0	0.695,0.635,1.0	0.956,1.0,0.388	-0.005
3188	"Zscan18"	NA	chrNC_000073.7	-	12504730	12506042	12504730	12504820	12505935	12506042	3188	48,54,71	0,2,0	70,53,61	0,0,1	1215	100	1	1.0	1.0,0.69,1.0	1.0,1.0,0.834	-0.048
3189	"Zscan18"	NA	chrNC_000073.7	-	12504730	12507517	12504730	12506042	12507367	12507517	3189	81,86,62	17,11,19	103,73,154	15,24,22	1425	100	0.740132254371	1.0	0.251,0.354,0.186	0.325,0.176,0.329	-0.013
3190	"Zscan18"	NA	chrNC_000073.7	-	12505935	12509585	12505935	12506042	12507876	12509585	3190	102,102,98	0,1,0	142,93,202	0,0,0	1934	100	1	1.0	1.0,0.841,1.0	1.0,1.0,1.0	-0.053
3191	"Zscan18"	NA	chrNC_000073.7	-	12505935	12509585	12505935	12507517	12507876	12509585	3191	15,8,22	0,2,3	29,8,29	5,3,0	459	100	0.756160054412	1.0	1.0,0.466,0.615	0.558,0.367,1.0	0.052
3192	"Zscan18"	NA	chrNC_000073.7	-	12505935	12509585	12505935	12507517	12508039	12509585	3192	16,16,28	12,17,20	50,22,44	12,10,25	622	100	0.0144168299927	0.12801193003068065	0.177,0.131,0.184	0.401,0.261,0.221	-0.13
3198	"Samd11"	NA	chrNC_000070.7	-	156334794	156336537	156334794	156334873	156336402	156336537	3198	0,0,0	0,1,0	10,0,14	0,0,0	1629	100	1	1.0	NA,0.0,NA	1.0,NA,1.0	-1.0
3201	"Rexo5"	NA	chrNC_000073.7	+	119471499	119473461	119471499	119471609	119473326	119473461	3201	4,8,11	0,4,3	7,9,2	3,0,2	1817	100	0.878842249906	1.0	1.0,0.099,0.168	0.114,1.0,0.052	0.034
3208	"Rad52"	NA	chrNC_000072.7	+	119895547	119896038	119895547	119895747	119895886	119896038	3208	118,121,110	19,19,18	133,130,219	31,19,29	239	100	0.878769539454	1.0	0.722,0.727,0.719	0.642,0.741,0.76	0.008
3209	"Rad52"	NA	chrNC_000072.7	+	119895547	119896038	119895547	119895747	119895889	119896038	3209	118,121,110	6,2,3	134,130,221	6,10,0	242	100	0.868021876069	1.0	0.89,0.962,0.938	0.902,0.843,1.0	0.015
3210	"Prokr1"	NA	chrNC_000072.7	-	87565358	87565988	87565358	87565521	87565636	87565988	3210	11,12,17	0,2,0	12,15,6	0,0,0	215	100	1	1.0	1.0,0.736,1.0	1.0,1.0,1.0	-0.088
3211	"Pcif1"	NA	chrNC_000068.8	+	164724694	164726139	164724694	164724864	164725996	164726139	3211	313,306,350	190,203,174	318,271,319	222,194,180	1232	100	0.305335401074	0.7628410450566548	0.118,0.109,0.14	0.104,0.102,0.126	0.012
3212	"Lcn12"	NA	chrNC_000068.8	-	25380856	25382121	25380856	25380964	25382019	25382121	3212	0,3,0	0,0,0	12,6,2	3,0,4	1155	100	1	1.0	NA,1.0,NA	0.257,1.0,0.041	0.567
3213	"Ajm1"	NA	chrNC_000068.8	-	25465427	25470165	25465427	25469967	25470051	25470165	3213	24,42,9	15,30,9	30,24,126	21,13,73	184	100	0.416900307023	0.8741810102759765	0.465,0.432,0.352	0.437,0.501,0.484	-0.058
3215	"Nat10"	NA	chrNC_000068.8	-	103556008	103556584	103556008	103556107	103556464	103556584	3215	71,46,57	93,101,84	70,64,104	95,95,111	457	100	0.128262648185	0.47615349188917455	0.143,0.091,0.129	0.139,0.128,0.17	-0.025
3218	"Stx4a"	NA	chrNC_000073.7	+	127447559	127447839	127447559	127447670	127447740	127447839	3218	142,117,121	157,133,173	113,152,105	205,193,158	170	100	0.0914822226345	0.3897309384870563	0.347,0.341,0.291	0.245,0.317,0.281	0.045
3219	"Stx4a"	NA	chrNC_000073.7	+	127447559	127450160	127447559	127447670	127447922	127450160	3219	338,259,298	69,83,49	234,320,234	45,51,83	352	100	0.98534771197	1.0	0.582,0.47,0.633	0.596,0.641,0.445	0.001
3220	"Slco5a1"	NA	chrNC_000067.7	-	13059803	13062689	13059803	13061187	13062449	13062689	3220	0,5,0	0,0,0	0,1,2	0,0,4	1362	100	1	1.0	NA,1.0,NA	NA,1.0,0.035	0.483
3221	"Aldh9a1"	NA	chrNC_000067.7	+	167183240	167183764	167183240	167183375	167183575	167183764	3221	17,24,20	0,0,1	18,14,52	4,0,1	300	100	0.035316002102	0.22234285217935873	1.0,1.0,0.87	0.6,1.0,0.945	0.108
3222	"Gm13373"	NA	chrNC_000068.8	-	28215092	28218216	28215092	28215158	28218116	28218216	3222	6,0,4	0,1,0	4,0,6	0,0,1	3058	100	1	1.0	1.0,0.0,1.0	1.0,NA,0.164	0.085
3223	"Ptgs1"	NA	chrNC_000068.8	+	36107203	36107745	36107203	36107286	36107629	36107745	3223	1,0,0	0,0,1	0,0,4	0,0,0	443	100	1	1.0	1.0,NA,0.0	NA,NA,1.0	-0.5
3224	"Ggn"	NA	chrNC_000073.7	+	28870282	28872525	28870282	28871230	28872146	28872525	3224	263,305,264	0,1,1	316,285,286	2,0,2	1016	100	1	1.0	1.0,0.968,0.963	0.94,1.0,0.934	0.019
3225	"Atg4c"	NA	chrNC_000070.7	+	99166834	99167303	99166834	99167014	99167225	99167303	3225	3,0,4	0,1,0	5,3,2	0,0,0	311	100	1	1.0	1.0,0.0,1.0	1.0,1.0,1.0	-0.333
3227	"Odf2"	NA	chrNC_000068.8	+	29812224	29816114	29812224	29812383	29815951	29816114	3227	2011,2280,2125	0,0,0	2745,2255,3905	1,0,0	3668	100	1	1.0	1.0,1.0,1.0	0.987,1.0,1.0	0.004
3228	"Strbp"	NA	chrNC_000068.8	-	37467490	37470818	37467490	37469480	37470684	37470818	3228	164,173,185	0,0,1	244,207,244	0,0,3	1304	100	0.795668289976	1.0	1.0,1.0,0.934	1.0,1.0,0.862	0.024
3229	"Strbp"	NA	chrNC_000068.8	-	37467490	37470818	37467490	37469761	37470684	37470818	3229	137,141,152	4,5,1	181,168,180	2,1,11	1023	100	0.853242910036	1.0	0.77,0.734,0.937	0.898,0.943,0.615	-0.005
3230	"Strbp"	NA	chrNC_000068.8	-	37467490	37470818	37467490	37469814	37470684	37470818	3230	137,137,150	0,4,1	172,162,176	4,4,4	970	100	0.0772705699321	0.34998259526459996	1.0,0.779,0.939	0.816,0.807,0.819	0.092
3231	"Strbp"	NA	chrNC_000068.8	-	37467490	37471716	37467490	37470818	37471612	37471716	3231	13,37,26	2,0,0	33,15,51	0,0,2	894	100	0.660785300953	1.0	0.421,1.0,1.0	1.0,1.0,0.74	-0.106
3232	"Pkn3"	NA	chrNC_000068.8	+	29969937	29970698	29969937	29970083	29970586	29970698	3232	4,3,2	2,0,1	9,0,0	0,0,0	603	100	1	1.0	0.249,1.0,0.249	1.0,NA,NA	-0.501
3235	"Arfgap1"	NA	chrNC_000068.8	+	180609017	180609607	180609017	180609122	180609326	180609607	3235	117,92,74	34,32,28	42,88,95	33,26,65	304	100	0.0526077184829	0.2850152803540391	0.531,0.486,0.465	0.295,0.527,0.325	0.112
3236	"Arfgap1"	NA	chrNC_000068.8	+	180609017	180609607	180609017	180609122	180609394	180609607	3236	146,139,110	99,111,73	92,117,155	107,97,142	372	100	0.0335521872017	0.21586587910491328	0.284,0.252,0.288	0.188,0.245,0.227	0.055
3237	"9330198N18Rik"	NA	chrNC_000068.8	+	30531384	30532277	30531384	30531616	30531715	30532277	3237	0,0,0	0,0,1	2,0,0	3,0,0	199	100	1	1.0	NA,NA,0.0	0.251,NA,NA	-0.251
3238	"9330198N18Rik"	NA	chrNC_000068.8	+	30561420	30562173	30561420	30561768	30561942	30562173	3238	0,1,0	0,0,0	0,2,1	1,0,0	274	100	1	1.0	NA,1.0,NA	0.0,1.0,1.0	0.333
3239	"Actr8"	NA	chrNC_000080.7	+	29713548	29715176	29713548	29713712	29714917	29715176	3239	114,94,85	197,203,203	94,116,170	183,168,230	1305	100	0.0226045640787	0.16687793388975758	0.042,0.034,0.031	0.038,0.05,0.054	-0.012
3240	"Akap9"	NA	chrNC_000071.7	+	4127827	4130204	4127827	4127967	4129658	4130204	3240	148,164,213	61,67,88	186,112,142	97,43,73	1791	100	0.277123707728	0.7269124709561833	0.119,0.12,0.119	0.097,0.127,0.098	0.012
3242	"Gm39786"	NA	chrNC_000068.8	-	30878261	30883260	30878261	30881429	30883076	30883260	3242	7,0,0	0,0,0	2,3,4	0,1,0	1747	100	1	1.0	1.0,NA,NA	1.0,0.147,1.0	0.284
3245	"Obsl1"	NA	chrNC_000067.7	-	75472980	75473924	75472980	75473268	75473651	75473924	3245	124,149,107	37,31,40	152,142,136	28,22,28	483	100	0.0239516800861	0.17240288571658652	0.41,0.499,0.356	0.529,0.572,0.501	-0.112
3246	"Snap25"	NA	chrNC_000068.8	+	136611662	136612094	136611662	136611780	136611976	136612094	3246	32,31,20	2,3,2	49,43,187	1,0,15	296	100	0.850396650178	1.0	0.844,0.777,0.772	0.943,1.0,0.808	-0.119
3247	"Cfap96"	NA	chrNC_000074.7	-	46426540	46428289	46426540	46426717	46428115	46428289	3247	573,450,580	35,48,75	1055,616,674	125,46,67	1498	100	0.917178928433	1.0	0.522,0.385,0.34	0.36,0.472,0.402	0.004
3248	"Gm35712"	NA	chrNC_000074.7	+	36782477	36782947	36782477	36782618	36782787	36782947	3248	2,0,0	2,1,5	4,0,0	6,0,1	269	100	1	1.0	0.271,0.0,0.0	0.199,NA,0.0	-0.009
3249	"Igsf9"	NA	chrNC_000067.7	+	172317079	172318010	172317079	172317232	172317855	172318010	3249	24,11,28	34,23,16	49,27,44	43,22,40	723	100	0.208245993773	0.6282675744337965	0.089,0.062,0.195	0.136,0.145,0.132	-0.022
3250	"Igsf9"	NA	chrNC_000067.7	+	172324452	172325691	172324452	172325313	172325563	172325691	3250	2,12,13	3,14,23	19,19,7	24,20,14	350	100	0.629155802012	1.0	0.16,0.197,0.139	0.184,0.213,0.125	-0.009
3251	"Dab1"	NA	chrNC_000070.7	+	104537266	104537586	104537266	104537305	104537387	104537586	3251	22,12,9	13,17,5	35,18,16	21,7,20	182	100	0.66829528787	1.0	0.482,0.279,0.497	0.478,0.586,0.305	-0.037
3252	"Gm32547"	NA	chrNC_000084.7	-	24555313	24561681	24555313	24560577	24561621	24561681	3252	39,21,21	2,0,0	9,46,35	0,0,0	1144	100	1	1.0	0.63,1.0,1.0	1.0,1.0,1.0	-0.123
3254	"Gm32547"	NA	chrNC_000084.7	-	24563345	24570780	24563345	24563590	24563677	24570780	3254	1,0,0	0,0,0	0,0,0	0,0,2	187	100	1	1.0	1.0,NA,NA	NA,NA,0.0	1.0
3255	"Gm36788"	NA	chrNC_000072.7	-	116748673	116750860	116748673	116750061	116750731	116750860	3255	23,33,33	1,0,0	43,36,27	12,0,2	770	100	7.27405135915e-05	0.004481934722060885	0.749,1.0,1.0	0.318,1.0,0.637	0.265
3256	"Megf11"	NA	chrNC_000075.7	+	64613008	64616481	64613008	64613215	64613808	64616481	3256	366,253,149	6,3,3	194,238,256	0,7,4	693	100	0.706120744834	1.0	0.898,0.924,0.878	1.0,0.831,0.902	-0.011
3257	"Tor2a"	NA	chrNC_000068.8	+	32647899	32648948	32647899	32648343	32648682	32648948	3257	62,45,61	1,0,0	48,53,55	0,0,0	439	100	1	1.0	0.934,1.0,1.0	1.0,1.0,1.0	-0.022
3259	"Snapc4"	NA	chrNC_000068.8	-	26263330	26264197	26263330	26263478	26264032	26264197	3259	127,111,111	62,62,50	176,105,252	32,30,69	654	100	3.15172880344e-05	0.002745152057688032	0.239,0.215,0.253	0.457,0.349,0.358	-0.152
3260	"Snapc4"	NA	chrNC_000068.8	-	26266880	26268079	26266880	26267048	26268032	26268079	3260	80,56,98	51,53,49	112,99,126	54,73,98	1084	100	0.997136668036	1.0	0.126,0.089,0.156	0.161,0.111,0.106	-0.002
3261	"Tmem132e"	NA	chrNC_000077.7	+	82335094	82337154	82335094	82335590	82335672	82337154	3261	92,77,23	9,3,2	26,104,188	1,4,10	182	100	0.327899393322	0.792546921741964	0.849,0.934,0.863	0.935,0.935,0.912	-0.045
3262	"Hip1"	NA	chrNC_000071.7	-	135435384	135440123	135435384	135439726	135440041	135440123	3262	490,511,435	33,52,18	358,504,497	33,36,48	415	100	0.251175289603	0.6814272886435325	0.782,0.703,0.853	0.723,0.771,0.714	0.043
3263	"Sstr2"	NA	chrNC_000077.7	+	113514992	113516854	113514992	113516075	113516414	113516854	3263	1223,1080,809	25,26,38	592,1117,914	22,24,16	439	100	0.287826294289	0.7401247567431428	0.918,0.904,0.829	0.86,0.914,0.929	-0.017
3264	"Snx24"	NA	chrNC_000084.7	+	53522588	53523994	53522588	53522684	53523463	53523994	3264	1364,1350,1533	6,7,9	1544,1541,1286	14,4,11	879	100	0.3807342162	0.8418719314732919	0.963,0.956,0.951	0.926,0.978,0.93	0.012
3266	"Ppp1cc"	NA	chrNC_000071.7	+	122310794	122311343	122310794	122310866	122311208	122311343	3266	1155,1162,1016	22,25,22	974,1418,1420	20,26,53	442	100	0.205463585271	0.6227978926726275	0.922,0.913,0.913	0.917,0.925,0.858	0.016
3267	"Ppp1cc"	NA	chrNC_000071.7	+	122310794	122311343	122310794	122311018	122311208	122311343	3267	258,281,137	1081,1002,955	204,245,391	822,1194,1178	290	100	0.0847331500241	0.3701387072027722	0.076,0.088,0.047	0.079,0.066,0.103	-0.012
3268	"Ppp1cc"	NA	chrNC_000071.7	+	122312117	122313336	122312117	122312178	122313042	122313336	3268	1435,1320,961	108,102,112	1135,1563,1883	103,103,94	964	100	0.091975665334	0.3897309384870563	0.58,0.573,0.471	0.533,0.612,0.675	-0.065
3269	"Ppp1cc"	NA	chrNC_000071.7	+	122312117	122313336	122312117	122312178	122313051	122313336	3269	1446,1330,977	35,33,29	1138,1575,1894	23,28,32	973	100	0.0347936199123	0.22036446976430277	0.809,0.806,0.776	0.836,0.853,0.859	-0.052
3274	"Ppp2r5b"	NA	chrNC_000085.7	-	6285541	6286294	6285541	6286118	6286277	6286294	3274	7,5,8	3,0,3	3,10,17	2,0,1	259	100	0.0864832871054	0.3759734761000022	0.474,1.0,0.507	0.367,1.0,0.868	-0.085
3275	"Smpd5"	NA	chrNC_000081.7	+	76178477	76179692	76178477	76179491	76179589	76179692	3275	3,0,2	0,0,4	4,0,1	2,2,0	198	100	1	1.0	1.0,NA,0.202	0.503,0.0,1.0	0.1
3276	"Trp53inp2"	NA	chrNC_000068.8	+	155227209	155228089	155227209	155227384	155227800	155228089	3276	88,84,38	1066,1071,871	17,44,60	874,1045,942	516	100	0.0463709375009	0.26436385009409896	0.016,0.015,0.008	0.004,0.008,0.012	0.005
3277	"Trp53inp2"	NA	chrNC_000068.8	+	155227209	155228089	155227209	155227384	155227920	155228089	3277	1329,1211,1091	40,62,28	1029,1290,1155	38,48,39	636	100	0.929217544009	1.0	0.839,0.754,0.86	0.81,0.809,0.823	0.004
3278	"Adam33"	NA	chrNC_000068.8	-	130892741	130893290	130892741	130893073	130893146	130893290	3278	9,14,5	0,0,0	8,8,9	1,0,0	173	100	1	1.0	1.0,1.0,1.0	0.822,1.0,1.0	0.059
3279	"Adam33"	NA	chrNC_000068.8	-	130894961	130895508	130894961	130895070	130895309	130895508	3279	9,13,11	0,0,0	8,9,7	0,0,1	339	100	1	1.0	1.0,1.0,1.0	1.0,1.0,0.674	0.109
3280	"Adam33"	NA	chrNC_000068.8	-	130895604	130896281	130895604	130895713	130896191	130896281	3280	2,5,11	1,0,0	8,8,1	0,0,0	578	100	1	1.0	0.257,1.0,1.0	1.0,1.0,1.0	-0.248
3281	"Adam33"	NA	chrNC_000068.8	-	130898384	130898712	130898384	130898461	130898633	130898712	3281	5,4,6	2,2,1	10,9,0	0,0,0	272	100	1	1.0	0.479,0.424,0.688	1.0,1.0,NA	-0.47
3282	"Adam33"	NA	chrNC_000068.8	-	130898384	130900417	130898384	130898712	130900000	130900417	3282	17,24,26	2,2,0	28,29,22	1,0,0	1388	100	0.0050735689031	0.06634985618584653	0.38,0.464,1.0	0.669,1.0,1.0	-0.275
3292	"Prg4"	NA	chrNC_000067.7	-	150329802	150332088	150329802	150329871	150332001	150332088	3292	4,2,1	4,0,0	0,2,27	0,0,0	2230	100	1	1.0	0.043,1.0,1.0	NA,1.0,1.0	-0.319
3293	"Gm32287"	NA	chrNC_000068.8	-	167615338	167615979	167615338	167615523	167615617	167615979	3293	4,6,1	3,0,2	3,7,9	6,0,5	194	100	0.963488802223	1.0	0.407,1.0,0.205	0.205,1.0,0.481	-0.025
3295	"Fbf1"	NA	chrNC_000077.7	-	116048514	116048985	116048514	116048653	116048845	116048985	3295	6,18,16	0,3,4	23,10,29	3,3,2	292	100	0.835521595056	1.0	1.0,0.673,0.578	0.724,0.533,0.832	0.054
3296	"Fbf1"	NA	chrNC_000077.7	-	116055488	116056738	116055488	116055516	116056657	116056738	3296	191,128,150	83,98,118	188,179,231	150,92,94	1241	100	0.290659963569	0.7443104261110159	0.156,0.095,0.093	0.092,0.136,0.165	-0.016
3297	"Ikbke"	NA	chrNC_000067.7	-	131198231	131198820	131198231	131198277	131198623	131198820	3297	35,36,58	0,0,2	91,39,41	2,0,0	446	100	1	1.0	1.0,1.0,0.867	0.911,1.0,1.0	-0.015
3299	"Kctd17"	NA	chrNC_000081.7	+	78321357	78321871	78321357	78321432	78321783	78321871	3299	3719,4027,3810	20,19,11	3838,3927,4243	11,9,36	451	100	0.749260484794	1.0	0.976,0.979,0.987	0.987,0.99,0.963	0.001
3300	"Kctd17"	NA	chrNC_000081.7	+	78321357	78323489	78321357	78321871	78322686	78323489	3300	4552,4944,5014	65,76,26	4870,4848,4189	53,69,242	915	100	0.00849692681379	0.09197349159251068	0.884,0.877,0.955	0.909,0.885,0.654	0.089
3301	"Map2k7"	NA	chrNC_000074.7	+	4295694	4297897	4295694	4295825	4297656	4297897	3301	4119,3939,3824	38,34,35	3537,4219,4048	41,34,38	1931	100	0.688463662735	1.0	0.849,0.857,0.85	0.817,0.865,0.847	0.009
3302	"Lyl1"	NA	chrNC_000074.7	+	85429268	85429624	85429268	85429319	85429419	85429624	3302	25,27,26	0,1,0	39,28,13	0,0,0	200	100	1	1.0	1.0,0.931,1.0	1.0,1.0,1.0	-0.023
3303	"Wdr38"	NA	chrNC_000068.8	+	38891305	38891600	38891305	38891440	38891521	38891600	3303	42,45,38	2,0,7	67,19,39	4,0,12	181	100	0.31339774957	0.7740998816537802	0.921,1.0,0.75	0.902,1.0,0.642	0.042
3304	"Brd3os"	NA	chrNC_000068.8	+	27332485	27334233	27332485	27332826	27332923	27334233	3304	220,259,246	6,17,12	261,210,342	28,23,8	197	100	0.0786208603272	0.3528028522245782	0.949,0.886,0.912	0.826,0.823,0.956	0.047
3305	"Brd3os"	NA	chrNC_000068.8	+	27332485	27334233	27332485	27332826	27332939	27334233	3305	232,274,259	79,93,87	265,220,355	145,103,172	213	100	0.00163607480458	0.0327623979617145	0.58,0.58,0.583	0.462,0.501,0.492	0.096
3306	"Metap1d"	NA	chrNC_000068.8	+	71340084	71341904	71340084	71340234	71341755	71341904	3306	946,813,872	67,77,78	1162,1095,932	65,67,62	1621	100	0.011887953558	0.11235694159242478	0.466,0.394,0.408	0.524,0.502,0.481	-0.08
3309	"A930003A15Rik"	NA	chrNC_000082.7	-	19702442	19703024	19702442	19702567	19702673	19703024	3309	1,1,0	1,0,2	0,4,0	0,3,4	206	100	1	1.0	0.327,1.0,0.0	NA,0.393,0.0	0.246
3319	"Gm31559"	NA	chrNC_000075.7	+	116222420	116223493	116222420	116222535	116223225	116223493	3319	20,29,15	2,0,0	21,19,5	2,2,2	790	100	0.000810143288909	0.019370888788540565	0.559,1.0,1.0	0.571,0.546,0.24	0.401
3320	"Gm33622"	NA	chrNC_000068.8	+	168828049	168832602	168828049	168828174	168828371	168832602	3320	1,6,15	0,1,0	0,4,0	0,0,2	297	100	1	1.0	1.0,0.669,1.0	NA,1.0,0.0	0.39
3321	"Adamts10"	NA	chrNC_000083.7	+	33756252	33756917	33756252	33756398	33756873	33756917	3321	131,96,78	64,46,42	120,41,167	53,37,39	575	100	0.621567984398	1.0	0.263,0.266,0.244	0.283,0.162,0.427	-0.033
3322	"Adamts10"	NA	chrNC_000083.7	+	33757041	33757384	33757041	33757147	33757237	33757384	3322	78,37,60	21,12,13	47,44,86	18,14,18	190	100	0.732407402748	1.0	0.662,0.619,0.708	0.579,0.623,0.715	0.024
3324	"Rsbn1"	NA	chrNC_000069.7	+	103869475	103873952	103869475	103869931	103871889	103873952	3324	669,678,638	14,39,25	977,637,764	47,15,55	2058	100	0.54444218488	0.9967958630602971	0.699,0.458,0.554	0.503,0.674,0.403	0.044
3325	"Invs"	NA	chrNC_000070.7	+	48421446	48422149	48421446	48421557	48422052	48422149	3325	352,353,373	14,16,11	381,364,328	11,12,12	595	100	0.519145806946	0.9807997724555731	0.809,0.788,0.851	0.853,0.836,0.821	-0.021
3327	"Rps6kb1"	NA	chrNC_000077.7	-	86407569	86408075	86407569	86407813	86407976	86408075	3327	15,5,11	1,3,2	19,12,14	6,6,3	263	100	0.326023378125	0.791947614490144	0.851,0.388,0.677	0.546,0.432,0.64	0.099
3328	"Rps6kb1"	NA	chrNC_000077.7	-	86407569	86408075	86407569	86407813	86408058	86408075	3328	19,9,21	2,1,0	33,23,17	1,0,1	345	100	0.765505673369	1.0	0.734,0.723,1.0	0.905,1.0,0.831	-0.093
3329	"Gm30141"	NA	chrNC_000068.8	-	150626166	150628614	150626166	150626422	150627890	150628614	3329	18,18,18	1,0,1	23,24,8	2,1,2	1568	100	0.00418759742633	0.058846763833163694	0.534,1.0,0.534	0.423,0.605,0.203	0.279
3330	"Zc3h12b"	NA	chrNC_000086.8	+	94970155	94976262	94970155	94971345	94974668	94976262	3330	712,703,748	1,2,0	751,741,700	0,1,3	3423	100	0.800622837436	1.0	0.954,0.911,1.0	1.0,0.956,0.872	0.012
3331	"Zc3h12b"	NA	chrNC_000086.8	+	94970155	94976262	94970155	94971345	94974958	94976262	3331	776,758,805	1,0,0	809,822,772	0,1,2	3713	100	0.933487497604	1.0	0.954,1.0,1.0	1.0,0.957,0.912	0.028
3332	"Acvr1c"	NA	chrNC_000068.8	-	58157464	58165055	58157464	58162849	58164871	58165055	3332	53,74,31	0,2,0	32,51,169	0,0,0	2122	100	1	1.0	1.0,0.636,1.0	1.0,1.0,1.0	-0.121
3335	"9430053O09Rik"	NA	chrNC_000082.7	-	77216994	77219771	77216994	77217347	77217986	77219771	3335	25,7,32	11,12,9	31,9,32	12,3,5	739	100	0.110159379209	0.4357415444267111	0.235,0.073,0.325	0.259,0.289,0.464	-0.126
3336	"Fcnaos"	NA	chrNC_000068.8	+	25505710	25506191	25505710	25505848	25506014	25506191	3336	0,0,2	0,0,0	2,0,2	2,0,1	266	100	1	1.0	NA,NA,1.0	0.273,NA,0.429	0.649
3338	"Fcnaos"	NA	chrNC_000068.8	+	25506595	25507200	25506595	25506834	25507125	25507200	3338	7,4,2	0,2,0	14,5,6	0,0,0	391	100	0.568370005196	1.0	1.0,0.338,1.0	1.0,1.0,1.0	-0.221
3339	"Fcnaos"	NA	chrNC_000068.8	+	25521206	25521773	25521206	25521312	25521650	25521773	3339	8,1,4	0,0,2	23,1,13	3,1,0	438	100	0.331054673848	0.7963207019587029	1.0,1.0,0.313	0.636,0.186,1.0	0.164
3340	"Elmo3"	NA	chrNC_000074.7	+	106034094	106034349	106034094	106034145	106034226	106034349	3340	28,11,14	32,32,40	12,17,27	72,41,64	181	100	0.118754734042	0.4529644855602	0.326,0.16,0.162	0.084,0.186,0.189	0.063
3341	"Dsel"	NA	chrNC_000067.7	-	111786430	111791370	111786430	111791141	111791236	111791370	3341	212,234,230	4,9,19	193,180,167	3,11,1	195	100	0.0691132857863	0.33249094243138916	0.965,0.93,0.861	0.971,0.894,0.988	-0.032
3342	"Dsel"	NA	chrNC_000067.7	-	111791824	111792648	111791824	111791961	111792125	111792648	3342	69,96,67	70,100,87	99,102,86	52,73,58	264	100	0.000295378759773	0.00986719007181975	0.272,0.267,0.226	0.419,0.346,0.36	-0.12
3346	"Tank"	NA	chrNC_000068.8	+	61480081	61480632	61480081	61480174	61480304	61480632	3346	550,553,565	10,15,9	454,494,444	3,11,10	230	100	0.509393017948	0.9715447869715927	0.96,0.941,0.965	0.985,0.951,0.951	-0.007
3347	"Kcnh7"	NA	chrNC_000068.8	-	62573986	62595114	62573986	62592825	62594914	62595114	3347	16,18,3	1,0,0	7,4,23	0,0,0	2189	100	1	1.0	0.422,1.0,1.0	1.0,1.0,1.0	-0.193
3348	"Kcnh7"	NA	chrNC_000068.8	-	62573986	62595114	62573986	62593220	62594914	62595114	3348	9,17,0	0,2,0	6,0,18	1,0,2	1794	100	1	1.0	1.0,0.321,NA	0.251,NA,0.334	0.368
3349	"Gm34110"	NA	chrNC_000068.8	+	63016504	63022982	63016504	63016593	63022528	63022982	3349	17,10,3	0,1,0	3,18,64	0,0,0	6035	100	1	1.0	1.0,0.142,1.0	1.0,1.0,1.0	-0.286
3351	"Gm34110"	NA	chrNC_000068.8	+	63016504	63023366	63016504	63016593	63022606	63023366	3351	17,11,3	0,3,1	3,19,70	0,0,0	6113	100	4.3513516057e-07	0.0001290989906910589	1.0,0.057,0.047	1.0,1.0,1.0	-0.632
3353	"Gm39751"	NA	chrNC_000068.8	-	4511821	4518477	4511821	4511877	4514086	4518477	3353	0,8,10	0,0,0	6,4,5	1,0,1	2309	100	1	1.0	NA,1.0,1.0	0.206,1.0,0.178	0.539
3355	"Gm39054"	NA	chrNC_000073.7	+	98465337	98467015	98465337	98466251	98466972	98467015	3355	13,6,16	0,2,0	34,5,15	1,2,5	821	100	0.00828669570207	0.09034501177346939	1.0,0.268,1.0	0.805,0.233,0.268	0.321
3358	"Fbxl4"	NA	chrNC_000070.7	+	22422716	22423927	22422716	22422788	22423684	22423927	3358	38,46,44	2,0,0	35,42,37	0,0,0	996	100	1	1.0	0.656,1.0,1.0	1.0,1.0,1.0	-0.115
3360	"Zfp189"	NA	chrNC_000070.7	+	49521175	49521595	49521175	49521251	49521422	49521595	3360	52,72,60	3,0,1	54,77,64	0,3,1	271	100	0.819897706499	1.0	0.865,1.0,0.957	1.0,0.904,0.959	-0.014
3361	"Mapk7"	NA	chrNC_000077.7	-	61384349	61385092	61384349	61384780	61384905	61385092	3361	59,48,33	58,42,38	34,40,68	62,48,72	225	100	0.155673725961	0.5340242162516531	0.311,0.337,0.278	0.196,0.27,0.296	0.055
3362	"Mapk7"	NA	chrNC_000077.7	-	61384422	61385099	61384422	61384759	61384905	61385099	3362	84,60,45	13,4,13	58,59,89	9,3,5	246	100	0.0847945727487	0.3701387072027722	0.724,0.859,0.585	0.724,0.889,0.879	-0.108
3364	"Zfp512b"	NA	chrNC_000068.8	-	181231165	181231974	181231165	181231752	181231845	181231974	3364	226,200,137	31,36,15	170,173,221	39,28,46	193	100	0.0655559616593	0.3238044644753668	0.791,0.742,0.826	0.693,0.762,0.713	0.064
3368	"Chn1"	NA	chrNC_000068.8	-	73467800	73468583	73467800	73467847	73468394	73468583	3368	25,32,40	1,0,0	29,40,54	0,0,1	647	100	1	1.0	0.794,1.0,1.0	1.0,1.0,0.893	-0.033
3369	"Gm40486"	NA	chrNC_000074.7	-	34503440	34504725	34503440	34503770	34504584	34504725	3369	6,0,4	0,0,2	4,4,0	0,0,0	914	100	1	1.0	1.0,NA,0.18	1.0,1.0,NA	-0.41
3370	"Gm40486"	NA	chrNC_000074.7	-	34503440	34504725	34503440	34503770	34504588	34504725	3370	6,0,4	2,0,0	4,4,0	2,1,1	918	100	1	1.0	0.246,NA,1.0	0.179,0.303,0.0	0.462
3371	"Eogt"	NA	chrNC_000072.7	-	97124837	97125219	97124837	97124969	97125151	97125219	3371	250,309,280	0,6,14	367,291,267	29,2,9	282	100	0.0649663721387	0.32271667648433305	1.0,0.948,0.876	0.818,0.981,0.913	0.037
3372	"Gm33669"	NA	chrNC_000067.7	+	181708200	181708859	181708200	181708303	181708395	181708859	3372	2,2,4	0,0,0	3,0,0	0,0,2	192	100	1	1.0	1.0,1.0,1.0	1.0,NA,0.0	0.5
3374	"Phc3"	NA	chrNC_000069.7	-	30990433	30991305	30990433	30990748	30990874	30991305	3374	295,314,276	3,1,7	286,268,257	3,2,5	226	100	0.916067053945	1.0	0.978,0.993,0.946	0.977,0.983,0.958	-0.0
3376	"Hook2"	NA	chrNC_000074.7	+	85724832	85725020	85724832	85724920	85725011	85725020	3376	36,13,15	1,1,0	32,11,61	1,0,3	191	100	1	1.0	0.95,0.872,1.0	0.944,1.0,0.914	-0.012
3377	"Hook2"	NA	chrNC_000074.7	+	85724832	85725020	85724832	85724920	85725014	85725020	3377	38,13,16	0,0,1	32,11,61	3,9,30	194	100	3.73869896153e-08	2.395758294548424e-05	1.0,1.0,0.892	0.846,0.387,0.512	0.382
3378	"Hook2"	NA	chrNC_000074.7	+	85724832	85725153	85724832	85724920	85725118	85725153	3378	42,29,21	39,39,32	34,18,47	56,39,17	298	100	0.796809010916	1.0	0.265,0.2,0.18	0.169,0.134,0.481	-0.046
3379	"Hook2"	NA	chrNC_000074.7	+	85724832	85725153	85724832	85725020	85725118	85725153	3379	23,23,14	4,3,3	17,12,15	6,10,58	198	100	7.74637665616e-05	0.004489504927822555	0.744,0.795,0.702	0.589,0.377,0.116	0.386
3380	"Gigyf1"	NA	chrNC_000071.7	+	137516743	137517015	137516743	137516874	137516949	137517015	3380	21,17,31	7,1,6	53,26,31	0,3,13	175	100	0.40927601653	0.869031516001343	0.632,0.907,0.747	1.0,0.832,0.577	-0.041
3381	"Gigyf1"	NA	chrNC_000071.7	+	137516743	137517248	137516743	137516874	137517139	137517248	3381	48,34,68	65,77,62	76,59,56	74,69,84	365	100	0.411751137852	0.869031516001343	0.168,0.108,0.231	0.22,0.19,0.154	-0.019
3382	"Gigyf1"	NA	chrNC_000071.7	+	137516743	137517248	137516743	137517015	137517139	137517248	3382	31,19,39	7,3,9	27,38,27	5,3,4	224	100	0.186009210747	0.5868392873913176	0.664,0.739,0.659	0.707,0.85,0.751	-0.082
3383	"Gigyf1"	NA	chrNC_000071.7	+	137518808	137519264	137518808	137519062	137519146	137519264	3383	41,37,17	43,59,60	63,46,59	66,41,85	184	100	0.0654913069064	0.3238044644753668	0.341,0.254,0.133	0.342,0.379,0.274	-0.089
3384	"Gigyf1"	NA	chrNC_000071.7	+	137518808	137519264	137518808	137519062	137519149	137519264	3384	41,37,17	2,7,3	63,46,59	3,6,8	187	100	0.737141401646	1.0	0.916,0.739,0.752	0.918,0.804,0.798	-0.038
3385	"Gigyf1"	NA	chrNC_000071.7	+	137523433	137523821	137523433	137523621	137523691	137523821	3385	53,59,67	132,144,154	76,46,115	165,148,163	170	100	0.387028526074	0.8498206233717045	0.191,0.194,0.204	0.213,0.155,0.293	-0.024
3389	"Gm46840"	NA	chrNC_000070.7	+	3247358	3247581	3247358	3247399	3247476	3247581	3389	9,8,13	0,3,0	9,4,18	0,2,4	177	100	0.0534095684277	0.28760379368462313	1.0,0.601,1.0	1.0,0.531,0.718	0.117
3390	"Synm"	NA	chrNC_000073.7	-	67379908	67386654	67379908	67383301	67384207	67386654	3390	450,380,424	118,128,131	458,361,260	236,91,150	1006	100	0.0187172492788	0.1480742387389511	0.275,0.228,0.243	0.162,0.283,0.147	0.051
3391	"Vps33b"	NA	chrNC_000073.7	+	79935303	79935646	79935303	79935378	79935581	79935646	3391	36,15,22	109,103,96	34,43,26	134,122,115	303	100	0.365715810447	0.8254606480808705	0.098,0.046,0.07	0.077,0.104,0.069	-0.012
3393	"Trmt112"	NA	chrNC_000085.7	+	6887065	6887630	6887065	6887223	6887321	6887630	3393	876,1017,1023	6,5,11	1053,934,867	12,6,5	198	100	0.854944116449	1.0	0.987,0.99,0.979	0.978,0.987,0.989	0.001
3396	"Nsg1"	NA	chrNC_000071.7	-	38316220	38317087	38316220	38316375	38316459	38317087	3396	58,35,15	2,1,0	9,14,69	1,2,2	184	100	0.32934244695	0.7930464021544192	0.94,0.95,1.0	0.83,0.792,0.949	0.106
3397	"Nsg1"	NA	chrNC_000071.7	-	38316220	38317087	38316220	38316375	38316642	38317087	3397	105,81,39	12,12,18	29,46,112	7,24,20	367	100	0.364403733622	0.8254606480808705	0.705,0.648,0.371	0.53,0.343,0.604	0.082
3398	"Nsg1"	NA	chrNC_000071.7	-	38316220	38317087	38316220	38316375	38316734	38317087	3398	105,81,39	593,583,382	29,46,112	405,509,1019	459	100	0.00253373436497	0.04373397363212516	0.037,0.029,0.022	0.015,0.019,0.023	0.01
3399	"Bcl2l11"	NA	chrNC_000068.8	+	127970539	127970934	127970539	127970676	127970844	127970934	3399	95,70,40	10,11,11	43,91,47	4,27,12	268	100	0.392809089666	0.8549485607966029	0.78,0.704,0.576	0.8,0.557,0.594	0.036
3400	"Il21"	NA	chrNC_000069.7	-	37276907	37279675	37276907	37279509	37279597	37279675	3400	0,0,1	2,0,0	0,0,0	2,2,0	188	100	1	1.0	0.0,NA,1.0	0.0,0.0,NA	0.5
3401	"Zfp804a"	NA	chrNC_000068.8	+	82086558	82090223	82086558	82089452	82089492	82090223	3401	34,24,12	1,2,0	12,24,75	0,0,2	140	100	0.915162626943	1.0	0.96,0.896,1.0	1.0,1.0,0.964	-0.036
3402	"Uvssa"	NA	chrNC_000071.7	+	33535867	33536669	33535867	33536346	33536569	33536669	3402	29,16,34	10,11,23	37,26,41	26,16,16	323	100	1	1.0	0.473,0.31,0.314	0.306,0.335,0.442	0.005
3403	"Uvssa"	NA	chrNC_000071.7	+	33566152	33566893	33566152	33566324	33566770	33566893	3403	30,38,30	30,58,31	46,20,49	42,30,48	546	100	0.496926988967	0.9618936588509783	0.155,0.107,0.151	0.167,0.109,0.158	-0.007
3404	"Gm45945"	NA	chrNC_000077.7	+	66165937	66169982	66165937	66166042	66166487	66169982	3404	6,15,0	2,2,5	3,7,2	7,5,5	545	100	0.221003855303	0.64372395671892	0.355,0.579,0.0	0.073,0.204,0.068	0.196
3406	"Zfp207"	NA	chrNC_000077.7	+	80286215	80286701	80286215	80286399	80286617	80286701	3406	1711,1621,1631	46,57,52	1384,1631,1276	78,52,94	318	100	0.000247795767961	0.009022018642580044	0.921,0.899,0.908	0.848,0.908,0.81	0.054
3407	"Zfp207"	NA	chrNC_000077.7	+	80293471	80299383	80293471	80293537	80294190	80299383	3407	369,329,308	19,9,12	349,331,474	21,15,17	753	100	0.498519005182	0.9638182852326714	0.721,0.829,0.773	0.688,0.746,0.787	0.034
3408	"Zfp207"	NA	chrNC_000077.7	+	80294190	80294488	80294190	80294234	80294426	80294488	3408	122,108,71	39,34,42	103,105,174	41,39,48	292	100	0.516060389134	0.9778139419850527	0.517,0.521,0.367	0.462,0.48,0.554	-0.03
3409	"Zfp207"	NA	chrNC_000077.7	+	80294426	80296564	80294426	80294488	80295566	80296564	3409	827,601,694	20,30,28	795,686,851	35,27,49	1178	100	0.210241872625	0.632502309756338	0.778,0.63,0.678	0.658,0.683,0.596	0.05
3410	"Zfp239"	NA	chrNC_000072.7	+	117843355	117844000	117843355	117843535	117843781	117844000	3410	2,1,9	0,0,1	6,6,7	0,2,0	346	100	0.72435720717	1.0	1.0,1.0,0.722	1.0,0.464,1.0	0.086
3414	"Pms2"	NA	chrNC_000071.7	+	143878777	143881459	143878777	143878846	143881285	143881459	3414	839,1256,1567	27,58,96	2837,977,1292	144,31,61	2539	100	0.749229542682	1.0	0.55,0.46,0.391	0.437,0.554,0.455	-0.015
3415	"Pms2"	NA	chrNC_000071.7	+	143878777	143881459	143878777	143880269	143881285	143881459	3415	477,711,905	2,2,3	1464,568,723	0,3,0	1116	100	0.163530215226	0.5446474112100873	0.955,0.97,0.964	1.0,0.944,1.0	-0.018
3416	"Ndor1"	NA	chrNC_000068.8	-	25134824	25136607	25134824	25136161	25136343	25136607	3416	147,144,126	3,0,0	147,187,158	2,0,2	282	100	0.845895752511	1.0	0.946,1.0,1.0	0.963,1.0,0.966	0.006
3417	"Ndor1"	NA	chrNC_000068.8	-	25134824	25136607	25134824	25136246	25136343	25136607	3417	104,90,95	1,1,5	112,126,106	7,9,6	197	100	0.00619089616479	0.07688229190692698	0.981,0.979,0.906	0.89,0.877,0.9	0.066
3418	"Ndor1"	NA	chrNC_000068.8	-	25134824	25136817	25134824	25136607	25136691	25136817	3418	118,133,106	9,9,9	120,137,125	6,12,18	184	100	0.450662391984	0.9161943552771167	0.877,0.889,0.865	0.916,0.861,0.791	0.021
3419	"Zrsr2"	NA	chrNC_000086.8	-	162728288	162732249	162728288	162728345	162728433	162732249	3419	6,12,7	0,2,2	8,7,5	0,0,0	188	100	0.086602350587	0.3759809366947805	1.0,0.761,0.651	1.0,1.0,1.0	-0.196
3420	"Trmt9b"	NA	chrNC_000074.7	+	36972705	36975566	36972705	36972815	36975478	36975566	3420	97,137,49	2,0,0	76,75,153	0,1,0	2763	100	1	1.0	0.637,1.0,1.0	1.0,0.731,1.0	-0.031
3421	"Trmt9b"	NA	chrNC_000074.7	+	36972705	36975566	36972705	36972879	36975478	36975566	3421	83,129,48	7,16,3	68,66,145	4,6,12	2699	100	0.504057815187	0.9682261629851007	0.305,0.23,0.372	0.386,0.29,0.309	-0.026
3422	"Cdon"	NA	chrNC_000075.7	+	35409476	35413524	35409476	35409710	35412663	35413524	3422	92,47,73	5,6,11	34,99,51	6,13,3	3053	100	0.73046765045	1.0	0.376,0.204,0.179	0.157,0.2,0.358	0.015
3423	"Srrm4"	NA	chrNC_000071.7	-	116729392	116729882	116729392	116729569	116729747	116729882	3423	51,83,24	0,0,0	29,45,178	0,0,3	278	100	0.46415812043	0.9300579223625515	1.0,1.0,1.0	1.0,1.0,0.955	0.015
3424	"Sft2d2"	NA	chrNC_000067.7	-	165001909	165006864	165001909	165004909	165004939	165006864	3424	222,235,235	17,21,22	318,275,195	17,17,7	130	100	0.0189443436516	0.14913434167008943	0.909,0.896,0.892	0.935,0.926,0.955	-0.04
3426	"Gm33699"	NA	chrNC_000075.7	+	60963153	60963841	60963153	60963248	60963653	60963841	3426	8,2,2	0,0,0	2,8,20	1,0,0	505	100	1	1.0	1.0,1.0,1.0	0.284,1.0,1.0	0.239
3428	"Ddit3"	NA	chrNC_000076.7	+	127129580	127131347	127129580	127129628	127131189	127131347	3428	519,387,507	434,472,391	350,431,482	534,327,427	1661	100	0.351002070459	0.8160981806939261	0.067,0.047,0.072	0.038,0.074,0.064	0.003
3433	"Rufy4"	NA	chrNC_000067.7	+	74163767	74164773	74163767	74164335	74164630	74164773	3433	5,1,2	0,0,1	10,25,3	0,0,0	395	100	1	1.0	1.0,1.0,0.336	1.0,1.0,1.0	-0.221
3434	"Gtf2ird1"	NA	chrNC_000071.7	-	134386514	134387972	134386514	134386747	134387841	134387972	3434	536,386,523	19,31,22	343,620,630	4,24,19	1194	100	0.0363967737771	0.2263373036438372	0.703,0.51,0.666	0.878,0.684,0.735	-0.139
3435	"Gtf2ird1"	NA	chrNC_000071.7	-	134386514	134387972	134386514	134386750	134387841	134387972	3435	523,377,513	171,150,185	331,612,617	116,146,168	1191	100	0.0244545970697	0.17411673113626402	0.204,0.174,0.189	0.193,0.26,0.236	-0.041
3436	"Rab3gap2"	NA	chrNC_000067.7	+	185016043	185018953	185016043	185016245	185018652	185018953	3436	1622,1646,1392	2,1,0	1715,1638,2357	0,3,0	2507	100	1	1.0	0.97,0.985,1.0	1.0,0.956,1.0	-0.0
3437	"Aim2"	NA	chrNC_000067.7	+	173280393	173281879	173280393	173280514	173281789	173281879	3437	18,8,2	0,1,0	2,14,10	0,2,1	1375	100	0.0355103598077	0.22308861338013886	1.0,0.368,1.0	1.0,0.337,0.421	0.203
3438	"Paqr6"	NA	chrNC_000069.7	+	88273188	88273593	88273188	88273391	88273466	88273593	3438	9,11,17	36,81,74	38,10,36	109,77,93	175	100	0.0657035144992	0.3238044644753668	0.125,0.072,0.116	0.166,0.069,0.181	-0.034
3439	"Dusp15"	NA	chrNC_000068.8	-	152782914	152785373	152782914	152784289	152784392	152785373	3439	29,39,19	4,3,2	18,42,46	3,6,5	203	100	0.468392714019	0.9321305936129665	0.781,0.865,0.824	0.747,0.775,0.819	0.043
3440	"Hccs"	NA	chrNC_000086.8	-	168099541	168100143	168099541	168099672	168099991	168100143	3440	52,73,51	0,1,1	59,54,40	2,1,2	419	100	1	1.0	1.0,0.946,0.924	0.876,0.928,0.827	0.08
3441	"Hccs"	NA	chrNC_000086.8	-	168099541	168100143	168099541	168099690	168099991	168100143	3441	20,39,18	165,162,165	34,27,20	179,182,184	401	100	0.83949536133	1.0	0.029,0.057,0.026	0.045,0.036,0.026	0.002
3442	"Gm39859"	NA	chrNC_000068.8	-	75488562	75489281	75488562	75488652	75489133	75489281	3442	12,6,11	2,4,9	17,11,17	6,13,13	581	100	0.584367939023	1.0	0.508,0.205,0.174	0.328,0.127,0.184	0.083
3443	"Gm34032"	NA	chrNC_000082.7	-	31306501	31310845	31306501	31310558	31310739	31310845	3443	2,3,1	0,0,0	2,0,8	1,1,0	281	100	1	1.0	1.0,1.0,1.0	0.416,0.0,1.0	0.528
3447	"Ambra1"	NA	chrNC_000068.8	+	91602635	91604092	91602635	91602782	91603055	91604092	3447	374,402,306	64,70,100	325,338,409	85,59,61	373	100	0.551232421166	0.9971014761755899	0.61,0.606,0.451	0.506,0.606,0.643	-0.029
3448	"Kcnj11"	NA	chrNC_000073.7	-	45746544	45750215	45746544	45749076	45750051	45750215	3448	44,52,23	0,2,0	70,49,171	0,0,5	1075	100	0.0926023934142	0.3903921953935484	1.0,0.707,1.0	1.0,1.0,0.761	-0.018
3449	"Kcnj11"	NA	chrNC_000073.7	-	45746544	45750215	45746544	45749306	45750051	45750215	3449	19,20,7	0,0,0	35,21,58	2,0,8	845	100	2.62407905272e-06	0.000588096540131112	1.0,1.0,1.0	0.674,1.0,0.462	0.288
3450	"Rdh5"	NA	chrNC_000076.7	-	128754121	128755177	128754121	128754466	128755015	128755177	3450	210,152,165	189,139,192	205,194,75	149,227,75	649	100	0.755021537042	1.0	0.146,0.144,0.117	0.175,0.116,0.134	-0.006
3451	"A130051J06Rik"	NA	chrNC_000081.7	-	95685769	95686185	95685769	95685977	95686065	95686185	3451	10,16,18	0,0,2	8,9,10	1,1,0	188	100	1	1.0	1.0,1.0,0.827	0.81,0.827,1.0	0.063
3453	"Dnah7b"	NA	chrNC_000067.7	+	46227848	46230208	46227848	46228294	46230069	46230208	3453	153,126,141	0,6,1	252,100,63	1,0,0	1875	100	0.000726680615628	0.01833295033442608	1.0,0.528,0.883	0.931,1.0,1.0	-0.173
3454	"Zcwpw1"	NA	chrNC_000071.7	+	137796159	137797863	137796159	137796235	137797769	137797863	3454	23,37,37	8,6,10	46,46,75	9,16,18	1634	100	0.980203061727	1.0	0.15,0.274,0.185	0.238,0.15,0.203	0.006
3473	"Xlr3b"	NA	chrNC_000086.8	+	72240958	72241991	72240958	72241076	72241891	72241991	3473	247,185,42	22,28,3	93,51,59	0,3,10	915	100	0.143072509947	0.5081513658261927	0.551,0.419,0.605	1.0,0.65,0.392	-0.156
3475	"C230057M02Rik"	NA	chrNC_000074.7	-	123456509	123461012	123456509	123456633	123460826	123461012	3475	47,90,23	1,1,0	40,32,240	1,0,8	4293	100	0.006377176729	0.07769001612059316	0.523,0.677,1.0	0.482,1.0,0.411	0.102
3476	"C230057M02Rik"	NA	chrNC_000074.7	-	123456509	123461012	123456509	123460498	123460826	123461012	3476	6,13,0	0,4,0	7,0,9	0,0,2	428	100	1	1.0	1.0,0.432,NA	1.0,NA,0.513	-0.04
3477	"C230057M02Rik"	NA	chrNC_000074.7	-	123461747	123462794	123461747	123461795	123462476	123462794	3477	2,3,0	0,1,0	1,2,28	0,0,1	781	100	1	1.0	1.0,0.278,NA	1.0,1.0,0.782	-0.288
3479	"C230057M02Rik"	NA	chrNC_000074.7	-	123461747	123463182	123461747	123461795	123463084	123463182	3479	8,27,0	1,0,0	3,7,53	0,0,0	1389	100	1	1.0	0.365,1.0,NA	1.0,1.0,1.0	-0.318
3480	"C230057M02Rik"	NA	chrNC_000074.7	-	123461747	123463182	123461747	123462794	123463084	123463182	3480	4,8,0	0,4,0	0,2,10	0,1,6	390	100	1	1.0	1.0,0.339,NA	NA,0.339,0.299	0.35
3481	"Scn3b"	NA	chrNC_000075.7	+	40199669	40202914	40199669	40199749	40199839	40202914	3481	37,44,38	109,112,105	42,71,71	116,86,168	190	100	0.0850077313601	0.37056431466361955	0.152,0.171,0.16	0.16,0.303,0.182	-0.054
3482	"Scn3b"	NA	chrNC_000075.7	+	40199669	40202914	40199669	40199749	40200517	40202914	3482	886,1152,1000	42,41,63	1033,928,2049	54,22,27	868	100	0.00661011795066	0.07932141540792	0.708,0.764,0.646	0.688,0.829,0.897	-0.099
3483	"Gm30271"	NA	chrNC_000074.7	-	79927935	79931405	79927935	79928018	79928273	79931405	3483	0,0,0	2,0,0	0,0,1	0,0,0	355	100	1	1.0	0.0,NA,NA	NA,NA,1.0	-1.0
3484	"Lmo2"	NA	chrNC_000068.8	+	103800494	103801057	103800494	103800710	103800837	103801057	3484	10,24,22	4,3,5	8,11,52	3,0,7	227	100	0.383208235239	0.845742481410595	0.524,0.779,0.66	0.54,1.0,0.766	-0.114
3485	"Gm33487"	NA	chrNC_000078.7	-	72474023	72479092	72474023	72474267	72474586	72479092	3485	4,2,3	1,0,0	5,0,2	0,0,0	419	100	1	1.0	0.488,1.0,1.0	1.0,NA,1.0	-0.171
3487	"Arrdc2"	NA	chrNC_000074.7	-	71291622	71292223	71291622	71291689	71291771	71292223	3487	30,19,27	15,14,10	15,28,36	30,6,15	182	100	0.784784305334	1.0	0.524,0.427,0.597	0.216,0.719,0.569	0.015
3488	"Slc46a3"	NA	chrNC_000071.7	-	147815221	147816024	147815221	147815898	147815952	147816024	3488	66,72,63	3,5,8	87,75,66	4,6,14	154	100	0.403142876272	0.8666406320224084	0.935,0.903,0.836	0.934,0.89,0.754	0.032
3490	"Gm34561"	NA	chrNC_000073.7	-	143981025	143981935	143981025	143981143	143981767	143981935	3490	2,4,8	0,0,8	15,2,2	2,1,0	724	100	0.187787160819	0.5892948709736296	1.0,1.0,0.121	0.509,0.216,1.0	0.132
3492	"Celf2"	NA	chrNC_000068.8	-	6544504	6552024	6544504	6550486	6551852	6552024	3492	5110,5417,3862	246,261,249	3559,4596,7363	258,217,251	1466	100	0.60823817153	1.0	0.586,0.586,0.514	0.485,0.591,0.667	-0.019
3493	"Celf2"	NA	chrNC_000068.8	-	6544504	6552024	6544504	6551590	6551852	6552024	3493	1734,1843,1298	12,13,14	1138,1495,2282	14,16,25	362	100	0.126516726568	0.47189708023733645	0.976,0.975,0.962	0.957,0.963,0.962	0.01
3497	"Eqtn"	NA	chrNC_000070.7	-	94795503	94796058	94795503	94795861	94795984	94796058	3497	3,4,4	1,1,1	0,1,6	2,0,2	223	100	0.157112993104	0.5355213084098043	0.574,0.642,0.642	0.0,1.0,0.574	0.095
3498	"Ccdc116"	NA	chrNC_000082.7	-	16956927	16960066	16956927	16957933	16959463	16960066	3498	35,0,6	0,1,0	17,10,60	0,1,1	1630	100	1	1.0	1.0,0.0,1.0	1.0,0.38,0.786	-0.055
3499	"Ccdc116"	NA	chrNC_000082.7	-	16961874	16963837	16961874	16962012	16962853	16963837	3499	2,17,0	0,0,0	2,4,25	0,0,1	941	100	1	1.0	1.0,1.0,NA	1.0,1.0,0.727	0.091
3503	"Accs"	NA	chrNC_000068.8	-	93678261	93680340	93678261	93678534	93680109	93680340	3503	52,51,29	12,19,22	54,50,50	19,20,19	1675	100	0.756874224221	1.0	0.206,0.138,0.073	0.145,0.13,0.136	0.002
3506	"9130024F11Rik"	NA	chrNC_000067.7	+	57010627	57014355	57010627	57010930	57013416	57014355	3506	39,41,36	1,0,0	17,44,71	0,5,1	2586	100	0.000310409997511	0.010148506449237184	0.601,1.0,1.0	1.0,0.254,0.733	0.205
3509	"Lrrfip1"	NA	chrNC_000067.7	+	91004665	91006157	91004665	91004713	91006112	91006157	3509	60,77,36	26,33,9	23,46,157	14,15,78	1499	100	0.400922663145	0.8639369493653827	0.133,0.135,0.211	0.099,0.17,0.118	0.031
3510	"Mga"	NA	chrNC_000068.8	+	119781566	119782445	119781566	119781694	119782300	119782445	3510	8,13,10	0,0,2	16,16,23	6,3,1	706	100	0.00347569533733	0.05279056410653232	1.0,1.0,0.415	0.274,0.43,0.765	0.315
3511	"L3mbtl1"	NA	chrNC_000068.8	+	162786347	162788136	162786347	162786513	162787904	162788136	3511	31,28,3	0,0,0	13,12,73	0,0,5	1491	100	0.00748690523122	0.085756035050091	1.0,1.0,1.0	1.0,1.0,0.495	0.168
3512	"L3mbtl1"	NA	chrNC_000068.8	+	162786347	162789244	162786347	162786513	162788001	162789244	3512	33,31,3	0,3,0	14,12,81	0,0,2	1588	100	0.35601507398	0.8189187432832257	1.0,0.394,1.0	1.0,1.0,0.718	-0.108
3513	"L3mbtl1"	NA	chrNC_000068.8	+	162786347	162789244	162786347	162786513	162789098	162789244	3513	42,74,25	4,6,8	30,28,136	3,4,19	2685	100	0.828383955743	1.0	0.281,0.315,0.104	0.271,0.207,0.21	0.004
3514	"L3mbtl1"	NA	chrNC_000068.8	+	162786347	162789244	162786347	162788136	162789098	162789244	3514	9,39,22	2,0,2	14,15,47	1,1,7	1062	100	0.371685101533	0.8320820562075366	0.298,1.0,0.509	0.569,0.585,0.387	0.089
3515	"L3mbtl1"	NA	chrNC_000068.8	+	162805854	162806498	162805854	162805903	162806346	162806498	3515	45,18,12	0,1,0	13,13,45	0,0,2	543	100	1	1.0	1.0,0.768,1.0	1.0,1.0,0.806	-0.013
3516	"L3mbtl1"	NA	chrNC_000068.8	+	162808465	162809526	162808465	162809369	162809476	162809526	3516	3,14,9	4,8,2	3,6,15	7,2,49	207	100	0.076766173539	0.34998259526459996	0.266,0.458,0.685	0.172,0.592,0.129	0.172
3518	"Tlr8"	NA	chrNC_000086.8	-	166024118	166028845	166024118	166027976	166028664	166028845	3518	31,44,16	0,0,1	23,11,12	0,0,0	788	100	1	1.0	1.0,1.0,0.67	1.0,1.0,1.0	-0.11
3519	"Tubgcp4"	NA	chrNC_000068.8	+	121027215	121029251	121027215	121027351	121028644	121029251	3519	1878,1716,1842	13,17,36	1717,1847,1730	22,17,10	1393	100	0.226474069085	0.6519523066921294	0.912,0.879,0.786	0.849,0.886,0.925	-0.028
3520	"Mtx1"	NA	chrNC_000069.7	-	89119989	89120253	89119989	89120069	89120183	89120253	3520	76,61,59	379,395,366	61,65,104	342,396,368	214	100	0.167122889326	0.5534229295702562	0.086,0.067,0.07	0.077,0.071,0.117	-0.014
3526	"Gm28175"	NA	chrNC_000067.7	+	42334719	42349170	42334719	42335341	42341014	42349170	3526	9,9,3	0,0,0	15,9,45	5,0,1	5773	100	4.43223750812e-07	0.0001290989906910589	1.0,1.0,1.0	0.049,1.0,0.438	0.504
3532	"4930412M03Rik"	NA	chrNC_000077.7	-	60003042	60006058	60003042	60003619	60005520	60006058	3532	7,6,11	5,2,4	8,0,9	3,0,2	2001	100	1	1.0	0.065,0.13,0.121	0.118,NA,0.184	-0.046
3534	"Gabpb1"	NA	chrNC_000068.8	-	126470831	126481264	126470831	126472302	126481129	126481264	3534	42,27,26	8,4,3	45,40,44	3,1,6	8927	100	0.131427970316	0.4823542003350103	0.056,0.07,0.088	0.144,0.309,0.076	-0.105
3535	"Gabpb1"	NA	chrNC_000068.8	-	126470831	126481264	126470831	126472302	126481148	126481264	3535	42,28,27	71,75,92	48,44,49	100,102,102	8946	100	1	1.0	0.007,0.004,0.003	0.005,0.005,0.005	-0.0
3537	"Mpp2"	NA	chrNC_000077.7	-	101978966	101979341	101978966	101979068	101979245	101979341	3537	9,11,4	1,1,0	6,12,35	7,0,3	277	100	0.00471155736243	0.06342785625725092	0.765,0.799,1.0	0.236,1.0,0.808	0.173
3538	"Mpp2"	NA	chrNC_000077.7	-	101978966	101979341	101978966	101979104	101979245	101979341	3538	7,7,4	8,4,1	5,8,26	9,4,11	241	100	0.93161991127	1.0	0.266,0.421,0.624	0.187,0.454,0.495	0.058
3539	"Mpp2"	NA	chrNC_000077.7	-	101978966	101979341	101978966	101979152	101979245	101979341	3539	6,4,3	0,3,0	1,5,18	0,0,6	193	100	0.167023240681	0.5534229295702562	1.0,0.409,1.0	1.0,1.0,0.609	-0.067
3540	"Sf3b1"	NA	chrNC_000067.7	-	55054027	55055649	55054027	55054083	55055534	55055649	3540	2035,2045,1607	11,7,10	2496,2052,3404	5,7,17	1551	100	0.305289641226	0.7628410450566548	0.923,0.95,0.912	0.97,0.95,0.928	-0.021
3541	"Sf3b1"	NA	chrNC_000067.7	-	55054027	55055649	55054027	55055341	55055534	55055649	3541	389,295,326	3,14,2	432,406,681	7,6,22	293	100	0.411927558129	0.869031516001343	0.978,0.878,0.982	0.955,0.958,0.914	0.004
3542	"Itpripl1"	NA	chrNC_000068.8	-	126980688	126984134	126980688	126983646	126983893	126984134	3542	80,28,46	1,1,3	46,81,82	0,0,1	347	100	0.0734731442712	0.344585397040292	0.958,0.89,0.815	1.0,1.0,0.959	-0.099
3543	"Pdcd2l"	NA	chrNC_000073.7	-	33885718	33886418	33885718	33885867	33886215	33886418	3543	37,45,31	0,3,0	56,47,42	0,0,0	448	100	0.722738158629	1.0	1.0,0.77,1.0	1.0,1.0,1.0	-0.077
3544	"Pmpca"	NA	chrNC_000068.8	+	26280506	26280998	26280506	26280589	26280863	26280998	3544	20,32,20	2,1,0	22,26,57	1,1,1	374	100	0.271065579774	0.7171710302195672	0.728,0.895,1.0	0.855,0.874,0.938	-0.015
3554	"Oprl1"	NA	chrNC_000068.8	+	181357482	181359886	181357482	181357739	181359747	181359886	3554	19,15,2	1,3,0	12,20,88	0,2,10	2108	100	0.526520774378	0.9844616198548356	0.474,0.192,1.0	1.0,0.322,0.295	0.016
3560	"Nop56"	NA	chrNC_000068.8	+	130120332	130121228	130120332	130120490	130120816	130121228	3560	106,129,128	2,2,2	210,141,325	4,6,11	426	100	0.0538015320144	0.28769784549673477	0.926,0.938,0.938	0.925,0.847,0.874	0.052
3561	"Slc4a11"	NA	chrNC_000068.8	-	130529290	130529608	130529290	130529404	130529482	130529608	3561	0,3,0	4,5,6	1,4,0	31,11,13	178	100	0.603810549695	1.0	0.0,0.252,0.0	0.018,0.17,0.0	0.021
3562	"Gm31005"	NA	chrNC_000077.7	-	97192156	97193133	97192156	97192548	97193059	97193133	3562	17,17,23	2,1,2	23,27,9	0,1,0	611	100	0.000758109652725	0.01865818192298021	0.582,0.736,0.653	1.0,0.815,1.0	-0.281
3563	"Vps16"	NA	chrNC_000068.8	+	130282150	130282499	130282150	130282282	130282371	130282499	3563	21,18,40	132,96,99	36,38,69	108,111,131	189	100	0.00443704990175	0.06049492717109362	0.078,0.09,0.176	0.15,0.153,0.218	-0.059
3564	"Nrsn2"	NA	chrNC_000068.8	-	152210674	152211843	152210674	152211600	152211681	152211843	3564	1,3,6	0,0,0	17,1,83	0,1,1	181	100	1	1.0	1.0,1.0,1.0	1.0,0.356,0.979	0.222
3567	"Smox"	NA	chrNC_000068.8	+	131362331	131363091	131362331	131362566	131362841	131363091	3567	663,666,622	0,0,0	938,663,873	0,1,0	375	100	1	1.0	1.0,1.0,1.0	1.0,0.994,1.0	0.002
3568	"Smox"	NA	chrNC_000068.8	+	131362331	131363091	131362331	131362566	131362974	131363091	3568	935,938,856	10,25,13	1342,983,1238	30,21,15	508	100	0.751721399407	1.0	0.948,0.881,0.928	0.898,0.902,0.942	0.005
3569	"Il1b"	NA	chrNC_000068.8	-	129211622	129212265	129211622	129211671	129212203	129212265	3569	0,0,0	1,0,1	6,0,0	0,0,0	632	100	1	1.0	0.0,NA,0.0	1.0,NA,NA	-1.0
3571	"Prnd"	NA	chrNC_000068.8	+	131794928	131798051	131794928	131795502	131796710	131798051	3571	29,24,6	2,0,0	22,22,25	0,0,0	1308	100	0.809105243125	1.0	0.526,1.0,1.0	1.0,1.0,1.0	-0.158
3572	"Zbtb18"	NA	chrNC_000067.7	+	177274654	177278330	177274654	177275342	177275454	177278330	3572	591,626,457	200,291,185	532,621,999	186,226,557	212	100	0.737182196379	1.0	0.582,0.504,0.538	0.574,0.564,0.458	0.009
3574	"Zfp661"	NA	chrNC_000068.8	-	127423395	127423995	127423395	127423466	127423778	127423995	3574	17,16,5	0,1,2	17,12,37	1,1,2	412	100	0.83745831049	1.0	1.0,0.795,0.378	0.805,0.744,0.818	-0.065
3575	"Slc50a1"	NA	chrNC_000069.7	-	89177368	89177847	89177368	89177446	89177692	89177847	3575	125,112,112	246,193,193	154,157,211	231,178,192	346	100	0.000221389769249	0.008444438341354714	0.128,0.144,0.144	0.162,0.203,0.241	-0.063
3576	"Slc50a1"	NA	chrNC_000069.7	-	89177368	89177847	89177368	89177446	89177777	89177847	3576	240,206,193	4,4,1	249,249,296	3,0,1	431	100	0.0341536309197	0.21841962767808146	0.933,0.923,0.978	0.951,1.0,0.986	-0.034
3577	"Slc50a1"	NA	chrNC_000069.7	-	89177368	89177847	89177368	89177446	89177822	89177847	3577	240,206,193	0,6,2	249,249,296	4,9,0	476	100	0.38487977815	0.846946984335577	1.0,0.878,0.953	0.929,0.853,1.0	0.016
3578	"Zfp445"	NA	chrNC_000075.7	-	122683771	122686226	122683771	122683882	122686131	122686226	3578	945,707,593	0,2,0	1058,812,1025	2,0,3	2349	100	0.465425384238	0.9316949960324187	1.0,0.938,1.0	0.957,1.0,0.936	0.015
3580	"Fstl4"	NA	chrNC_000077.7	+	53077067	53083277	53077067	53079271	53081182	53083277	3580	269,324,190	5,0,0	168,262,478	0,1,0	2011	100	0.0589534595973	0.30514844030654154	0.728,1.0,1.0	1.0,0.929,1.0	-0.067
3581	"Nr6a1os"	NA	chrNC_000068.8	+	38762986	38767515	38762986	38763066	38763209	38767515	3581	2,0,0	0,0,0	0,0,0	2,0,0	243	100	1	1.0	1.0,NA,NA	0.0,NA,NA	1.0
3583	"Dus1l"	NA	chrNC_000077.7	-	120686302	120687254	120686302	120686549	120686968	120687254	3583	83,83,100	0,4,0	89,109,140	4,1,3	519	100	0.172857310101	0.5657148330578182	1.0,0.8,1.0	0.811,0.955,0.9	0.045
3586	"Retreg2"	NA	chrNC_000067.7	+	75119903	75120119	75119903	75119920	75120012	75120119	3586	23,13,31	0,1,0	25,15,38	3,1,1	192	100	0.0695749902188	0.333959056580074	1.0,0.871,1.0	0.813,0.887,0.952	0.073
3587	"Retreg2"	NA	chrNC_000067.7	+	75123073	75124553	75123073	75123363	75123474	75124553	3587	1430,1731,1384	210,217,194	1527,1471,2020	299,231,286	211	100	0.0776145941246	0.34998259526459996	0.763,0.791,0.772	0.708,0.751,0.77	0.032
3588	"Gm14114"	NA	chrNC_000068.8	-	146677799	146679108	146677799	146678627	146679021	146679108	3588	3,2,1	2,0,0	4,4,5	0,0,0	494	100	0.450976501829	0.9162515611034343	0.233,1.0,1.0	1.0,1.0,1.0	-0.256
3590	"Ccdc30"	NA	chrNC_000070.7	-	119216754	119225214	119216754	119216934	119225006	119225214	3590	208,142,191	7,10,11	301,187,156	16,7,10	8172	100	0.930037213377	1.0	0.267,0.148,0.175	0.187,0.246,0.16	-0.001
3591	"Zfp937"	NA	chrNC_000068.8	+	150080162	150088658	150080162	150080584	150080668	150088658	3591	25,26,20	4,5,1	24,27,27	3,5,4	184	100	0.918441408797	1.0	0.773,0.739,0.916	0.813,0.746,0.786	0.028
3593	"Gm38631"	NA	chrNC_000067.7	+	78697690	78699725	78697690	78698209	78699205	78699725	3593	2,2,6	0,0,1	1,0,2	0,0,0	1096	100	1	1.0	1.0,1.0,0.354	1.0,NA,1.0	-0.215
3594	"Gm38631"	NA	chrNC_000067.7	+	78697690	78699725	78697690	78699368	78699576	78699725	3594	0,0,0	0,0,1	1,0,0	0,0,0	308	100	1	1.0	NA,NA,0.0	1.0,NA,NA	-1.0
3596	"Hps1"	NA	chrNC_000085.7	-	42744696	42746345	42744696	42744779	42745650	42746345	3596	79,75,81	0,3,0	134,106,265	3,3,11	971	100	0.00485964912691	0.06407537367333185	1.0,0.72,1.0	0.821,0.784,0.713	0.134
3597	"Hps1"	NA	chrNC_000085.7	-	42744696	42746345	42744696	42744779	42746103	42746345	3597	128,118,147	0,0,0	203,156,418	0,1,7	1424	100	0.000493461514095	0.013748266879655479	1.0,1.0,1.0	1.0,0.916,0.807	0.092
3598	"Hps1"	NA	chrNC_000085.7	-	42744696	42746345	42744696	42744779	42746231	42746345	3598	137,125,156	83,91,89	212,172,432	104,98,101	1552	100	0.00185738814328	0.03574126411048024	0.096,0.081,0.101	0.116,0.102,0.216	-0.052
3600	"Mmp11"	NA	chrNC_000076.7	-	75759055	75759949	75759055	75759324	75759792	75759949	3600	395,395,540	16,11,11	634,415,361	23,17,11	568	100	0.298714934631	0.7542050146013051	0.813,0.863,0.896	0.829,0.811,0.852	0.027
3603	"Znrf3"	NA	chrNC_000077.7	-	5226328	5232505	5226328	5229761	5230807	5232505	3603	458,395,450	16,17,5	462,351,423	3,13,1	1146	100	0.0320862604946	0.2076856133832291	0.714,0.67,0.887	0.931,0.702,0.974	-0.112
3604	"Gm52507"	NA	chrNC_000068.8	+	33650710	33653717	33650710	33650879	33653592	33653717	3604	9,12,7	1,0,0	6,6,18	0,0,1	2813	100	1	1.0	0.242,1.0,1.0	1.0,1.0,0.39	-0.049
3605	"Speg"	NA	chrNC_000067.7	+	75359780	75360712	75359780	75359823	75360677	75360712	3605	132,113,113	17,11,6	169,121,204	16,14,32	954	100	0.312994022357	0.7740998816537802	0.449,0.518,0.664	0.525,0.475,0.401	0.077
3606	"Speg"	NA	chrNC_000067.7	+	75359780	75360712	75359780	75359823	75360682	75360712	3606	132,115,115	9,25,7	170,123,207	11,18,35	959	100	0.662023864782	1.0	0.605,0.324,0.631	0.617,0.416,0.381	0.049
3607	"Speg"	NA	chrNC_000067.7	+	75394470	75395101	75394470	75394649	75395074	75395101	3607	15,11,21	26,19,15	19,24,18	23,28,42	525	100	0.599361530901	1.0	0.099,0.099,0.211	0.136,0.14,0.075	0.019
3611	"Brpf1"	NA	chrNC_000072.7	+	113298689	113299047	113298689	113298826	113298928	113299047	3611	43,59,39	49,41,62	48,52,45	73,49,66	202	100	0.427840825224	0.8838181844085726	0.303,0.416,0.237	0.246,0.344,0.252	0.038
3612	"Cklf"	NA	chrNC_000074.7	+	104988105	104988913	104988105	104988201	104988799	104988913	3612	65,68,54	4,2,3	96,19,85	8,1,11	698	100	0.0721403214806	0.34161792367477933	0.7,0.83,0.721	0.632,0.731,0.525	0.121
3614	"Gm36500"	NA	chrNC_000079.7	+	34314571	34316226	34314571	34315577	34316134	34316226	3614	26,16,33	7,7,14	27,33,45	18,6,5	657	100	0.376899349101	0.8361050058901869	0.361,0.258,0.264	0.186,0.456,0.578	-0.112
3615	"Csf3r"	NA	chrNC_000070.7	+	125927962	125928368	125927962	125928132	125928214	125928368	3615	0,4,0	0,8,0	0,1,1	11,0,1	182	100	1	1.0	NA,0.216,NA	0.0,1.0,0.355	-0.236
3616	"Mtch1"	NA	chrNC_000083.7	-	29551049	29551752	29551049	29551212	29551634	29551752	3616	6420,6460,5761	182,219,184	5832,6623,9607	187,143,248	522	100	0.080453615031	0.35801858688794996	0.871,0.85,0.857	0.857,0.899,0.881	-0.02
3618	"Vstm5"	NA	chrNC_000075.7	+	15168946	15169417	15168946	15169087	15169310	15169417	3618	0,2,0	0,0,0	6,0,7	0,0,4	323	100	1	1.0	NA,1.0,NA	1.0,NA,0.351	0.325
3619	"Vstm5"	NA	chrNC_000075.7	+	15168946	15170717	15168946	15169417	15169503	15170717	3619	4,2,0	0,0,0	0,0,4	0,0,3	186	100	1	1.0	1.0,1.0,NA	NA,NA,0.418	0.582
3620	"Tti1"	NA	chrNC_000068.8	-	157835273	157837441	157835273	157835478	157837300	157837441	3620	184,151,184	84,72,94	211,234,241	90,68,84	1922	100	0.0204932682598	0.15670721414491715	0.102,0.098,0.092	0.109,0.152,0.13	-0.033
3624	"Itga6"	NA	chrNC_000068.8	+	71617282	71617664	71617282	71617352	71617427	71617664	3624	19,12,22	0,1,1	23,15,14	2,1,0	175	100	1	1.0	1.0,0.873,0.926	0.868,0.896,1.0	0.012
3629	"Gdap1l1"	NA	chrNC_000068.8	+	163295503	163297264	163295503	163296148	163296244	163297264	3629	44,56,31	57,78,58	23,41,118	51,88,212	196	100	0.103505960661	0.41610175402489835	0.283,0.268,0.214	0.187,0.192,0.221	0.055
3630	"Gm30788"	NA	chrNC_000067.7	-	72787623	72789793	72787623	72789367	72789604	72789793	3630	28,9,7	0,2,0	9,18,4	0,0,2	337	100	0.786219213047	1.0	1.0,0.572,1.0	1.0,1.0,0.372	0.067
3631	"Pnisr"	NA	chrNC_000070.7	+	21873585	21876475	21873585	21874672	21874912	21876475	3631	607,384,477	137,169,126	650,621,669	171,151,271	340	100	0.993708903851	1.0	0.566,0.401,0.527	0.528,0.547,0.421	-0.001
3632	"Ost4"	NA	chrNC_000071.7	-	31064742	31065132	31064742	31064880	31065008	31065132	3632	1162,1082,1163	1496,1360,1422	782,1249,877	1625,1621,1177	228	100	0.0320227195695	0.2076856133832291	0.254,0.259,0.264	0.174,0.253,0.246	0.035
3633	"Slc5a6"	NA	chrNC_000071.7	-	31204973	31205423	31204973	31205143	31205309	31205423	3633	1,0,4	7,11,7	2,4,8	22,18,11	266	100	0.199124890992	0.6105226322855196	0.051,0.0,0.177	0.033,0.077,0.215	-0.032
3634	"Gm34312"	NA	chrNC_000072.7	+	87575219	87575893	87575219	87575334	87575510	87575893	3634	4,8,4	1,2,1	6,7,0	1,7,0	276	100	1	1.0	0.592,0.592,0.592	0.685,0.266,NA	0.116
3635	"Fndc4"	NA	chrNC_000071.7	-	31449588	31450830	31449588	31450508	31450757	31450830	3635	373,520,425	79,90,84	484,390,800	142,82,171	349	100	0.101440170259	0.41193194614681367	0.575,0.623,0.592	0.494,0.577,0.573	0.049
3636	"Zfp668"	NA	chrNC_000073.7	-	127472944	127473930	127472944	127473095	127473848	127473930	3636	45,39,35	0,6,1	42,39,73	0,1,0	853	100	0.000246759042137	0.009022018642580044	1.0,0.432,0.804	1.0,0.821,1.0	-0.195
3637	"Zfp668"	NA	chrNC_000073.7	-	127472944	127473930	127472944	127473099	127473848	127473930	3637	45,39,35	4,1,0	42,39,73	0,1,1	849	100	0.0137618133462	0.12490892340290312	0.57,0.821,1.0	1.0,0.821,0.896	-0.109
3640	"Map4k2"	NA	chrNC_000085.7	+	6391773	6391997	6391773	6391864	6391932	6391997	3640	30,27,18	48,40,31	33,28,27	52,59,64	168	100	0.305147887892	0.7628410450566548	0.271,0.287,0.257	0.274,0.22,0.201	0.04
3642	"Phf20l1"	NA	chrNC_000081.7	+	66494609	66495948	66494609	66494666	66495609	66495948	3642	119,63,100	8,16,6	127,126,139	11,9,16	1043	100	0.694636460256	1.0	0.588,0.274,0.615	0.525,0.573,0.454	-0.025
3643	"Phf20l1"	NA	chrNC_000081.7	+	66494609	66495948	66494609	66494666	66495840	66495948	3643	173,103,149	45,21,50	155,171,198	21,37,37	1274	100	0.0261922863196	0.18027599709236136	0.232,0.278,0.19	0.367,0.266,0.296	-0.076
3644	"Phf20l1"	NA	chrNC_000081.7	+	66495609	66495948	66495609	66495732	66495840	66495948	3644	40,26,34	16,17,11	20,40,45	18,8,14	208	100	0.741222685339	1.0	0.546,0.424,0.598	0.348,0.706,0.607	-0.031
3645	"Fam53a"	NA	chrNC_000071.7	-	33765674	33767830	33765674	33765833	33767775	33767830	3645	39,21,16	2,0,1	32,28,50	0,1,4	2042	100	0.826642187764	1.0	0.488,1.0,0.439	1.0,0.578,0.38	-0.01
3648	"Tacc3"	NA	chrNC_000071.7	+	33829069	33829542	33829069	33829129	33829325	33829542	3648	36,7,20	55,70,43	34,35,40	46,48,38	296	100	0.000371314196043	0.011550394991473515	0.181,0.033,0.136	0.2,0.198,0.262	-0.103
3649	"Ctu2"	NA	chrNC_000074.7	+	123208209	123208486	123208209	123208268	123208334	123208486	3649	34,25,14	55,62,53	10,23,55	28,53,71	166	100	0.298716031064	0.7542050146013051	0.271,0.195,0.137	0.177,0.207,0.318	-0.033
3650	"Pigg"	NA	chrNC_000071.7	+	108483969	108484427	108483969	108484088	108484227	108484427	3650	190,195,169	20,12,9	198,153,121	6,10,22	239	100	0.807129808421	1.0	0.799,0.872,0.887	0.932,0.865,0.697	0.021
3651	"Grm7"	NA	chrNC_000072.7	+	111479107	111485155	111479107	111483747	111484484	111485155	3651	86,109,42	1,5,1	51,96,145	0,1,2	837	100	0.0371019788579	0.22904574231350983	0.911,0.723,0.834	1.0,0.92,0.897	-0.116
3652	"Grm7"	NA	chrNC_000072.7	+	111479107	111485386	111479107	111484603	111485264	111485386	3652	48,81,21	4,4,5	38,55,94	4,4,1	761	100	0.227540506292	0.6520706134888794	0.612,0.727,0.356	0.555,0.644,0.925	-0.143
3653	"Grm7"	NA	chrNC_000072.7	+	111479107	111485386	111479107	111485155	111485264	111485386	3653	12,21,8	1,11,0	4,13,23	0,2,7	209	100	0.925727229816	1.0	0.852,0.477,1.0	1.0,0.757,0.611	-0.013
3654	"Zbtb49"	NA	chrNC_000071.7	-	38357592	38361001	38357592	38358657	38360839	38361001	3654	117,136,99	35,19,11	103,166,165	26,26,34	2282	100	0.672383286951	1.0	0.128,0.239,0.283	0.148,0.219,0.175	0.036
3655	"Zbtb49"	NA	chrNC_000071.7	-	38369189	38370645	38369189	38369432	38370515	38370645	3655	51,43,23	2,0,0	52,49,84	1,0,0	1183	100	1	1.0	0.683,1.0,1.0	0.815,1.0,1.0	-0.044
3656	"C1qtnf6"	NA	chrNC_000081.7	-	78407545	78409598	78407545	78409387	78409553	78409598	3656	562,539,590	9,1,7	583,556,353	3,2,8	266	100	0.636816888003	1.0	0.959,0.995,0.969	0.986,0.991,0.943	0.001
3660	"Utp25"	NA	chrNC_000067.7	-	192797146	192800011	192797146	192797329	192799808	192800011	3660	128,118,129	50,28,44	132,110,166	19,45,34	2579	100	0.112157375416	0.4393059056636479	0.09,0.14,0.102	0.212,0.087,0.159	-0.042
3661	"Bod1l"	NA	chrNC_000071.7	-	41973550	41979503	41973550	41973754	41974342	41979503	3661	455,542,559	22,12,11	592,473,416	21,8,9	688	100	0.58149388375	1.0	0.75,0.868,0.881	0.804,0.896,0.87	-0.024
3662	"Acvr2b"	NA	chrNC_000075.7	+	119257266	119257634	119257266	119257418	119257490	119257634	3662	2,0,3	10,11,13	12,2,3	18,8,3	172	100	0.00436687599382	0.059792609761535394	0.104,0.0,0.118	0.279,0.127,0.368	-0.184
3663	"Acvr2b"	NA	chrNC_000075.7	+	119262332	119271200	119262332	119263240	119263824	119271200	3663	51,51,27	0,0,0	62,33,66	0,4,0	684	100	0.182306597334	0.5841022156895381	1.0,1.0,1.0	1.0,0.547,1.0	0.151
3664	"Golga1"	NA	chrNC_000068.8	-	38906167	38908501	38906167	38907926	38908350	38908501	3664	496,511,531	4,7,3	443,521,391	4,9,3	524	100	0.490589513714	0.9562375472551349	0.959,0.933,0.971	0.955,0.917,0.961	0.01
3665	"Golga1"	NA	chrNC_000068.8	-	38906174	38909088	38906174	38908501	38909001	38909088	3665	69,88,50	94,92,70	96,99,131	60,97,69	600	100	0.00017580019807	0.007510184461550401	0.109,0.138,0.106	0.211,0.145,0.24	-0.081
3667	"Gas8"	NA	chrNC_000074.7	+	124259991	124263394	124259991	124260057	124263111	124263394	3667	545,343,590	231,210,288	712,553,601	253,223,201	3154	100	0.00232356168939	0.041359398071142	0.07,0.049,0.061	0.082,0.073,0.087	-0.021
3669	"Tube1"	NA	chrNC_000076.7	+	39025454	39034631	39025454	39029315	39034497	39034631	3669	32,17,11	1,0,1	46,8,40	0,0,0	5282	100	0.340319237938	0.8058362047535291	0.377,1.0,0.172	1.0,1.0,1.0	-0.484
3670	"Tube1"	NA	chrNC_000076.7	+	39034497	39035863	39034497	39034631	39035653	39035863	3670	2,0,4	2,0,1	3,4,2	0,0,0	1122	100	1	1.0	0.082,NA,0.263	1.0,1.0,1.0	-0.828
3671	"Pex11b"	NA	chrNC_000069.7	+	96550890	96552697	96550890	96551331	96551751	96552697	3671	839,954,893	33,45,38	985,1026,900	29,25,53	520	100	0.336700572975	0.8047236281900103	0.83,0.803,0.819	0.867,0.888,0.766	-0.023
3672	"Fmo2"	NA	chrNC_000067.7	-	162725742	162726062	162725742	162725880	162725962	162726062	3672	6,1,4	0,0,0	2,0,0	0,0,2	182	100	1	1.0	1.0,1.0,1.0	1.0,NA,0.0	0.5
3673	"Tmem44"	NA	chrNC_000082.7	-	30368210	30369396	30368210	30368275	30369180	30369396	3673	283,208,205	9,25,18	202,313,362	22,11,26	1005	100	0.822772535483	1.0	0.758,0.453,0.531	0.477,0.739,0.581	-0.018
3674	"Tmem44"	NA	chrNC_000082.7	-	30368210	30369396	30368210	30368279	30369180	30369396	3674	282,208,204	14,14,7	200,312,360	8,12,7	1001	100	0.101718993157	0.4120307919273983	0.668,0.597,0.744	0.714,0.722,0.837	-0.088
3676	"Cyp4f18"	NA	chrNC_000074.7	-	72754931	72756376	72754931	72754985	72756231	72756376	3676	2,2,4	1,0,6	2,0,2	1,3,1	1346	100	0.308791291077	0.7671505551174698	0.129,1.0,0.047	0.129,0.0,0.129	0.306
3680	"Sec62"	NA	chrNC_000069.7	+	30872648	30875412	30872648	30873085	30873724	30875412	3680	9461,9188,9760	60,62,87	10155,9493,8877	84,75,85	739	100	0.216446626379	0.6393883238281987	0.955,0.953,0.938	0.942,0.945,0.934	0.008
3681	"Emc10"	NA	chrNC_000073.7	-	44139546	44140791	44139546	44140394	44140586	44140791	3681	265,223,268	366,355,386	268,257,252	501,431,372	292	100	0.21673359778	0.6393883238281987	0.199,0.177,0.192	0.155,0.17,0.188	0.018
3682	"Ubl5"	NA	chrNC_000075.7	+	20556488	20556785	20556488	20556551	20556701	20556785	3682	159,130,187	131,180,161	173,157,184	142,137,112	250	100	0.059503538103	0.30700376180678257	0.327,0.224,0.317	0.328,0.314,0.397	-0.057
3683	"Ubl5"	NA	chrNC_000075.7	+	20556488	20556785	20556488	20556555	20556701	20556785	3683	104,73,106	3793,4065,4069	98,85,98	4223,3931,3860	246	100	0.836047984316	1.0	0.011,0.007,0.01	0.009,0.009,0.01	0.0
3685	"Birc2"	NA	chrNC_000075.7	-	7833505	7837121	7833505	7835380	7836226	7837121	3685	63,75,93	0,1,0	87,67,77	3,3,0	946	100	0.00203917950181	0.037985646068600235	1.0,0.888,1.0	0.754,0.702,1.0	0.144
3686	"Birc2"	NA	chrNC_000075.7	-	7833505	7837121	7833505	7835380	7836990	7837121	3686	185,154,188	35,35,42	193,161,156	53,24,59	1710	100	0.294811743736	0.7472917934573924	0.236,0.205,0.207	0.176,0.282,0.134	0.019
3687	"Gm4983"	NA	chrNC_000078.7	+	18111968	18113828	18111968	18112439	18113722	18113828	3687	9,17,9	0,0,0	52,3,198	2,0,1	1383	100	1	1.0	1.0,1.0,1.0	0.653,1.0,0.935	0.137
3691	"Zbtb21"	NA	chrNC_000082.7	-	97747042	97753209	97747042	97752069	97752669	97753209	3691	327,298,290	43,43,44	292,222,234	49,44,43	700	100	0.10814303516	0.43095806548835824	0.521,0.497,0.485	0.46,0.419,0.437	0.062
3692	"Zbtb21"	NA	chrNC_000082.7	-	97747042	97754293	97747042	97752069	97754127	97754293	3692	1175,1169,1185	15,34,19	1331,1199,1304	21,26,32	2158	100	0.69549755418	1.0	0.784,0.614,0.743	0.746,0.681,0.654	0.02
3693	"Zbtb21"	NA	chrNC_000082.7	-	97747042	97754293	97747042	97753209	97754127	97754293	3693	519,602,612	0,3,2	699,677,734	4,0,3	1018	100	0.631169131248	1.0	1.0,0.952,0.968	0.945,1.0,0.96	0.005
3697	"Guf1"	NA	chrNC_000071.7	+	69724693	69725840	69724693	69724833	69725738	69725840	3697	499,437,400	5,6,1	712,441,863	5,7,9	1005	100	0.53144876556	0.9880295275232018	0.909,0.879,0.975	0.934,0.862,0.905	0.021
3699	"Mfsd10"	NA	chrNC_000071.7	-	34794270	34794502	34794270	34794314	34794442	34794502	3699	164,192,179	1,0,2	263,217,198	1,0,0	228	100	1	1.0	0.986,1.0,0.975	0.991,1.0,1.0	-0.01
3701	"Zfp715"	NA	chrNC_000073.7	-	42960454	42962521	42960454	42960674	42962417	42962521	3701	396,262,407	5,0,0	307,413,311	2,4,0	1843	100	0.723566541266	1.0	0.811,1.0,1.0	0.893,0.849,1.0	0.023
3702	"Tardbp"	NA	chrNC_000070.7	-	148696838	148702162	148696838	148701301	148702022	148702162	3702	3579,3236,3880	261,271,265	3300,3815,3063	231,224,258	821	100	0.546291652366	0.9971014761755899	0.626,0.593,0.641	0.635,0.675,0.591	-0.014
3703	"Tardbp"	NA	chrNC_000070.7	-	148696838	148703248	148696838	148702092	148703103	148703248	3703	4738,4221,4786	2,0,5	4390,4997,4435	0,0,2	1111	100	1	1.0	0.995,1.0,0.989	1.0,1.0,0.995	-0.004
3704	"Tardbp"	NA	chrNC_000070.7	-	148696838	148703248	148696838	148702162	148703103	148703248	3704	4194,3703,4216	18,5,12	3867,4473,3922	17,16,4	1041	100	0.848543244826	1.0	0.957,0.986,0.971	0.956,0.964,0.989	0.002
3705	"Tardbp"	NA	chrNC_000070.7	-	148696838	148703248	148696838	148702092	148703121	148703248	3705	4808,4274,4849	31,18,23	4462,5067,4483	31,17,22	1129	100	0.875763626561	1.0	0.932,0.955,0.949	0.927,0.964,0.948	-0.001
3706	"Tardbp"	NA	chrNC_000070.7	-	148696838	148703248	148696838	148702162	148703121	148703248	3706	4264,3756,4279	68,67,56	3939,4543,3970	78,77,70	1059	100	0.235932017129	0.6621191913135434	0.856,0.841,0.878	0.827,0.848,0.843	0.019
3707	"Tardbp"	NA	chrNC_000070.7	-	148696838	148703248	148696838	148702092	148703130	148703248	3707	4929,4392,4966	0,2,3	4576,5183,4587	3,7,1	1138	100	1	1.0	1.0,0.995,0.993	0.993,0.985,0.998	0.004
3708	"Tardbp"	NA	chrNC_000070.7	-	148696838	148703248	148696838	148702162	148703130	148703248	3708	4385,3874,4396	56,42,55	4053,4659,4074	77,50,32	1068	100	0.884476619288	1.0	0.88,0.896,0.882	0.831,0.897,0.923	0.002
3709	"Tardbp"	NA	chrNC_000070.7	-	148702022	148703248	148702022	148702191	148703194	148703248	3709	4743,4233,4762	0,0,4	4426,5039,4396	1,0,0	1103	100	1	1.0	1.0,1.0,0.991	0.998,1.0,1.0	-0.002
3710	"Tardbp"	NA	chrNC_000070.7	-	148709581	148709833	148709581	148709626	148709717	148709833	3710	1184,1110,1167	17,13,3	1256,1226,1089	25,26,25	191	100	0.000139038347555	0.006456215442988695	0.973,0.978,0.995	0.963,0.961,0.958	0.021
3711	"Aasdh"	NA	chrNC_000071.7	-	77021505	77024269	77021505	77021744	77021995	77024269	3711	17,6,19	0,0,0	35,22,26	1,0,0	351	100	1	1.0	1.0,1.0,1.0	0.909,1.0,1.0	0.03
3713	"Aasdh"	NA	chrNC_000071.7	-	77021505	77025505	77021505	77024269	77025373	77025505	3713	135,82,79	7,22,26	128,123,143	35,20,31	1204	100	0.610333828319	1.0	0.616,0.236,0.202	0.233,0.338,0.277	0.069
3714	"Aasdh"	NA	chrNC_000071.7	-	77021505	77025835	77021505	77025505	77025673	77025835	3714	15,24,26	3,1,2	45,44,35	4,1,0	268	100	0.21273427618	0.6331565870671421	0.651,0.9,0.829	0.808,0.943,1.0	-0.124
3716	"Paics"	NA	chrNC_000071.7	+	77099148	77099682	77099148	77099248	77099615	77099682	3716	384,361,334	14,8,6	301,377,351	8,5,5	467	100	0.175621955236	0.5706822967303691	0.855,0.906,0.923	0.89,0.942,0.938	-0.029
3717	"Paics"	NA	chrNC_000071.7	+	77099148	77099682	77099148	77099252	77099615	77099682	3717	384,361,334	1,0,2	301,377,351	1,5,1	463	100	0.241883382632	0.669430335101658	0.988,1.0,0.973	0.985,0.942,0.987	0.016
3718	"Paics"	NA	chrNC_000071.7	+	77099148	77099682	77099148	77099515	77099615	77099682	3718	328,320,301	15,10,13	268,342,315	30,14,12	200	100	0.0764244046229	0.34998259526459996	0.916,0.941,0.92	0.817,0.924,0.929	0.036
3719	"Hopx"	NA	chrNC_000071.7	-	77242712	77243114	77242712	77242869	77242997	77243114	3719	350,241,272	2691,2303,2227	155,419,252	2467,3091,2494	228	100	0.0510928519793	0.2784039077239408	0.054,0.044,0.051	0.027,0.056,0.042	0.008
3720	"Brms1l"	NA	chrNC_000078.7	+	55914946	55916521	55914946	55915190	55915281	55916521	3720	288,243,310	14,10,11	286,292,319	11,7,5	191	100	0.0727821098995	0.3424286051659295	0.915,0.927,0.937	0.932,0.956,0.971	-0.027
3722	"Sema4g"	NA	chrNC_000085.7	+	44989606	44991836	44989606	44990657	44990785	44991836	3722	138,162,151	64,70,85	284,155,381	105,102,186	228	100	0.973716669786	1.0	0.486,0.504,0.438	0.543,0.4,0.473	0.004
3723	"Cimip2b"	NA	chrNC_000070.7	-	43427019	43427839	43427019	43427710	43427787	43427839	3723	13,41,49	40,84,116	75,10,38	277,58,126	177	100	0.00866900962812	0.09289467173410194	0.155,0.216,0.193	0.133,0.089,0.146	0.065
3724	"Snrnp70"	NA	chrNC_000073.7	-	45030140	45032608	45030140	45030242	45031248	45032608	3724	5750,4698,4438	69,57,43	4579,5794,7117	60,48,75	1106	100	0.590079439323	1.0	0.883,0.882,0.903	0.873,0.916,0.896	-0.006
3725	"Leng8"	NA	chrNC_000073.7	+	4146257	4146696	4146257	4146308	4146417	4146696	3725	146,97,135	25,44,52	148,141,182	73,35,31	209	100	0.69276402118	1.0	0.736,0.513,0.554	0.492,0.658,0.737	-0.028
3726	"Leng8"	NA	chrNC_000073.7	+	4148264	4151172	4148264	4148472	4149939	4151172	3726	8610,7471,7669	130,96,99	10446,9248,11124	97,103,97	1567	100	0.0027028177331	0.04510327092110625	0.809,0.832,0.832	0.873,0.851,0.88	-0.044
3727	"Gng2"	NA	chrNC_000080.7	-	20027025	20027317	20027025	20027065	20027213	20027317	3727	33,74,21	3,5,1	44,23,192	5,5,15	248	100	0.236205441845	0.6621191913135434	0.816,0.856,0.894	0.78,0.65,0.838	0.099
3728	"Msh5"	NA	chrNC_000083.7	-	35264905	35265363	35264905	35265029	35265206	35265363	3728	18,8,12	1,4,13	12,5,6	5,7,5	277	100	0.258922421213	0.6947968488831257	0.867,0.419,0.25	0.464,0.205,0.302	0.188
3729	"Msh5"	NA	chrNC_000083.7	-	35264905	35265363	35264905	35265029	35265241	35265363	3729	22,12,15	0,0,0	17,10,7	4,0,0	312	100	0.151942767475	0.5251614099135922	1.0,1.0,1.0	0.577,1.0,1.0	0.141
3732	"Rufy3"	NA	chrNC_000071.7	+	88730923	88732176	88730923	88731813	88731988	88732176	3732	369,388,290	15,22,17	252,355,590	25,9,75	275	100	0.064263418138	0.3204749506338476	0.899,0.865,0.861	0.786,0.935,0.741	0.054
3733	"Asphd2"	NA	chrNC_000071.7	-	112541325	112542758	112541325	112541449	112542583	112542758	3733	196,174,167	0,1,2	176,213,438	1,0,7	1234	100	0.0884611036827	0.38249578434463	1.0,0.934,0.871	0.934,1.0,0.835	0.012
3734	"Marchf8"	NA	chrNC_000072.7	+	116314982	116315451	116314982	116315176	116315346	116315451	3734	203,200,223	6,12,17	157,244,174	26,4,22	270	100	0.153416449166	0.5285444119654452	0.926,0.861,0.829	0.691,0.958,0.746	0.074
3735	"Actr3"	NA	chrNC_000067.7	-	125363021	125363464	125363021	125363194	125363386	125363464	3735	675,639,534	18,28,24	623,655,981	28,15,43	292	100	0.90752683212	1.0	0.928,0.887,0.884	0.884,0.937,0.887	-0.003
3736	"Actr3"	NA	chrNC_000067.7	-	125363021	125363464	125363021	125363194	125363389	125363464	3736	675,639,534	20,18,33	623,655,981	24,18,35	295	100	0.527175433861	0.9848805190032909	0.92,0.923,0.846	0.898,0.925,0.905	-0.013
3737	"Sirt5"	NA	chrNC_000079.7	+	43538973	43540152	43538973	43539089	43539209	43540152	3737	19,17,15	4,6,6	14,18,14	5,10,7	220	100	0.275174865365	0.722672351335623	0.683,0.563,0.532	0.56,0.45,0.476	0.097
3739	"Prmt1"	NA	chrNC_000073.7	-	44633158	44633557	44633158	44633299	44633499	44633557	3739	13,27,27	34,29,19	9,16,14	21,11,26	300	100	0.553339040115	0.9976917751989083	0.113,0.237,0.321	0.125,0.327,0.152	0.022
3740	"Ercc8"	NA	chrNC_000079.7	+	108320258	108320456	108320258	108320273	108320356	108320456	3740	44,55,59	4,8,6	74,64,81	0,0,8	183	100	0.00408863081882	0.0582221028599968	0.857,0.79,0.843	1.0,1.0,0.847	-0.119
3741	"Miip"	NA	chrNC_000070.7	-	147946894	147947406	147946894	147947024	147947353	147947406	3741	315,275,368	41,42,41	513,356,435	56,36,43	429	100	0.141800816367	0.505935206725911	0.642,0.604,0.677	0.681,0.697,0.702	-0.052
3742	"Fbxl18"	NA	chrNC_000071.7	-	142871293	142872837	142871293	142871582	142871721	142872837	3742	186,186,143	4,2,0	132,166,184	2,6,6	239	100	0.0255682010779	0.17693416037492787	0.951,0.975,1.0	0.965,0.92,0.928	0.038
3743	"Icam4"	NA	chrNC_000075.7	+	20941232	20941892	20941232	20941538	20941677	20941892	3743	10,11,8	0,4,0	9,13,14	3,2,7	239	100	0.0466421329761	0.2649651275453989	1.0,0.535,1.0	0.557,0.731,0.456	0.264
3747	"Gm33050"	NA	chrNC_000071.7	-	96595305	96605637	96595305	96604632	96605486	96605637	3747	0,10,5	1,20,13	16,0,12	24,2,15	954	100	0.188447097565	0.5905517981937891	0.0,0.05,0.039	0.065,0.0,0.077	-0.018
3751	"Man2c1"	NA	chrNC_000075.7	+	57041416	57042551	57041416	57041520	57042373	57042551	3751	231,148,195	3,3,0	169,199,317	1,4,7	953	100	0.174808259805	0.56949468096	0.89,0.838,1.0	0.947,0.839,0.826	0.039
3753	"Gabrg2"	NA	chrNC_000077.7	-	41891053	41891684	41891053	41891097	41891359	41891684	3753	128,140,59	3,2,2	47,171,381	0,3,7	362	100	0.618018552454	1.0	0.922,0.951,0.891	1.0,0.94,0.938	-0.038
3754	"Gabrg2"	NA	chrNC_000077.7	-	41891053	41891684	41891053	41891097	41891482	41891684	3754	144,177,59	1,3,0	55,188,426	0,7,6	485	100	0.0578052558803	0.30120841639654244	0.967,0.924,1.0	1.0,0.847,0.936	0.036
3755	"Tk2"	NA	chrNC_000074.7	-	104953325	104954983	104953325	104954745	104954835	104954983	3755	316,241,268	6,10,15	339,265,273	12,7,15	190	100	0.904052341475	1.0	0.965,0.927,0.904	0.937,0.952,0.905	0.001
3760	"Hnrnpd"	NA	chrNC_000071.7	-	100103793	100110063	100103793	100109192	100109956	100110063	3760	306,203,375	15,30,19	473,305,216	21,27,14	864	100	0.641434577461	1.0	0.702,0.439,0.696	0.723,0.567,0.641	-0.031
3761	"Hnrnpdl"	NA	chrNC_000071.7	-	100181435	100183598	100181435	100182843	100183493	100183598	3761	1569,1258,1494	56,64,108	2078,1666,1946	92,88,79	750	100	0.410983109754	0.869031516001343	0.789,0.724,0.648	0.751,0.716,0.767	-0.024
3762	"Myo9b"	NA	chrNC_000074.7	+	71811968	71813357	71811968	71812096	71812201	71813357	3762	197,151,149	13,2,2	163,154,108	7,9,8	205	100	0.112490217843	0.4400716214517363	0.881,0.974,0.973	0.919,0.893,0.868	0.049
3763	"Myo9b"	NA	chrNC_000074.7	+	71811968	71813357	71811968	71812096	71812307	71813357	3763	426,351,350	27,21,36	394,369,234	71,40,19	311	100	0.0120279975689	0.11334618885516352	0.835,0.843,0.758	0.641,0.748,0.798	0.083
3764	"Tmem150c"	NA	chrNC_000071.7	-	100225730	100227920	100225730	100225912	100227013	100227920	3764	759,838,329	1,0,0	335,792,1718	1,1,5	1201	100	0.424290804939	0.880826878846539	0.984,1.0,1.0	0.965,0.985,0.966	0.023
3765	"Rfx1"	NA	chrNC_000074.7	+	84789786	84793677	84789786	84793106	84793292	84793677	3765	224,274,337	1,0,3	281,313,205	1,1,1	286	100	1	1.0	0.987,1.0,0.975	0.99,0.991,0.986	-0.002
3770	"Fez1"	NA	chrNC_000075.7	+	36733186	36733671	36733186	36733373	36733639	36733671	3770	20,23,27	0,2,0	37,20,32	1,0,1	366	100	1	1.0	1.0,0.759,1.0	0.91,1.0,0.897	-0.016
3774	"Ggact"	NA	chrNC_000080.7	-	123128271	123129228	123128271	123128493	123129020	123129228	3774	2196,2356,2208	7,20,18	2409,2490,2105	22,10,6	627	100	0.37629599276	0.8360973375887933	0.98,0.949,0.951	0.946,0.975,0.982	-0.008
3780	"Peak1os"	NA	chrNC_000075.7	+	56150408	56157053	56150408	56152313	56156957	56157053	3780	10,2,9	0,0,0	6,0,16	0,0,1	4744	100	1	1.0	1.0,1.0,1.0	1.0,NA,0.252	0.374
3781	"Rgs22"	NA	chrNC_000081.7	-	36009637	36010483	36009637	36009760	36010433	36010483	3781	25,53,82	21,34,33	210,37,101	83,19,44	773	100	0.130665171154	0.48217415573201844	0.133,0.168,0.243	0.247,0.201,0.229	-0.044
3785	"Thoc2l"	NA	chrNC_000071.7	+	104672124	104673838	104672124	104672162	104673683	104673838	3785	90,45,57	7,6,13	128,82,117	3,14,25	1621	100	0.602031977325	1.0	0.442,0.316,0.213	0.725,0.265,0.224	-0.081
3786	"Thoc2l"	NA	chrNC_000071.7	+	104672124	104673838	104672124	104672291	104673683	104673838	3786	75,39,47	9,9,12	97,62,105	8,14,10	1492	100	0.192644025528	0.5974898607688347	0.358,0.225,0.208	0.448,0.229,0.413	-0.1
3787	"Gm36355"	NA	chrNC_000072.7	-	115515501	115516145	115515501	115515576	115516007	115516145	3787	14,2,17	0,1,0	23,13,14	0,0,0	531	100	1	1.0	1.0,0.274,1.0	1.0,1.0,1.0	-0.242
3788	"Gbp9"	NA	chrNC_000071.7	-	105230569	105231719	105230569	105230776	105231438	105231719	3788	53,55,38	15,35,25	43,29,20	21,21,22	762	100	0.190826026296	0.5944771070099475	0.317,0.171,0.166	0.212,0.153,0.107	0.061
3789	"Gm51956"	NA	chrNC_000078.7	+	87347116	87348079	87347116	87347290	87347591	87348079	3789	7,3,3	5,1,2	10,8,5	4,0,0	401	100	0.00999769055544	0.100101876686343	0.259,0.428,0.272	0.384,1.0,1.0	-0.475
3792	"Ribc2"	NA	chrNC_000081.7	+	85024943	85025913	85024943	85025055	85025685	85025913	3792	105,81,95	0,0,0	136,52,101	4,3,1	730	100	6.84464322844e-05	0.0043000464517493646	1.0,1.0,1.0	0.823,0.704,0.933	0.18
3793	"Zfp644"	NA	chrNC_000071.7	-	106783475	106786501	106783475	106784189	106784282	106786501	3793	123,122,119	32,42,32	171,114,170	55,57,86	193	100	0.0217336925526	0.16269801621151964	0.666,0.601,0.658	0.617,0.509,0.506	0.098
3794	"Pcsk7"	NA	chrNC_000075.7	+	45817748	45819949	45817748	45818337	45819825	45819949	3794	167,154,111	48,60,41	141,166,161	52,51,36	1588	100	0.338817782281	0.8047236281900103	0.18,0.139,0.146	0.146,0.17,0.22	-0.024
3796	"Mms19"	NA	chrNC_000085.7	-	41934184	41934642	41934184	41934254	41934583	41934642	3796	175,102,124	0,0,3	153,162,142	0,1,0	429	100	0.866174976926	1.0	1.0,1.0,0.906	1.0,0.974,1.0	-0.023
3797	"Ciart"	NA	chrNC_000069.7	-	95789266	95789517	95789266	95789364	95789466	95789517	3797	10,24,17	1,0,0	28,22,34	3,1,1	202	100	0.076175262061	0.34998259526459996	0.832,1.0,1.0	0.822,0.916,0.944	0.05
3800	"Zbtb1"	NA	chrNC_000078.7	+	76431999	76435414	76431999	76433913	76435350	76435414	3800	768,766,761	6,5,2	729,844,602	3,1,4	1537	100	0.250553679525	0.6811292642407635	0.893,0.909,0.961	0.941,0.982,0.907	-0.022
3801	"Zbtb1"	NA	chrNC_000078.7	+	76435350	76443729	76435350	76435414	76441717	76443729	3801	450,388,422	4,2,0	635,475,447	1,4,1	6403	100	0.565070062282	1.0	0.637,0.752,1.0	0.908,0.65,0.875	-0.015
3802	"Slc26a1"	NA	chrNC_000071.7	-	108824853	108825176	108824853	108824937	108825067	108825176	3802	2,2,4	0,0,1	10,3,4	0,2,2	230	100	0.0187995588461	0.14835908015493693	1.0,1.0,0.635	1.0,0.395,0.465	0.258
3803	"Gm36722"	NA	chrNC_000073.7	-	36355941	36360165	36355941	36356618	36357936	36360165	3803	0,2,0	0,0,0	6,2,10	1,0,0	1418	100	1	1.0	NA,1.0,NA	0.297,1.0,1.0	0.234
3805	"Fgf23"	NA	chrNC_000072.7	+	127057000	127059257	127057000	127057294	127057994	127059257	3805	4,13,2	0,0,0	4,4,14	0,2,0	800	100	0.408839275445	0.869031516001343	1.0,1.0,1.0	1.0,0.2,1.0	0.267
3806	"Atp13a1"	NA	chrNC_000074.7	+	70251036	70251371	70251036	70251163	70251233	70251371	3806	72,63,73	229,188,212	74,82,144	147,163,195	170	100	3.63283315733e-05	0.0030370217740127072	0.156,0.165,0.168	0.228,0.228,0.303	-0.09
3807	"Atp13a1"	NA	chrNC_000074.7	+	70259841	70260399	70259841	70259985	70260068	70260399	3807	6,20,11	136,136,129	14,15,34	122,184,176	183	100	0.108035842453	0.43095806548835824	0.024,0.074,0.045	0.059,0.043,0.095	-0.018
3808	"Zfp932"	NA	chrNC_000071.7	+	110151218	110154936	110151218	110151318	110154809	110154936	3808	1468,1142,1099	12,18,22	1389,1370,1446	19,28,12	3591	100	0.9491625634	1.0	0.773,0.639,0.582	0.671,0.577,0.77	-0.008
3809	"Zfp932"	NA	chrNC_000071.7	+	110151322	110154936	110151322	110153901	110154809	110154936	3809	225,204,198	3,3,7	185,238,269	3,1,3	1008	100	0.0916444492436	0.3897309384870563	0.882,0.871,0.737	0.86,0.959,0.899	-0.076
3810	"Gtpbp6"	NA	chrNC_000071.7	-	110254735	110255063	110254735	110254806	110254925	110255063	3810	95,127,72	94,89,89	74,92,126	128,113,146	219	100	0.0279489203069	0.18852282244906862	0.316,0.395,0.27	0.209,0.271,0.283	0.073
3811	"Nelfb"	NA	chrNC_000068.8	-	25100720	25101501	25100720	25100884	25101113	25101501	3811	44,36,37	341,328,325	40,33,40	356,326,281	329	100	1	1.0	0.038,0.032,0.033	0.033,0.03,0.041	-0.0
3812	"Hoxa1"	NA	chrNC_000072.7	-	52134546	52135299	52134546	52134641	52134844	52135299	3812	6,4,4	0,4,1	3,4,5	0,0,0	303	100	0.000983392591324	0.022831810598565913	1.0,0.248,0.569	1.0,1.0,1.0	-0.394
3813	"Chkb"	NA	chrNC_000081.7	-	89312613	89313030	89312613	89312747	89312916	89313030	3813	281,351,310	64,72,91	326,310,374	120,108,136	269	100	0.00177762114139	0.03472864717691195	0.62,0.644,0.559	0.502,0.516,0.506	0.1
3814	"Chkb"	NA	chrNC_000081.7	-	89312613	89313030	89312613	89312781	89312916	89313030	3814	244,311,268	17,15,19	284,266,344	24,25,26	235	100	0.12369191106	0.46515127116929583	0.859,0.898,0.857	0.834,0.819,0.849	0.037
3815	"Zfp429"	NA	chrNC_000079.7	-	67545381	67545682	67545381	67545489	67545583	67545682	3815	1,4,3	3,1,2	15,6,0	4,0,2	194	100	0.40980818309	0.869031516001343	0.147,0.673,0.436	0.659,1.0,0.0	-0.134
3816	"Arx"	NA	chrNC_000086.8	+	92330112	92330529	92330112	92330165	92330283	92330529	3816	811,830,927	45,23,48	656,800,413	29,28,19	218	100	0.539296899281	0.9917869760405783	0.892,0.943,0.899	0.912,0.929,0.909	-0.005
3818	"Airim"	NA	chrNC_000070.7	+	124830840	124831126	124830840	124830880	124830971	124831126	3818	41,41,53	4,6,5	25,42,21	0,2,5	191	100	0.323996212291	0.7882185756874442	0.843,0.782,0.847	1.0,0.917,0.687	-0.044
3819	"Airim"	NA	chrNC_000070.7	+	124830840	124831126	124830840	124830883	124830971	124831126	3819	41,41,53	16,9,13	25,42,21	15,21,15	188	100	0.00790053407324	0.08819969049010787	0.577,0.708,0.684	0.47,0.515,0.427	0.186
3820	"Airim"	NA	chrNC_000070.7	+	124836145	124838454	124836145	124836264	124836375	124838454	3820	92,44,30	28,46,31	37,64,71	33,38,39	211	100	0.86762004962	1.0	0.609,0.312,0.314	0.347,0.444,0.463	-0.006
3821	"Cenpi"	NA	chrNC_000086.8	+	133209314	133209596	133209314	133209382	133209475	133209596	3821	4,2,0	5,5,3	1,0,0	8,5,2	193	100	0.00519773723009	0.06688172724983277	0.293,0.172,0.0	0.061,0.0,0.0	0.135
3824	"Nxf1"	NA	chrNC_000085.7	+	8742285	8744197	8742285	8742395	8744160	8744197	3824	2825,2292,2631	250,271,233	2469,2925,2410	201,256,206	1865	100	0.157093633638	0.5355213084098043	0.377,0.312,0.377	0.397,0.38,0.385	-0.032
3825	"Fbxl12"	NA	chrNC_000075.7	-	20555490	20556063	20555490	20555594	20555868	20556063	3825	223,273,280	11,6,9	316,206,266	19,7,12	374	100	0.167611218248	0.5542067525971022	0.844,0.924,0.893	0.816,0.887,0.856	0.034
3826	"Oasl1"	NA	chrNC_000071.7	+	115061298	115061668	115061298	115061391	115061468	115061668	3826	2,2,7	2,0,1	3,1,5	2,0,0	177	100	0.593469813557	1.0	0.361,1.0,0.798	0.459,1.0,1.0	-0.1
3827	"Gm35531"	NA	chrNC_000070.7	+	141967251	141967809	141967251	141967419	141967682	141967809	3827	5,2,9	2,2,1	2,11,6	8,1,0	363	100	0.71913918343	1.0	0.408,0.216,0.713	0.064,0.752,1.0	-0.16
3828	"Mlh1"	NA	chrNC_000075.7	-	111059310	111060133	111059310	111059702	111059917	111060133	3828	64,65,57	0,0,0	72,72,75	2,0,2	315	100	0.541081136819	0.9929117768431136	1.0,1.0,1.0	0.92,1.0,0.923	0.052
3829	"Mlh1"	NA	chrNC_000075.7	-	111059310	111060133	111059310	111059403	111059968	111060133	3829	178,161,155	70,64,82	168,197,205	73,70,56	665	100	0.131085198056	0.4823542003350103	0.277,0.274,0.221	0.257,0.297,0.355	-0.046
3830	"Mlh1"	NA	chrNC_000075.7	-	111059310	111060133	111059310	111059702	111059968	111060133	3830	73,73,63	1,8,0	76,79,88	2,5,3	366	100	0.80934231356	1.0	0.952,0.714,1.0	0.912,0.812,0.889	0.018
3831	"Sirt4"	NA	chrNC_000071.7	-	115617660	115618584	115617660	115617854	115618242	115618584	3831	266,202,191	0,0,0	227,215,307	0,0,1	488	100	1	1.0	1.0,1.0,1.0	1.0,1.0,0.984	0.005
3832	"Sirt4"	NA	chrNC_000071.7	-	115617660	115618584	115617660	115617871	115618242	115618584	3832	244,186,179	0,6,0	210,198,288	0,4,7	471	100	0.220492750144	0.6431960742814122	1.0,0.868,1.0	1.0,0.913,0.897	0.019
3833	"Sirt4"	NA	chrNC_000071.7	-	115617660	115618584	115617660	115617854	115618289	115618584	3833	270,204,199	2,8,6	234,222,318	0,2,6	535	100	0.0279208959541	0.18852282244906862	0.962,0.827,0.861	1.0,0.954,0.908	-0.071
3834	"Sirt4"	NA	chrNC_000071.7	-	115617660	115618584	115617660	115617871	115618289	115618584	3834	248,188,187	38,45,30	217,205,299	35,35,47	518	100	0.529753096736	0.9877122082224837	0.558,0.446,0.546	0.545,0.531,0.551	-0.026
3835	"Prkab1"	NA	chrNC_000071.7	-	116162149	116162449	116162149	116162318	116162423	116162449	3835	138,85,117	135,169,133	97,71,73	124,126,95	205	100	0.526643950197	0.9844616198548356	0.333,0.197,0.3	0.276,0.216,0.273	0.022
3836	"Hmgn3"	NA	chrNC_000075.7	-	82991994	82992927	82991994	82992482	82992743	82992927	3836	1165,998,1089	47,32,52	858,1328,1144	58,47,27	361	100	0.96609421354	1.0	0.873,0.896,0.853	0.804,0.887,0.921	0.003
3839	"Gm11592"	NA	chrNC_000077.7	+	97171519	97171967	97171519	97171662	97171749	97171967	3839	31,24,43	4,4,5	106,44,47	9,1,3	187	100	0.127121399122	0.4736011195196371	0.806,0.762,0.821	0.863,0.959,0.893	-0.109
3840	"Rnft2"	NA	chrNC_000071.7	-	118367392	118370567	118367392	118368047	118368171	118370567	3840	33,27,29	8,8,5	23,46,20	9,10,6	224	100	0.584716495228	1.0	0.648,0.601,0.721	0.533,0.673,0.598	0.055
3841	"2700097O09Rik"	NA	chrNC_000078.7	-	55100085	55104137	55100085	55100192	55104026	55104137	3841	505,399,417	39,34,39	793,534,654	53,29,28	3934	100	0.00890349163956	0.0944595603084445	0.248,0.23,0.214	0.276,0.319,0.373	-0.092
3843	"Rasal1"	NA	chrNC_000071.7	+	120786438	120787599	120786438	120786975	120787452	120787599	3843	82,80,11	3,6,0	23,108,161	0,8,12	577	100	0.539539544082	0.9917869760405783	0.826,0.698,1.0	1.0,0.701,0.699	0.041
3844	"Rasal1"	NA	chrNC_000071.7	+	120786438	120787599	120786438	120787024	120787452	120787599	3844	79,80,11	2,3,0	23,107,161	0,0,1	528	100	0.0324117580299	0.20936950146733788	0.882,0.835,1.0	1.0,1.0,0.968	-0.084
3845	"Atxn2"	NA	chrNC_000071.7	+	121949447	121951616	121949447	121949675	121951447	121951616	3845	341,273,332	265,206,274	338,339,376	235,233,181	1872	100	0.0231669179276	0.16908156045565012	0.064,0.066,0.061	0.071,0.072,0.1	-0.017
3846	"Aebp2"	NA	chrNC_000072.7	+	140596481	140601207	140596481	140596508	140597041	140601207	3846	1220,1134,1094	100,96,99	1051,1277,1086	133,113,82	633	100	0.43286769885	0.8913291176834189	0.658,0.651,0.636	0.555,0.641,0.677	0.024
3847	"Aebp2"	NA	chrNC_000072.7	+	140596481	140601207	140596481	140596508	140599483	140601207	3847	6105,5343,5143	10,8,8	5522,6430,4991	10,13,3	3075	100	0.814018269422	1.0	0.952,0.956,0.954	0.947,0.941,0.982	-0.003
3849	"Rad9b"	NA	chrNC_000071.7	-	122461451	122463272	122461451	122462287	122462505	122463272	3849	41,37,32	3,1,5	52,52,39	11,0,7	318	100	0.47393062216	0.9384880799756736	0.811,0.921,0.668	0.598,1.0,0.637	0.055
3850	"Rad9b"	NA	chrNC_000071.7	-	122461451	122463527	122461451	122463272	122463413	122463527	3850	25,30,52	3,19,9	37,39,39	18,7,25	241	100	0.328927257264	0.7930464021544192	0.776,0.396,0.706	0.46,0.698,0.393	0.109
3851	"Espn"	NA	chrNC_000070.7	-	152212525	152213010	152212525	152212789	152212864	152213010	3851	4,9,10	4,18,12	6,4,17	28,10,13	175	100	0.566692826209	1.0	0.364,0.222,0.323	0.109,0.186,0.428	0.062
3852	"Espn"	NA	chrNC_000070.7	-	152215225	152215751	152215225	152215418	152215508	152215751	3852	1,0,0	6,3,8	1,0,1	14,2,7	190	100	1	1.0	0.081,0.0,0.0	0.036,0.0,0.07	-0.008
3854	"Gm57733"	NA	chrNC_000071.7	+	124325135	124331353	124325135	124330599	124330906	124331353	3854	27,18,27	1,0,0	53,24,9	2,0,0	407	100	1	1.0	0.869,1.0,1.0	0.867,1.0,1.0	0.001
3855	"Mphosph9"	NA	chrNC_000071.7	-	124453435	124453959	124453435	124453804	124453881	124453959	3855	25,50,39	1,0,0	32,29,22	0,4,0	177	100	0.421285363626	0.8787749381886094	0.934,1.0,1.0	1.0,0.804,1.0	0.043
3858	"Nacc2"	NA	chrNC_000068.8	-	25979554	25980494	25979554	25980172	25980253	25980494	3858	1607,1556,1514	31,38,23	1509,1613,1165	70,54,49	181	100	1.67198450862e-06	0.0004120798742783446	0.966,0.958,0.973	0.923,0.943,0.929	0.034
3859	"Kcnt1"	NA	chrNC_000068.8	+	25778770	25780917	25778770	25778870	25780860	25780917	3859	89,92,82	4,7,3	143,76,383	1,6,21	2090	100	0.570578386261	1.0	0.516,0.386,0.567	0.872,0.377,0.466	-0.082
3860	"Kcnt1"	NA	chrNC_000068.8	+	25782345	25782569	25782345	25782420	25782485	25782569	3860	2,8,2	8,20,4	6,7,23	8,7,41	165	100	0.0998438386139	0.40791550291537987	0.132,0.195,0.233	0.312,0.377,0.254	-0.128
3861	"Gm40332"	NA	chrNC_000071.7	-	129576324	129577618	129576324	129577412	129577583	129577618	3861	7,3,12	0,0,0	2,5,0	1,1,1	271	100	0.0603243718384	0.3070112542293943	1.0,1.0,1.0	0.425,0.649,0.0	0.642
3862	"Cenph"	NA	chrNC_000079.7	-	100907702	100908074	100907702	100907777	100907981	100908074	3862	7,4,3	0,0,1	2,4,4	0,0,0	304	100	1	1.0	1.0,1.0,0.497	1.0,1.0,1.0	-0.168
3863	"Cenph"	NA	chrNC_000079.7	-	100907981	100908211	100907981	100908074	100908162	100908211	3863	5,0,4	0,2,5	4,0,2	0,0,0	188	100	1	1.0	1.0,0.0,0.299	1.0,NA,1.0	-0.567
3865	"Phkg1"	NA	chrNC_000071.7	-	129895036	129895866	129895036	129895127	129895702	129895866	3865	159,213,220	88,130,183	330,215,252	291,154,146	675	100	0.488919744524	0.9558400478932765	0.211,0.195,0.151	0.144,0.171,0.204	0.013
3867	"Syna"	NA	chrNC_000071.7	-	134586107	134589535	134586107	134589082	134589425	134589535	3867	21,37,42	0,2,0	54,53,83	0,0,0	443	100	1	1.0	1.0,0.807,1.0	1.0,1.0,1.0	-0.064
3868	"Spns1"	NA	chrNC_000073.7	-	125973093	125973451	125973093	125973145	125973372	125973451	3868	250,251,247	2,0,0	283,273,334	1,0,0	327	100	1	1.0	0.975,1.0,1.0	0.989,1.0,1.0	-0.005
3870	"B3galnt2"	NA	chrNC_000079.7	+	14171477	14173688	14171477	14171637	14172963	14173688	3870	1151,965,1010	0,0,1	1177,1065,1073	1,0,4	1426	100	0.51536779906	0.9778139419850527	1.0,1.0,0.986	0.988,1.0,0.95	0.016
3871	"Coch"	NA	chrNC_000078.7	+	51640155	51640440	51640155	51640188	51640387	51640440	3871	4,7,8	20,11,16	6,0,22	4,19,36	299	100	0.842420136585	1.0	0.063,0.175,0.143	0.334,0.0,0.17	-0.041
3872	"Baz1b"	NA	chrNC_000071.7	+	135233843	135238018	135233843	135234045	135237896	135238018	3872	250,213,244	183,180,147	354,251,298	184,152,115	3951	100	0.00150225009888	0.03088331843823462	0.033,0.029,0.04	0.046,0.04,0.062	-0.015
3874	"Rpf1"	NA	chrNC_000069.7	-	146212098	146212953	146212098	146212330	146212826	146212953	3874	26,17,27	201,162,174	29,19,3	160,181,134	596	100	0.316194173926	0.7780999487395577	0.021,0.017,0.025	0.03,0.017,0.004	0.004
3875	"Tmprss9"	NA	chrNC_000076.7	+	80733677	80734155	80733677	80733940	80734018	80734155	3875	0,5,0	0,2,1	2,0,7	4,1,6	178	100	1	1.0	NA,0.584,0.0	0.219,0.0,0.396	0.087
3876	"Tmem201"	NA	chrNC_000070.7	-	149806663	149811887	149806663	149806896	149811683	149811887	3876	6487,6007,6021	86,79,55	6634,6332,6600	83,64,161	4887	100	0.270087842688	0.7151747503903736	0.607,0.609,0.691	0.621,0.669,0.456	0.054
3877	"Jmjd1c"	NA	chrNC_000076.7	+	67088150	67089231	67088150	67088814	67089008	67089231	3877	10,39,13	1,0,0	31,17,55	0,2,0	294	100	1	1.0	0.773,1.0,1.0	1.0,0.743,1.0	0.01
3888	"Tvp23a"	NA	chrNC_000082.7	-	10264793	10265226	10264793	10264873	10265088	10265226	3888	452,502,483	28,34,18	563,555,629	57,19,34	315	100	0.599305228366	1.0	0.837,0.824,0.895	0.758,0.903,0.855	0.013
3889	"Srrt"	NA	chrNC_000071.7	-	137298505	137299909	137298505	137298675	137299579	137299909	3889	468,333,440	56,29,31	372,530,414	31,37,57	1004	100	0.915533455526	1.0	0.454,0.534,0.586	0.544,0.588,0.42	0.007
3890	"Srrt"	NA	chrNC_000071.7	-	137298505	137300576	137298505	137298675	137300387	137300576	3890	1154,814,992	218,207,234	905,1143,1102	211,284,184	1812	100	0.664007145058	1.0	0.226,0.178,0.19	0.191,0.182,0.248	-0.009
3891	"Srrt"	NA	chrNC_000071.7	-	137298505	137300576	137298505	137299909	137300387	137300576	3891	501,343,368	15,24,30	368,462,466	15,20,47	578	100	0.872226840844	1.0	0.852,0.712,0.68	0.809,0.8,0.632	0.001
3892	"Srrt"	NA	chrNC_000071.7	-	137298505	137300576	137298505	137300196	137300387	137300576	3892	234,167,155	10,12,17	159,196,241	14,7,21	291	100	0.949568430529	1.0	0.889,0.827,0.758	0.796,0.906,0.798	-0.009
3893	"Slc12a9"	NA	chrNC_000071.7	-	137331709	137336752	137331709	137332533	137334692	137336752	3893	193,179,152	1,0,4	287,239,395	2,0,2	2259	100	0.390263845839	0.8529368090505839	0.895,1.0,0.627	0.864,1.0,0.897	-0.08
3894	"Slc12a9"	NA	chrNC_000071.7	-	137331709	137336752	137331709	137334843	137335570	137336752	3894	46,42,36	2,4,6	66,39,114	2,3,2	827	100	0.0347666212365	0.22036446976430277	0.736,0.559,0.42	0.8,0.611,0.873	-0.19
3896	"Gm32819"	NA	chrNC_000075.7	+	51188837	51193643	51188837	51190576	51190797	51193643	3896	8,0,2	0,4,0	3,3,1	1,0,0	321	100	0.0372301947599	0.22917801846858427	1.0,0.0,1.0	0.483,1.0,1.0	-0.161
3897	"Gm32819"	NA	chrNC_000075.7	+	51201740	51202743	51201740	51201942	51202616	51202743	3897	0,0,0	0,0,1	2,0,6	0,0,0	774	100	1	1.0	NA,NA,0.0	1.0,NA,1.0	-1.0
3898	"Ano8"	NA	chrNC_000074.7	-	71928659	71929565	71928659	71928962	71929042	71929565	3898	34,22,30	1,0,2	23,7,109	1,1,3	180	100	0.692898202577	1.0	0.95,1.0,0.893	0.927,0.795,0.953	0.056
3899	"Ano8"	NA	chrNC_000074.7	-	71934262	71934670	71934262	71934394	71934595	71934670	3899	23,27,23	15,7,4	11,28,32	0,5,43	301	100	0.662521511434	1.0	0.337,0.562,0.656	1.0,0.65,0.198	-0.098
3900	"H2-T22"	NA	chrNC_000083.7	-	36353233	36353635	36353233	36353352	36353461	36353635	3900	233,247,242	186,218,223	200,234,135	268,174,117	209	100	0.466707631667	0.9316949960324187	0.375,0.352,0.342	0.263,0.392,0.356	0.019
3902	"Zcchc18"	NA	chrNC_000086.8	+	135893895	135894819	135893895	135894101	135894679	135894819	3902	480,613,508	1,9,6	695,496,784	2,0,4	678	100	0.0039285300484	0.05656578064970045	0.986,0.909,0.926	0.981,1.0,0.967	-0.042
3903	"Zcchc18"	NA	chrNC_000086.8	+	135893895	135894819	135893895	135894153	135894679	135894819	3903	350,411,361	0,1,0	430,370,525	0,1,0	626	100	1	1.0	1.0,0.985,1.0	1.0,0.983,1.0	0.001
3904	"Gm40713"	NA	chrNC_000076.7	-	79637757	79641989	79637757	79637950	79638204	79641989	3904	7,6,0	0,0,1	1,3,4	0,0,0	354	100	1	1.0	1.0,1.0,0.0	1.0,1.0,1.0	-0.333
3906	"Gal3st4"	NA	chrNC_000071.7	-	138269540	138269856	138269540	138269642	138269764	138269856	3906	36,40,42	0,0,0	28,32,33	0,4,0	222	100	0.343327860474	0.8070597688618459	1.0,1.0,1.0	1.0,0.783,1.0	0.072
3907	"Gpc2"	NA	chrNC_000071.7	-	138274845	138275749	138274845	138275008	138275108	138275749	3907	49,21,49	3,6,6	48,44,44	5,7,5	200	100	0.844658583957	1.0	0.891,0.636,0.803	0.828,0.759,0.815	-0.024
3908	"Gpc2"	NA	chrNC_000071.7	-	138274845	138275749	138274845	138275008	138275668	138275749	3908	159,99,130	21,15,12	158,167,133	17,16,17	760	100	0.597958620072	1.0	0.499,0.465,0.588	0.55,0.579,0.507	-0.028
3909	"Gpc2"	NA	chrNC_000071.7	-	138277100	138277829	138277100	138277259	138277641	138277829	3909	70,54,68	0,2,1	90,63,60	5,1,4	482	100	0.00667106770225	0.07966460539927395	1.0,0.849,0.934	0.789,0.929,0.757	0.103
3910	"Zfp157"	NA	chrNC_000071.7	+	138445776	138452192	138445776	138445869	138452054	138452192	3910	342,322,287	0,1,1	412,343,617	0,2,1	6285	100	0.758962438377	1.0	1.0,0.837,0.82	1.0,0.732,0.908	0.006
3911	"Pdgfa"	NA	chrNC_000071.7	-	138981953	138986336	138981953	138982151	138982864	138986336	3911	482,468,447	49,65,95	380,447,552	152,83,81	813	100	0.074909664644	0.34825032170012216	0.547,0.47,0.367	0.235,0.398,0.456	0.098
3920	"Gm9902"	NA	chrNC_000083.7	-	31651340	31653727	31651340	31652154	31653631	31653727	3920	2,2,6	0,0,0	12,8,6	1,1,2	1577	100	2.55138934967e-05	0.0024043092577478472	1.0,1.0,1.0	0.432,0.337,0.16	0.69
3921	"Hmbox1"	NA	chrNC_000080.7	-	65049048	65054585	65049048	65050868	65054465	65054585	3921	3181,3566,3219	38,63,56	3601,3260,4191	90,67,55	3697	100	0.254461413892	0.6863234687070606	0.694,0.605,0.609	0.52,0.568,0.673	0.049
3922	"Kdm5a"	NA	chrNC_000072.7	+	120405178	120407241	120405178	120405338	120407020	120407241	3922	47,71,39	126,111,156	73,87,98	153,119,101	1782	100	0.000179006488473	0.007546536698256475	0.021,0.035,0.014	0.026,0.039,0.052	-0.016
3923	"Gm42808"	NA	chrNC_000071.7	-	140529603	140532146	140529603	140531371	140531993	140532146	3923	113,83,68	18,12,3	71,110,59	4,4,2	722	100	0.0113874949015	0.11059912507993092	0.465,0.489,0.758	0.711,0.792,0.803	-0.198
3924	"Noc2l"	NA	chrNC_000070.7	+	156320471	156320782	156320471	156320527	156320611	156320782	3924	0,1,2	36,22,41	0,4,8	17,22,59	184	100	0.00414210028313	0.05872251905817929	0.0,0.024,0.026	0.0,0.09,0.069	-0.036
3926	"Radil"	NA	chrNC_000071.7	-	142471167	142471746	142471167	142471307	142471609	142471746	3926	17,12,11	23,39,25	27,14,20	43,30,56	402	100	0.834211294611	1.0	0.155,0.071,0.099	0.135,0.104,0.082	0.001
3929	"Gm31365"	NA	chrNC_000071.7	+	142799008	142800103	142799008	142799316	142799913	142800103	3929	33,43,42	2,2,2	79,32,27	0,1,0	697	100	0.000438612568176	0.012702709629975537	0.703,0.755,0.751	1.0,0.821,1.0	-0.204
3932	"Gm32587"	NA	chrNC_000080.7	-	3914661	3917755	3914661	3915426	3916727	3917755	3932	114,86,102	16,10,13	107,139,55	11,13,8	1401	100	0.502943123423	0.9671079003387572	0.337,0.38,0.359	0.41,0.433,0.329	-0.032
3933	"Gm32587"	NA	chrNC_000080.7	-	3914661	3917755	3914661	3916844	3917624	3917755	3933	41,7,34	29,14,15	18,32,12	20,24,13	880	100	0.384690627218	0.846946984335577	0.138,0.054,0.205	0.093,0.132,0.095	0.026
3934	"Adcy6"	NA	chrNC_000081.7	-	98484981	98490356	98484981	98490113	98490192	98490356	3934	492,399,409	13,6,9	381,455,362	29,14,24	179	100	2.25062962458e-05	0.0023261346184368773	0.955,0.974,0.962	0.88,0.948,0.894	0.056
3935	"Klk8"	NA	chrNC_000073.7	+	43447000	43447556	43447000	43447071	43447478	43447556	3935	4,9,5	0,3,0	3,10,72	1,0,3	507	100	0.853006883201	1.0	1.0,0.372,1.0	0.372,1.0,0.826	0.058
3936	"Tsga10"	NA	chrNC_000067.7	-	37796446	37800176	37796446	37797068	37800029	37800176	3936	43,43,61	0,0,0	53,43,82	3,1,0	3061	100	0.00997867596755	0.100101876686343	1.0,1.0,1.0	0.366,0.584,1.0	0.35
3937	"Tsga10"	NA	chrNC_000067.7	-	37880265	37881601	37880265	37880389	37881535	37881601	3937	26,54,74	3,2,5	132,37,72	1,0,6	1246	100	0.0900597923959	0.3857641374819032	0.41,0.684,0.543	0.914,1.0,0.491	-0.256
3938	"Tsga10"	NA	chrNC_000067.7	-	37880265	37881601	37880265	37880433	37881535	37881601	3938	12,14,42	64,81,90	97,16,42	115,66,89	1202	100	0.000330453355734	0.010525318690442615	0.015,0.014,0.037	0.066,0.02,0.038	-0.019
3939	"Gm30908"	NA	chrNC_000068.8	+	166313382	166314159	166313382	166313568	166313664	166314159	3939	11,21,37	1,5,1	31,14,27	10,3,9	196	100	0.00979408015089	0.09963492355849371	0.849,0.682,0.95	0.613,0.704,0.605	0.186
3940	"Eif2b4"	NA	chrNC_000071.7	-	31349925	31350483	31349925	31349969	31350336	31350483	3940	154,183,139	104,122,104	125,152,175	78,95,157	467	100	0.782057027839	1.0	0.241,0.243,0.223	0.255,0.255,0.193	0.001
3941	"Eif2b4"	NA	chrNC_000071.7	-	31349925	31350483	31349925	31350114	31350336	31350483	3941	83,89,75	18,26,17	58,81,85	11,16,37	322	100	0.73576099603	1.0	0.589,0.515,0.578	0.621,0.611,0.416	0.011
3942	"Fancd2os"	NA	chrNC_000072.7	-	113573721	113575012	113573721	113574313	113574433	113575012	3942	8,17,14	4,4,2	14,9,24	14,2,16	220	100	0.077753641633	0.34998259526459996	0.476,0.659,0.761	0.312,0.672,0.405	0.169
3943	"Bcl2l12"	NA	chrNC_000073.7	-	44643234	44643695	44643234	44643292	44643603	44643695	3943	119,73,109	0,0,0	124,104,82	1,0,1	411	100	1	1.0	1.0,1.0,1.0	0.968,1.0,0.952	0.027
3944	"Pan3"	NA	chrNC_000071.7	+	147363017	147367819	147363017	147367620	147367692	147367819	3944	6,4,11	2,3,1	7,1,8	0,0,3	172	100	0.0468581604889	0.2652536152057166	0.636,0.437,0.865	1.0,1.0,0.608	-0.223
3945	"Pan3"	NA	chrNC_000071.7	+	147482415	147485306	147482415	147482545	147483174	147485306	3945	436,332,482	37,39,32	415,436,455	34,41,43	729	100	0.849071147692	1.0	0.618,0.539,0.674	0.626,0.593,0.592	0.007
3946	"Ttll5"	NA	chrNC_000078.7	+	85890551	85890772	85890551	85890634	85890719	85890772	3946	4,1,0	9,6,6	0,5,2	18,5,7	185	100	0.673276661434	1.0	0.194,0.083,0.0	0.0,0.351,0.134	-0.069
3947	"Gm15411"	NA	chrNC_000071.7	-	148890550	148892011	148890550	148891482	148891775	148892011	3947	15,6,12	14,9,21	22,8,6	24,14,3	393	100	0.67884835821	1.0	0.214,0.145,0.127	0.189,0.127,0.337	-0.056
3948	"Gm15411"	NA	chrNC_000071.7	-	148895957	148896711	148895957	148896020	148896170	148896711	3948	6,9,19	0,0,3	23,15,14	0,0,0	250	100	0.572383204954	1.0	1.0,1.0,0.717	1.0,1.0,1.0	-0.094
3952	"2310047D07Rik"	NA	chrNC_000071.7	+	149173727	149174787	149173727	149174237	149174343	149174787	3952	0,2,5	0,6,2	18,2,15	7,8,8	206	100	1	1.0	NA,0.139,0.548	0.555,0.108,0.476	-0.036
3953	"2310047D07Rik"	NA	chrNC_000071.7	+	149173727	149174787	149173727	149174237	149174346	149174787	3953	0,2,5	0,0,0	18,2,15	9,0,7	209	100	1	1.0	NA,1.0,1.0	0.489,1.0,0.506	0.335
3957	"Brca2"	NA	chrNC_000071.7	+	150454533	150455198	150454533	150454642	150455148	150455198	3957	2,0,1	20,5,1	1,0,1	3,3,0	606	100	1	1.0	0.016,0.0,0.142	0.052,0.0,1.0	-0.298
3958	"N4bp2l2"	NA	chrNC_000071.7	-	150516604	150527732	150516604	150524120	150527641	150527732	3958	508,461,369	23,22,7	403,496,732	16,15,18	3621	100	0.494428474174	0.9597834611297225	0.379,0.367,0.593	0.41,0.477,0.529	-0.026
3959	"N4bp2l2"	NA	chrNC_000071.7	-	150516604	150527732	150516604	150525943	150527641	150527732	3959	195,113,120	5,4,3	158,178,171	4,3,22	1798	100	0.356525917811	0.8189187432832257	0.684,0.611,0.69	0.687,0.767,0.302	0.076
3960	"Nr2c2ap"	NA	chrNC_000074.7	+	70585061	70585304	70585061	70585167	70585236	70585304	3960	125,100,126	107,132,107	121,137,129	124,120,93	169	100	0.399337792066	0.8639286197025415	0.409,0.31,0.411	0.366,0.403,0.451	-0.03
3961	"Hcrtr1"	NA	chrNC_000070.7	-	130031222	130031989	130031222	130031458	130031871	130031989	3961	9,1,0	0,0,0	3,9,33	0,1,1	513	100	1	1.0	1.0,1.0,NA	1.0,0.637,0.865	0.166
3962	"Hcrtr1"	NA	chrNC_000070.7	-	130031222	130031989	130031222	130031460	130031871	130031989	3962	9,1,0	2,1,2	3,8,33	7,3,21	511	100	0.570426749478	1.0	0.468,0.164,0.0	0.077,0.343,0.235	-0.008
3963	"Hcrtr1"	NA	chrNC_000070.7	-	130031222	130031989	130031222	130031555	130031871	130031989	3963	9,0,0	0,0,0	3,7,25	1,0,4	416	100	1	1.0	1.0,NA,NA	0.419,1.0,0.6	0.327
3967	"Ccdc34"	NA	chrNC_000068.8	+	109867749	109868621	109867749	109867879	109868424	109868621	3967	42,15,32	1,2,2	47,33,49	7,1,7	645	100	0.173927391258	0.5680564338334679	0.867,0.538,0.713	0.51,0.837,0.52	0.084
3968	"Ccdc34"	NA	chrNC_000068.8	+	109870918	109871747	109870918	109871077	109871562	109871747	3968	51,39,49	0,0,0	67,58,54	1,0,0	585	100	1	1.0	1.0,1.0,1.0	0.92,1.0,1.0	0.027
3969	"Ccdc34"	NA	chrNC_000068.8	+	109870918	109871747	109870918	109871077	109871605	109871747	3969	53,47,52	398,463,533	71,63,56	577,393,500	628	100	0.231725544571	0.6581313618254562	0.021,0.016,0.015	0.019,0.025,0.018	-0.003
3971	"Ppp1r9a"	NA	chrNC_000072.7	+	5134016	5134932	5134016	5134174	5134688	5134932	3971	81,67,83	58,43,60	86,85,59	47,22,24	614	100	0.00696720908822	0.08176900336504352	0.185,0.202,0.184	0.23,0.386,0.286	-0.11
3972	"Ccdc57"	NA	chrNC_000077.7	-	120769703	120772741	120769703	120769874	120770191	120772741	3972	61,76,62	0,1,0	106,64,54	7,0,0	417	100	0.00602109611776	0.07506456016071221	1.0,0.948,1.0	0.784,1.0,1.0	0.055
3973	"Ccdc57"	NA	chrNC_000077.7	-	120769703	120772741	120769703	120769874	120772640	120772741	3973	259,232,286	17,33,47	562,385,369	35,25,34	2866	100	0.0158676779241	0.1348542176891682	0.347,0.197,0.175	0.359,0.35,0.275	-0.088
3977	"Phf14"	NA	chrNC_000072.7	+	12039209	12044489	12039209	12040790	12044463	12044489	3977	500,747,437	0,2,0	547,431,1518	1,4,6	3773	100	0.000907335914185	0.02121973919013679	1.0,0.908,1.0	0.935,0.741,0.87	0.121
3978	"Phf14"	NA	chrNC_000072.7	+	12039209	12045763	12039209	12044489	12045583	12045763	3978	73,86,75	6,10,3	130,88,188	12,3,19	1194	100	0.970036752369	1.0	0.505,0.419,0.677	0.476,0.711,0.453	-0.013
3979	"Phf14"	NA	chrNC_000072.7	+	12044463	12045763	12044463	12044489	12045648	12045763	3979	82,99,84	4,1,2	135,99,203	6,5,4	1259	100	0.410030305182	0.869031516001343	0.62,0.887,0.769	0.641,0.611,0.801	0.074
3980	"Phf14"	NA	chrNC_000072.7	+	12045583	12047943	12045583	12045763	12047123	12047943	3980	91,80,107	0,2,0	144,89,153	3,0,3	1460	100	0.0160679054305	0.13583527440454354	1.0,0.733,1.0	0.767,1.0,0.777	0.063
3981	"Phf14"	NA	chrNC_000072.7	+	12039209	12047943	12039209	12044489	12047825	12047943	3981	208,221,213	2,2,2	314,222,425	2,0,2	3436	100	0.134807327678	0.4874973790974176	0.752,0.763,0.756	0.82,1.0,0.861	-0.137
3982	"Phf14"	NA	chrNC_000072.7	+	12039209	12047943	12039209	12045763	12047825	12047943	3982	126,121,129	2,8,7	175,121,216	11,9,8	2162	100	0.562363519056	1.0	0.745,0.412,0.46	0.424,0.383,0.555	0.085
3983	"Phf14"	NA	chrNC_000072.7	+	12047123	12047943	12047123	12047153	12047825	12047943	3983	44,46,27	1,4,6	39,39,73	0,1,4	772	100	0.0471589989042	0.26601660649481834	0.851,0.598,0.368	1.0,0.835,0.703	-0.24
3984	"Tunar"	NA	chrNC_000078.7	+	105347603	105350191	105347603	105348205	105348361	105350191	3984	90,140,44	6,4,0	37,94,255	4,2,9	256	100	0.692867147418	1.0	0.854,0.932,1.0	0.783,0.948,0.917	0.046
3985	"Adam11"	NA	chrNC_000077.7	+	102662740	102662938	102662740	102662807	102662870	102662938	3985	11,15,8	87,95,34	5,9,41	102,102,434	163	100	0.0248264547252	0.175206962421896	0.072,0.088,0.126	0.029,0.051,0.055	0.05
3986	"Adam11"	NA	chrNC_000077.7	+	102668456	102671088	102668456	102668474	102668956	102671088	3986	150,176,155	93,125,40	373,161,548	73,119,480	582	100	0.959477729924	1.0	0.217,0.195,0.4	0.468,0.189,0.164	-0.003
3987	"Gm15473"	NA	chrNC_000072.7	-	17064590	17065586	17064590	17064714	17065053	17065586	3987	18,8,8	1,0,1	17,10,8	0,0,0	439	100	1	1.0	0.804,1.0,0.646	1.0,1.0,1.0	-0.183
3990	"Cped1"	NA	chrNC_000072.7	+	21985942	21987058	21985942	21986126	21986638	21987058	3990	39,40,67	0,1,1	46,43,49	0,0,0	612	100	1	1.0	1.0,0.867,0.916	1.0,1.0,1.0	-0.072
3991	"2410002F23Rik"	NA	chrNC_000073.7	+	43897333	43897719	43897333	43897483	43897675	43897719	3991	72,85,93	15,17,23	102,85,99	12,9,14	292	100	0.01381110422	0.12500219751661015	0.622,0.631,0.581	0.744,0.764,0.708	-0.127
3994	"Ccdc136"	NA	chrNC_000072.7	+	29419985	29422096	29419985	29420264	29422035	29422096	3994	490,349,499	0,0,0	727,501,516	0,0,3	1871	100	1	1.0	1.0,1.0,1.0	1.0,1.0,0.902	0.033
3998	"Apmap"	NA	chrNC_000068.8	-	150430822	150431042	150430822	150430939	150431022	150431042	3998	8,4,9	3,0,1	9,2,4	0,0,0	183	100	0.077152614113	0.34998259526459996	0.593,1.0,0.831	1.0,1.0,1.0	-0.192
4002	"Gm13853"	NA	chrNC_000072.7	-	33958717	33959511	33958717	33958828	33959232	33959511	4002	3,10,17	1,1,2	26,17,8	1,3,1	504	100	0.775990637377	1.0	0.373,0.665,0.628	0.838,0.529,0.613	-0.105
4003	"Agbl3"	NA	chrNC_000072.7	+	34755248	34759153	34755248	34757994	34759034	34759153	4003	163,128,142	117,125,120	209,133,142	186,110,127	1140	100	0.766102826981	1.0	0.109,0.082,0.094	0.09,0.096,0.089	0.003
4004	"Stmp1"	NA	chrNC_000072.7	+	35229644	35229980	35229644	35229717	35229890	35229980	4004	259,267,305	2,4,4	314,246,256	8,5,10	273	100	0.0123439100779	0.11561780500518018	0.979,0.961,0.965	0.935,0.947,0.904	0.04
4005	"Saxo2"	NA	chrNC_000073.7	-	82294857	82295668	82294857	82295037	82295130	82295668	4005	20,26,15	1,7,8	26,12,9	6,7,1	193	100	0.776600329397	1.0	0.912,0.658,0.493	0.692,0.47,0.823	0.026
4006	"Brsk1"	NA	chrNC_000073.7	+	4718331	4718996	4718331	4718483	4718533	4718996	4006	318,421,195	44,47,26	299,330,920	31,42,108	150	100	0.653084787088	1.0	0.828,0.857,0.833	0.865,0.84,0.85	-0.012
4009	"Luc7l2"	NA	chrNC_000072.7	+	38531914	38535010	38531914	38531998	38534786	38535010	4009	1144,942,762	0,7,1	1018,954,1159	6,0,6	2888	100	0.396372429017	0.8592538988974749	1.0,0.823,0.963	0.855,1.0,0.87	0.02
4010	"Luc7l2"	NA	chrNC_000072.7	+	38531914	38535010	38531914	38532171	38534786	38535010	4010	1107,893,720	1,1,0	972,921,1113	0,0,1	2715	100	1	1.0	0.976,0.97,1.0	1.0,1.0,0.976	-0.01
4011	"Luc7l2"	NA	chrNC_000072.7	+	38534234	38536239	38534234	38534315	38536138	38536239	4011	642,517,431	0,0,0	548,534,707	0,2,0	1923	100	1	1.0	1.0,1.0,1.0	1.0,0.933,1.0	0.022
4012	"Luc7l2"	NA	chrNC_000072.7	+	38545781	38546469	38545781	38545852	38546436	38546469	4012	547,479,364	15,16,6	562,398,659	7,14,12	684	100	0.334786462699	0.8022855845082991	0.842,0.814,0.899	0.921,0.806,0.889	-0.02
4013	"Luc7l2"	NA	chrNC_000072.7	+	38545781	38547539	38545781	38546469	38546866	38547539	4013	419,359,284	0,5,0	416,323,521	0,0,4	497	100	0.563210733152	1.0	1.0,0.935,1.0	1.0,1.0,0.963	-0.009
4014	"Luc7l2"	NA	chrNC_000072.7	+	38545781	38547539	38545781	38545852	38547444	38547539	4014	1359,1189,872	68,50,69	1475,1075,1760	65,64,62	1692	100	0.274178410342	0.7218304245980016	0.542,0.584,0.428	0.573,0.498,0.627	-0.048
4015	"Luc7l2"	NA	chrNC_000072.7	+	38545781	38547539	38545781	38546469	38547444	38547539	4015	857,747,534	17,8,7	940,702,1133	7,14,11	1075	100	0.365568759734	0.8254606480808705	0.824,0.897,0.876	0.926,0.823,0.905	-0.019
4016	"Luc7l2"	NA	chrNC_000072.7	+	38546866	38547539	38546866	38546940	38547444	38547539	4016	455,408,250	6,10,3	532,388,634	1,5,11	604	100	0.227736272314	0.6520706134888794	0.926,0.871,0.932	0.989,0.928,0.905	-0.031
4017	"Luc7l2"	NA	chrNC_000072.7	+	38546866	38547539	38546866	38546944	38547444	38547539	4017	454,406,250	6,9,9	530,388,630	11,4,12	600	100	0.499958174175	0.9638182852326714	0.927,0.883,0.822	0.889,0.942,0.897	-0.032
4018	"Rnf141"	NA	chrNC_000073.7	-	110398675	110404527	110398675	110400196	110400571	110404527	4018	6,8,4	1,0,0	10,13,14	0,1,2	475	100	0.68657426935	1.0	0.558,1.0,1.0	1.0,0.732,0.596	0.077
4019	"Rnf141"	NA	chrNC_000073.7	-	110400571	110404527	110400571	110400758	110404400	110404527	4019	189,161,180	1,2,0	353,176,191	2,2,5	3742	100	0.0237885779848	0.17166352221463782	0.835,0.683,1.0	0.825,0.702,0.505	0.162
4021	"Get4"	NA	chrNC_000071.7	+	139252758	139253057	139252758	139252899	139252981	139253057	4021	82,58,63	262,274,294	76,87,95	316,294,238	182	100	0.0919773403262	0.3897309384870563	0.147,0.104,0.105	0.117,0.14,0.18	-0.027
4024	"Tmem216"	NA	chrNC_000085.7	-	10527824	10528404	10527824	10528183	10528321	10528404	4024	395,459,589	24,39,58	569,497,390	54,39,37	238	100	0.643087033953	1.0	0.874,0.832,0.81	0.816,0.843,0.816	0.014
4025	"Gm9222"	NA	chrNC_000078.7	+	17988789	17989633	17988789	17989266	17989512	17989633	4025	49,46,29	7,5,0	52,32,80	0,1,12	346	100	0.530232521268	0.9877122082224837	0.669,0.727,1.0	1.0,0.902,0.658	-0.055
4026	"Braf"	NA	chrNC_000072.7	-	39654311	39654575	39654311	39654388	39654505	39654575	4026	178,170,194	12,6,7	208,122,263	3,8,7	217	100	0.183272420978	0.5841022156895381	0.872,0.929,0.927	0.97,0.875,0.945	-0.021
4027	"Braf"	NA	chrNC_000072.7	-	39654311	39654575	39654311	39654406	39654505	39654575	4027	156,157,170	70,53,41	179,109,231	66,35,73	199	100	0.992219735084	1.0	0.528,0.598,0.676	0.577,0.61,0.614	0.0
4028	"Ssbp1"	NA	chrNC_000072.7	+	40448401	40449067	40448401	40448759	40449004	40449067	4028	240,148,223	49,46,62	146,210,182	43,47,40	345	100	0.692947978117	1.0	0.587,0.483,0.51	0.496,0.564,0.569	-0.016
4029	"C230012O17Rik"	NA	chrNC_000070.7	-	24961286	24966950	24961286	24962444	24962910	24966950	4029	4,8,6	0,0,0	7,2,3	0,1,0	566	100	1	1.0	1.0,1.0,1.0	1.0,0.261,1.0	0.246
4030	"C230012O17Rik"	NA	chrNC_000070.7	-	24961286	24966950	24961286	24962620	24962910	24966950	4030	1,6,3	0,2,0	3,2,2	0,0,0	390	100	0.684050246466	1.0	1.0,0.435,1.0	1.0,1.0,1.0	-0.188
4032	"Gm26947"	NA	chrNC_000076.7	+	60772156	60773741	60772156	60772203	60772381	60773741	4032	0,2,0	0,2,0	2,0,0	0,0,0	278	100	1	1.0	NA,0.265,NA	1.0,NA,NA	-0.735
4033	"Ephb6"	NA	chrNC_000072.7	+	41592850	41593518	41592850	41593201	41593393	41593518	4033	11,4,1	154,178,123	20,18,32	135,87,174	292	100	3.51007778399e-10	3.74876307330132e-07	0.024,0.008,0.003	0.048,0.066,0.059	-0.046
4035	"Dzip1"	NA	chrNC_000080.7	-	119112926	119114674	119112926	119113121	119114405	119114674	4035	1793,1794,1811	0,4,7	2066,1667,1656	3,4,3	1384	100	0.825358016691	1.0	1.0,0.97,0.949	0.98,0.968,0.976	-0.002
4036	"3300002I08Rik"	NA	chrNC_000068.8	-	150173533	150185075	150173533	150184401	150184485	150185075	4036	18,23,18	25,30,28	13,10,10	22,22,25	184	100	0.134468962382	0.48737393152933034	0.281,0.294,0.259	0.243,0.198,0.179	0.071
4037	"Popdc3"	NA	chrNC_000076.7	+	45190656	45191375	45190656	45191004	45191163	45191375	4037	32,68,15	2,5,0	5,31,102	3,4,2	259	100	0.386653062364	0.8496820382813828	0.861,0.84,1.0	0.392,0.75,0.952	0.202
4041	"Ralgapa1"	NA	chrNC_000078.7	-	55768190	55769726	55768190	55768272	55769558	55769726	4041	608,516,588	2,3,3	521,570,341	6,0,4	1386	100	0.493348143942	0.9591550080037428	0.956,0.925,0.934	0.862,1.0,0.86	0.031
4042	"Gm38956"	NA	chrNC_000077.7	-	94167510	94168703	94167510	94167577	94167669	94168703	4042	6,13,3	0,6,6	4,5,6	2,6,3	192	100	0.482472169186	0.949533679405371	1.0,0.53,0.207	0.51,0.303,0.51	0.138
4043	"Cav1"	NA	chrNC_000072.7	+	17339111	17341323	17339111	17339474	17340096	17341323	4043	3177,2524,2310	109,48,43	2838,2312,1618	51,87,55	722	100	0.239909724301	0.6684093536177426	0.801,0.879,0.882	0.885,0.786,0.803	0.029
4044	"Plpbp"	NA	chrNC_000074.7	+	27539201	27541429	27539201	27539336	27541286	27541429	4044	597,598,524	553,556,546	618,590,816	592,524,499	2050	100	0.0561964080441	0.295169330120158	0.05,0.05,0.045	0.048,0.052,0.074	-0.01
4050	"Elk3"	NA	chrNC_000076.7	-	93100741	93101542	93100741	93100872	93101198	93101542	4050	1002,753,838	9,7,8	823,996,750	7,10,2	426	100	0.457754299617	0.9238418226705047	0.963,0.962,0.961	0.965,0.959,0.989	-0.009
4051	"Eri2"	NA	chrNC_000073.7	-	119386956	119389613	119386956	119387057	119389456	119389613	4051	116,128,87	30,40,33	119,111,99	27,22,18	2499	100	0.0286505422599	0.19164162296601167	0.134,0.114,0.095	0.15,0.168,0.18	-0.052
4052	"Dapk1"	NA	chrNC_000079.7	+	60908448	60911005	60908448	60909677	60910170	60911005	4052	925,1196,1188	43,51,54	1295,1041,1192	46,32,50	593	100	0.148178060767	0.517170486598549	0.784,0.798,0.788	0.826,0.846,0.801	-0.034
4053	"Dapk1"	NA	chrNC_000079.7	+	60908448	60911005	60908448	60909698	60910170	60911005	4053	895,1127,1140	15,23,25	1236,977,1138	27,20,25	572	100	0.678656612847	1.0	0.913,0.895,0.889	0.889,0.895,0.888	0.008
4054	"Pgpep1l"	NA	chrNC_000073.7	-	67881153	67887616	67881153	67886870	67887389	67887616	4054	13,4,5	30,10,23	6,9,0	27,21,9	619	100	0.439497904173	0.9009285252529059	0.065,0.061,0.034	0.035,0.065,0.0	0.02
4056	"Zfp109"	NA	chrNC_000073.7	-	23936042	23937126	23936042	23936100	23936507	23937126	4056	17,4,8	3,4,5	7,6,8	5,5,3	507	100	0.561603267047	1.0	0.528,0.165,0.24	0.216,0.191,0.345	0.06
4057	"Zfp109"	NA	chrNC_000073.7	-	23936042	23937126	23936042	23936100	23936793	23937126	4057	28,16,16	13,11,15	30,34,12	6,7,12	793	100	0.102100237989	0.41279565158356174	0.214,0.155,0.119	0.387,0.38,0.112	-0.13
4058	"Hnrnpa2b1"	NA	chrNC_000072.7	-	51437909	51439035	51437909	51438413	51438899	51439035	4058	1479,1114,1438	452,375,475	1822,1467,1747	640,579,418	586	100	0.965485859934	1.0	0.358,0.336,0.341	0.327,0.302,0.416	-0.003
4059	"Hnrnpa2b1"	NA	chrNC_000072.7	-	51437909	51439035	51437909	51438413	51438962	51439035	4059	1852,1378,1806	107,103,80	2275,1869,2091	112,104,127	649	100	0.699252512475	1.0	0.727,0.673,0.777	0.758,0.735,0.717	-0.011
4060	"Hnrnpa2b1"	NA	chrNC_000072.7	-	51438100	51440234	51438100	51438413	51439318	51440234	4060	4418,3122,4054	0,0,0	5057,4475,4272	0,1,0	1005	100	1	1.0	1.0,1.0,1.0	1.0,0.998,1.0	0.001
4061	"Hnrnpa2b1"	NA	chrNC_000072.7	-	51438899	51440234	51438899	51439035	51439318	51440234	4061	2757,1874,2441	66,78,93	2997,2807,2351	94,105,79	383	100	0.935214239744	1.0	0.916,0.863,0.873	0.893,0.875,0.886	-0.001
4071	"Gnao1"	NA	chrNC_000074.7	+	94693495	94696016	94693495	94693711	94694659	94696016	4071	7096,7631,5250	525,576,420	6586,6757,14972	555,614,1051	1048	100	0.510453303457	0.9723498122926445	0.563,0.558,0.544	0.531,0.512,0.576	0.015
4072	"Spag1"	NA	chrNC_000081.7	+	36175628	36176625	36175628	36175794	36176175	36176625	4072	50,44,31	0,0,0	32,41,53	0,0,2	481	100	1	1.0	1.0,1.0,1.0	1.0,1.0,0.846	0.051
4073	"Trmt13"	NA	chrNC_000069.7	-	116383878	116384205	116383878	116383941	116384053	116384205	4073	17,6,11	2,1,2	14,7,16	10,2,1	212	100	0.241040737225	0.669430335101658	0.8,0.739,0.722	0.398,0.623,0.883	0.119
4075	"Vamp5"	NA	chrNC_000072.7	-	72345031	72346453	72345031	72346162	72346272	72346453	4075	765,427,644	33,19,16	583,697,392	18,22,15	210	100	0.54734380428	0.9971014761755899	0.917,0.915,0.95	0.939,0.938,0.926	-0.007
4076	"Usp35"	NA	chrNC_000073.7	-	96958609	96959703	96958609	96958991	96959469	96959703	4076	215,228,244	1,6,6	350,228,465	20,3,13	578	100	0.0578162222484	0.30120841639654244	0.974,0.868,0.876	0.752,0.929,0.861	0.059
4077	"Usp35"	NA	chrNC_000073.7	-	96960559	96961832	96960559	96961081	96961458	96961832	4077	162,123,161	0,14,11	192,187,287	21,12,12	477	100	0.376874858953	0.8361050058901869	1.0,0.648,0.754	0.657,0.766,0.834	0.048
4078	"Chka"	NA	chrNC_000085.7	+	3924768	3925471	3924768	3924798	3925366	3925471	4078	134,103,114	0,2,0	101,159,170	0,4,7	668	100	0.000741924751769	0.01857130394271778	1.0,0.885,1.0	1.0,0.856,0.784	0.082
4079	"Chka"	NA	chrNC_000085.7	+	3924768	3925788	3924768	3924798	3925734	3925788	4079	230,200,189	10,5,6	182,319,314	15,15,19	1036	100	0.0307520623807	0.20273581865794812	0.689,0.794,0.753	0.539,0.672,0.615	0.137
4080	"Chka"	NA	chrNC_000085.7	+	3924768	3925788	3924768	3925471	3925734	3925788	4080	92,91,69	1,2,3	79,153,140	2,2,3	363	100	0.927192908884	1.0	0.962,0.926,0.864	0.916,0.955,0.928	-0.016
4082	"Mad2l1"	NA	chrNC_000072.7	+	66516754	66518091	66516754	66516934	66517409	66518091	4082	76,96,39	43,34,38	51,82,40	40,28,25	575	100	0.905486858942	1.0	0.235,0.329,0.151	0.181,0.337,0.218	-0.007
4084	"Rab29"	NA	chrNC_000067.7	+	131795003	131795513	131795003	131795148	131795256	131795513	4084	413,386,451	46,68,50	477,435,365	60,35,46	208	100	0.24628232554	0.6760066715453402	0.812,0.732,0.813	0.793,0.857,0.792	-0.028
4085	"Epb41l2"	NA	chrNC_000076.7	+	25377721	25378036	25377721	25377809	25377903	25378036	4085	1436,1245,1145	5,5,5	1420,1287,797	21,6,10	194	100	0.00425516126087	0.05908226711954961	0.993,0.992,0.992	0.972,0.991,0.976	0.013
4086	"Hspa5"	NA	chrNC_000068.8	+	34662101	34662458	34662101	34662158	34662240	34662458	4086	1129,1057,1109	1634,1600,1777	868,1064,801	2111,1769,1384	182	100	0.00903388308132	0.09514381402912603	0.275,0.266,0.255	0.184,0.248,0.241	0.041
4087	"Kcnn2"	NA	chrNC_000084.7	+	45691356	45693691	45691356	45691555	45692417	45693691	4087	87,86,62	6,2,1	79,86,138	1,4,9	962	100	0.65288013467	1.0	0.601,0.817,0.866	0.891,0.691,0.614	0.029
4088	"Trmt5"	NA	chrNC_000078.7	-	73326776	73327406	73326776	73327099	73327262	73327406	4088	83,63,77	0,0,1	77,64,82	0,0,0	263	100	1	1.0	1.0,1.0,0.967	1.0,1.0,1.0	-0.011
4089	"Fam227a"	NA	chrNC_000081.7	-	79504903	79507813	79504903	79505056	79507655	79507813	4089	425,399,468	32,40,42	338,446,359	54,47,60	2699	100	0.00228321641138	0.04134085400952	0.33,0.27,0.292	0.188,0.26,0.181	0.088
4090	"Fam227a"	NA	chrNC_000081.7	-	79524844	79526461	79524844	79524946	79525365	79526461	4090	35,48,34	0,0,0	89,43,20	0,0,7	519	100	0.00755157109109	0.0857987013328098	1.0,1.0,1.0	1.0,1.0,0.355	0.215
4091	"Fam227a"	NA	chrNC_000081.7	-	79524844	79526461	79524844	79524946	79526314	79526461	4091	123,120,101	20,32,37	214,122,64	54,48,40	1468	100	0.0741191668342	0.34617756638014113	0.295,0.203,0.157	0.213,0.148,0.098	0.065
4094	"Akap7"	NA	chrNC_000076.7	-	25044987	25047146	25044987	25046300	25046538	25047146	4094	98,117,86	2,3,0	131,87,128	2,1,5	338	100	0.369454358185	0.8301064261043059	0.935,0.92,1.0	0.951,0.963,0.883	0.019
4095	"Akap7"	NA	chrNC_000076.7	-	25114531	25115636	25114531	25115046	25115523	25115636	4095	6,7,4	1,0,0	2,9,16	0,0,1	577	100	1	1.0	0.51,1.0,1.0	1.0,1.0,0.735	-0.075
4096	"Cers6"	NA	chrNC_000068.8	+	68938785	68944628	68938785	68943364	68943416	68944628	4096	177,183,167	43,43,34	181,140,294	30,29,54	152	100	0.199667336816	0.6110163774197364	0.73,0.737,0.764	0.799,0.761,0.782	-0.037
4097	"Rmnd5a"	NA	chrNC_000072.7	-	71365622	71370172	71365622	71368961	71370086	71370172	4097	1407,1518,1398	79,70,80	1176,1460,1456	84,61,42	1225	100	0.387582132502	0.8498206233717045	0.592,0.639,0.588	0.533,0.661,0.739	-0.038
4101	"Slc36a1"	NA	chrNC_000077.7	+	55123192	55127156	55123192	55123532	55124327	55127156	4101	532,564,443	0,0,0	369,481,986	1,1,1	895	100	1	1.0	1.0,1.0,1.0	0.976,0.982,0.991	0.017
4102	"Lig3"	NA	chrNC_000077.7	+	82692106	82695100	82692106	82692248	82694824	82695100	4102	1743,1693,1822	0,0,2	2185,1828,1987	0,1,0	2676	100	1	1.0	1.0,1.0,0.971	1.0,0.986,1.0	-0.005
4104	"Sh2d6"	NA	chrNC_000072.7	-	72494089	72494584	72494089	72494168	72494532	72494584	4104	6,7,2	2,0,4	22,1,6	1,0,0	464	100	2.34537966777e-05	0.0023483113923547126	0.393,1.0,0.097	0.826,1.0,1.0	-0.445
4107	"Ammecr1l"	NA	chrNC_000084.7	+	31909842	31912006	31909842	31909913	31911909	31912006	4107	531,457,333	3,6,4	489,525,560	0,2,2	2096	100	0.00199637640015	0.03784846145609823	0.894,0.784,0.799	1.0,0.926,0.93	-0.126
4108	"Thyn1"	NA	chrNC_000075.7	+	26917647	26918247	26917647	26917743	26918096	26918247	4108	396,264,371	655,637,622	421,449,389	756,611,585	453	100	0.0481863952235	0.268054714776425	0.118,0.084,0.116	0.109,0.14,0.128	-0.02
4109	"Zfp867"	NA	chrNC_000077.7	-	59352621	59355112	59352621	59354338	59354444	59355112	4109	207,261,197	33,36,32	279,202,235	10,23,26	206	100	0.00257989750829	0.0439680405136232	0.753,0.779,0.749	0.931,0.81,0.814	-0.091
4110	"Rtkn"	NA	chrNC_000072.7	+	83113974	83115227	83113974	83114437	83114941	83115227	4110	532,460,508	42,39,34	541,613,347	54,56,28	604	100	0.247489333871	0.6760066715453402	0.677,0.661,0.712	0.624,0.644,0.672	0.037
4111	"Gm15624"	NA	chrNC_000072.7	-	83142524	83148862	83142524	83147870	83148589	83148862	4111	8,2,5	0,3,0	16,10,10	1,2,5	819	100	0.167201434402	0.5534229295702562	1.0,0.075,1.0	0.661,0.379,0.196	0.28
4112	"Gm15624"	NA	chrNC_000072.7	-	83148589	83149755	83148589	83148862	83149489	83149755	4112	6,8,3	0,1,1	2,5,6	0,1,0	727	100	1	1.0	1.0,0.524,0.292	1.0,0.407,1.0	-0.197
4113	"Stambp"	NA	chrNC_000072.7	-	83520187	83521018	83520187	83520548	83520926	83521018	4113	695,794,667	0,1,2	698,629,734	1,1,1	478	100	1	1.0	1.0,0.994,0.986	0.993,0.992,0.994	0.0
4114	"Pkd1l3"	NA	chrNC_000074.7	+	110395847	110398433	110395847	110395979	110397245	110398433	4114	40,52,43	0,0,1	105,49,78	0,0,0	1366	100	1	1.0	1.0,1.0,0.759	1.0,1.0,1.0	-0.08
4117	"Gm36907"	NA	chrNC_000083.7	+	18081592	18090783	18081592	18082803	18086209	18090783	4117	39,20,18	0,3,2	33,4,26	0,1,1	3506	100	0.904990873786	1.0	1.0,0.16,0.204	1.0,0.102,0.426	-0.055
4118	"Usp40"	NA	chrNC_000067.7	-	87872862	87876318	87872862	87874429	87876223	87876318	4118	211,195,212	70,55,62	170,199,195	55,63,62	1894	100	0.705148798951	1.0	0.137,0.158,0.153	0.14,0.143,0.142	0.008
4119	"Usp40"	NA	chrNC_000067.7	-	87880061	87881773	87880061	87880180	87881733	87881773	4119	60,33,70	2,2,6	88,46,97	0,3,5	1653	100	0.268569553019	0.7117426367848436	0.645,0.5,0.414	1.0,0.481,0.54	-0.154
4120	"Prss36"	NA	chrNC_000073.7	-	127532738	127533452	127532738	127533004	127533310	127533452	4120	37,20,42	14,8,10	29,22,46	15,10,12	406	100	0.581988147911	1.0	0.394,0.381,0.508	0.323,0.351,0.486	0.041
4121	"Prss36"	NA	chrNC_000073.7	-	127534618	127535175	127534618	127534837	127534936	127535175	4121	0,0,4	2,1,4	2,0,3	0,0,3	199	100	1	1.0	0.0,0.0,0.334	1.0,NA,0.334	-0.556
4123	"Gmeb1"	NA	chrNC_000070.7	-	131978985	131988601	131978985	131979143	131979741	131988601	4123	8,0,11	7,5,4	11,8,30	4,9,12	698	100	0.152342994876	0.5259773228261897	0.141,0.0,0.283	0.283,0.113,0.264	-0.079
4125	"Gmeb1"	NA	chrNC_000070.7	-	131979741	131988601	131979741	131979804	131981275	131988601	4125	28,37,31	2,0,0	47,45,70	0,0,5	1571	100	0.0830625886516	0.3655666676369868	0.471,1.0,1.0	1.0,1.0,0.471	0.0
4126	"Pnpla3"	NA	chrNC_000081.7	+	84070177	84073720	84070177	84070282	84070603	84073720	4126	21,16,13	7,4,2	10,10,68	8,9,5	421	100	0.54966105983	0.9971014761755899	0.416,0.487,0.607	0.229,0.209,0.764	0.103
4128	"Pnpla3"	NA	chrNC_000081.7	+	84070603	84073720	84070603	84070720	84071319	84073720	4128	46,46,32	0,1,0	68,53,121	0,0,0	699	100	1	1.0	1.0,0.868,1.0	1.0,1.0,1.0	-0.044
4130	"Aplf"	NA	chrNC_000072.7	-	87605410	87607157	87605410	87606903	87606997	87607157	4130	66,65,70	2,0,0	68,53,65	0,1,1	194	100	1	1.0	0.944,1.0,1.0	1.0,0.965,0.971	0.003
4131	"Hmces"	NA	chrNC_000072.7	+	87909840	87910416	87909840	87909964	87910223	87910416	4131	16,13,18	14,3,9	22,21,18	11,4,10	359	100	0.540576376975	0.9925539895861891	0.241,0.547,0.358	0.358,0.594,0.334	-0.047
4132	"Gm34872"	NA	chrNC_000072.7	+	87984133	87987547	87984133	87984193	87985303	87987547	4132	28,16,11	0,1,0	12,24,31	0,0,2	1210	100	0.874017563557	1.0	1.0,0.569,1.0	1.0,1.0,0.562	0.002
4134	"Gm36409"	NA	chrNC_000072.7	-	88945483	88950869	88945483	88945577	88945919	88950869	4134	4,4,0	1,0,0	0,0,2	0,0,1	442	100	1	1.0	0.475,1.0,NA	NA,NA,0.312	0.426
4137	"Sema6c"	NA	chrNC_000069.7	+	95074316	95074787	95074316	95074431	95074723	95074787	4137	5,17,8	11,29,13	9,1,24	18,12,107	392	100	0.0167559789067	0.13918250264838866	0.104,0.13,0.136	0.113,0.021,0.054	0.061
4138	"Sema6c"	NA	chrNC_000069.7	+	95074316	95074787	95074316	95074531	95074723	95074787	4138	4,11,6	0,2,0	5,0,13	0,0,0	292	100	1	1.0	1.0,0.653,1.0	1.0,NA,1.0	-0.116
4139	"Sema6c"	NA	chrNC_000069.7	+	95074316	95074787	95074316	95074584	95074723	95074787	4139	4,9,5	0,0,1	4,0,7	0,0,0	239	100	1	1.0	1.0,1.0,0.677	1.0,NA,1.0	-0.108
4140	"Fdx2"	NA	chrNC_000075.7	-	20984370	20984614	20984370	20984477	20984559	20984614	4140	80,85,74	112,94,96	55,73,134	72,123,164	182	100	0.544291956143	0.9967958630602971	0.282,0.332,0.298	0.296,0.246,0.31	0.02
4141	"Fdx2"	NA	chrNC_000075.7	-	20984370	20984827	20984370	20984477	20984684	20984827	4141	100,92,81	5,7,2	89,84,158	3,1,1	307	100	0.00514158661389	0.06659561395118323	0.867,0.811,0.93	0.906,0.965,0.981	-0.081
4142	"Fdx2"	NA	chrNC_000075.7	-	20984370	20984827	20984370	20984614	20984684	20984827	4142	37,30,28	104,105,85	50,31,73	105,86,123	170	100	0.0181955478893	0.14572369930169177	0.173,0.144,0.162	0.219,0.175,0.259	-0.058
4143	"Klf15"	NA	chrNC_000072.7	+	90453663	90456152	90453663	90453747	90453943	90456152	4143	33,41,34	5,10,7	66,71,64	9,5,8	296	100	0.0728995878977	0.3424784158713062	0.69,0.581,0.621	0.712,0.828,0.73	-0.126
4145	"Wnt7a"	NA	chrNC_000072.7	-	91340962	91343310	91340962	91341116	91341906	91343310	4145	367,379,269	1,0,0	356,621,636	0,3,5	890	100	0.0400386129429	0.23888960124590616	0.976,1.0,1.0	1.0,0.959,0.935	0.027
4146	"Brd7"	NA	chrNC_000074.7	-	89057225	89059171	89057225	89058070	89059106	89059171	4146	379,299,314	9,10,20	385,402,428	16,10,30	1136	100	0.656138903887	1.0	0.788,0.725,0.58	0.679,0.78,0.557	0.026
4147	"Lrig1"	NA	chrNC_000072.7	-	94581509	94582984	94581509	94581760	94581890	94582984	4147	257,259,215	6,5,1	369,251,226	5,7,5	230	100	0.507322534223	0.970424716209249	0.949,0.957,0.989	0.97,0.94,0.952	0.011
4148	"Med10"	NA	chrNC_000079.7	+	69961822	69964221	69961822	69961925	69963709	69964221	4148	162,198,148	446,491,510	141,213,251	454,500,529	1884	100	0.212174259673	0.6331565870671421	0.019,0.021,0.015	0.016,0.022,0.025	-0.003
4149	"Dab2ip"	NA	chrNC_000068.8	+	35618069	35621006	35618069	35618140	35619122	35621006	4149	2224,1754,1978	111,102,95	2006,2318,1741	79,139,114	1082	100	0.739259196596	1.0	0.649,0.614,0.658	0.701,0.606,0.585	0.01
4150	"Dab2ip"	NA	chrNC_000068.8	+	35618069	35621006	35618069	35618140	35620435	35621006	4150	5556,4533,4877	3,9,2	5138,5913,4706	7,1,0	2395	100	0.1442883579	0.5098128900772525	0.987,0.955,0.99	0.968,0.996,1.0	-0.011
4155	"Trnt1"	NA	chrNC_000072.7	+	106756146	106759435	106756146	106756428	106758607	106759435	4155	2466,2494,2353	212,211,206	2433,2501,2959	237,227,247	2279	100	0.62936513018	1.0	0.338,0.342,0.334	0.311,0.326,0.345	0.011
4158	"Rad18"	NA	chrNC_000072.7	-	112626555	112626798	112626555	112626663	112626699	112626798	4158	36,30,21	6,3,4	52,23,33	2,6,3	136	100	0.451769966953	0.9166474317313683	0.815,0.88,0.794	0.95,0.738,0.89	-0.03
4159	"Pkn1"	NA	chrNC_000074.7	-	84400109	84400339	84400109	84400185	84400259	84400339	4159	26,32,35	160,134,165	50,60,45	178,176,140	174	100	0.00753585213918	0.0857987013328098	0.085,0.121,0.109	0.139,0.164,0.156	-0.048
4160	"Pi4k2a"	NA	chrNC_000085.7	+	42108231	42110470	42108231	42108423	42110033	42110470	4160	5042,5337,4588	42,65,39	4424,5256,5816	42,35,82	1710	100	0.788843579457	1.0	0.875,0.828,0.873	0.86,0.898,0.806	0.004
4161	"Actn4"	NA	chrNC_000073.7	-	28594545	28594937	28594545	28594611	28594856	28594937	4161	217,84,115	2,1,0	150,170,121	1,2,0	345	100	1	1.0	0.969,0.961,1.0	0.978,0.961,1.0	-0.003
4162	"Actn4"	NA	chrNC_000073.7	-	28609327	28611000	28609327	28609413	28610914	28611000	4162	126,130,52	1,0,0	94,102,353	2,3,0	1601	100	0.0300626252362	0.19869527924861935	0.887,1.0,1.0	0.746,0.68,1.0	0.154
4163	"Mtmr4"	NA	chrNC_000077.7	+	87483151	87483852	87483151	87483287	87483723	87483852	4163	26,35,39	0,1,0	51,55,57	0,0,2	536	100	1	1.0	1.0,0.867,1.0	1.0,1.0,0.842	0.008
4164	"Mtmr4"	NA	chrNC_000077.7	+	87483151	87483852	87483151	87483421	87483723	87483852	4164	26,25,33	0,2,2	42,52,54	3,0,1	402	100	0.659036256338	1.0	1.0,0.757,0.804	0.777,1.0,0.931	-0.049
4166	"Cyp26b1"	NA	chrNC_000072.7	-	84564783	84569807	84564783	84565175	84565508	84569807	4166	475,419,388	7,4,8	234,375,442	7,5,6	433	100	0.708160118382	1.0	0.94,0.96,0.918	0.885,0.945,0.944	0.015
4167	"Gpr137b"	NA	chrNC_000079.7	-	13535412	13535657	13535412	13535421	13535520	13535657	4167	58,63,46	0,5,8	60,40,40	2,0,7	199	100	0.592505087606	1.0	1.0,0.864,0.743	0.938,1.0,0.742	-0.024
4168	"Ttll10"	NA	chrNC_000070.7	-	156132748	156133161	156132748	156132952	156133039	156133161	4168	2,6,16	0,0,0	26,9,4	2,0,0	187	100	1	1.0	1.0,1.0,1.0	0.874,1.0,1.0	0.042
4169	"Ubxn1"	NA	chrNC_000085.7	+	8848911	8849120	8848911	8848949	8849034	8849120	4169	228,248,349	129,143,142	307,229,279	195,149,126	185	100	0.359951439283	0.8237745796162371	0.489,0.484,0.571	0.46,0.454,0.545	0.028
4170	"Mbd4"	NA	chrNC_000072.7	-	115817657	115821183	115817657	115819523	115821023	115821183	4170	115,98,104	43,29,34	122,106,103	28,41,26	1600	100	0.404505627455	0.8666406320224084	0.143,0.174,0.16	0.214,0.139,0.198	-0.025
4171	"Mbd4"	NA	chrNC_000072.7	-	115822274	115822578	115822274	115822409	115822503	115822578	4171	8,2,4	28,18,9	6,6,10	21,19,27	194	100	0.41441536669	0.8717897238020079	0.128,0.054,0.186	0.128,0.14,0.16	-0.02
4172	"Dcaf17"	NA	chrNC_000068.8	+	70920132	70926203	70920132	70920277	70924541	70926203	4172	988,1021,1009	1,1,3	994,873,1021	8,1,4	4364	100	0.021727977491	0.16269801621151964	0.958,0.959,0.885	0.74,0.952,0.854	0.085
4174	"Gm38882"	NA	chrNC_000072.7	+	117860941	117861556	117860941	117861272	117861430	117861556	4174	29,29,42	5,10,12	48,24,31	24,5,8	258	100	0.519174910763	0.9807997724555731	0.692,0.529,0.576	0.437,0.65,0.6	0.037
4176	"Fxyd4"	NA	chrNC_000072.7	-	117912814	117913741	117912814	117912883	117913698	117913741	4176	19,3,6	0,2,0	6,4,26	0,0,0	915	100	0.338296072911	0.8047236281900103	1.0,0.141,1.0	1.0,1.0,1.0	-0.286
4177	"Ret"	NA	chrNC_000072.7	-	118128708	118132396	118128708	118130971	118132248	118132396	4177	124,39,52	4,3,3	64,84,100	0,7,3	1377	100	0.519876002586	0.9809674395085652	0.692,0.486,0.557	1.0,0.466,0.708	-0.146
4178	"Pfkp"	NA	chrNC_000079.7	-	6638524	6646098	6638524	6638689	6640953	6646098	4178	1485,1497,1224	11,10,13	2740,1463,3497	12,6,6	2364	100	0.00060821184559	0.01597303896123246	0.851,0.864,0.799	0.906,0.912,0.961	-0.088
4179	"Pfkp"	NA	chrNC_000079.7	-	6638524	6646098	6638524	6638689	6643136	6646098	4179	2611,2656,2162	17,24,20	4723,2538,5888	46,21,32	4547	100	0.723385070834	1.0	0.772,0.709,0.704	0.693,0.727,0.802	-0.012
4180	"Bms1"	NA	chrNC_000072.7	-	118369504	118369952	118369504	118369615	118369763	118369952	4180	124,101,133	5,12,3	114,119,114	6,7,8	248	100	0.893689480342	1.0	0.909,0.772,0.947	0.885,0.873,0.852	0.006
4181	"Bms1"	NA	chrNC_000072.7	-	118369504	118369952	118369504	118369685	118369763	118369952	4181	33,25,27	57,84,88	21,23,41	84,76,68	178	100	0.968573914673	1.0	0.245,0.143,0.147	0.123,0.145,0.253	0.005
4182	"Grina"	NA	chrNC_000081.7	+	76131728	76132377	76131728	76131768	76132050	76132377	4182	443,489,487	105,99,106	814,449,792	100,86,100	382	100	0.00170941079801	0.033808346893975556	0.525,0.564,0.546	0.681,0.577,0.675	-0.099
4183	"Grina"	NA	chrNC_000081.7	+	76131728	76132377	76131728	76131937	76132050	76132377	4183	363,385,369	76,65,76	642,332,637	136,78,96	213	100	0.986133282088	1.0	0.692,0.736,0.695	0.689,0.666,0.757	0.004
4184	"Hdhd5"	NA	chrNC_000072.7	-	120497516	120498267	120497516	120497618	120497710	120498267	4184	97,66,56	10,3,0	28,85,70	4,2,4	192	100	0.792102083374	1.0	0.835,0.92,1.0	0.785,0.957,0.901	0.037
4185	"Cecr2"	NA	chrNC_000072.7	+	120734775	120735592	120734775	120734922	120735486	120735592	4185	42,42,67	0,1,0	66,51,56	1,0,0	664	100	1	1.0	1.0,0.863,1.0	0.909,1.0,1.0	-0.015
4186	"Mmaa"	NA	chrNC_000074.7	-	80010837	80020861	80010837	80011075	80012105	80020861	4186	128,74,79	0,2,5	114,116,108	10,0,3	1130	100	0.606077273749	1.0	1.0,0.766,0.583	0.502,1.0,0.761	0.029
4187	"Mmaa"	NA	chrNC_000074.7	-	80010837	80020861	80010837	80011044	80012882	80020861	4187	229,142,172	0,0,2	266,224,204	3,0,1	1938	100	0.363891242432	0.8254606480808705	1.0,1.0,0.816	0.821,1.0,0.913	0.027
4188	"Mmaa"	NA	chrNC_000074.7	-	80010837	80020861	80010837	80011047	80012882	80020861	4188	229,142,172	0,0,0	266,224,202	0,3,1	1935	100	0.31409847464	0.7740998816537802	1.0,1.0,1.0	1.0,0.794,0.913	0.098
4189	"Mmaa"	NA	chrNC_000074.7	-	80010837	80020861	80010837	80011075	80012882	80020861	4189	219,128,164	0,3,0	253,213,189	0,0,1	1907	100	0.636675220353	1.0	1.0,0.691,1.0	1.0,1.0,0.908	-0.072
4190	"Mmaa"	NA	chrNC_000074.7	-	80012105	80020861	80012105	80012188	80012882	80020861	4190	92,56,86	0,3,2	141,97,83	1,0,10	794	100	0.428910728038	0.8854574565939125	1.0,0.702,0.844	0.947,1.0,0.511	0.029
4191	"Iqsec3"	NA	chrNC_000072.7	-	121349885	121356868	121349885	121353473	121355918	121356868	4191	154,209,68	8,11,4	116,150,687	4,7,16	2545	100	0.0727449814128	0.3424286051659295	0.431,0.427,0.4	0.533,0.457,0.628	-0.12
4192	"Iqsec3"	NA	chrNC_000072.7	-	121349885	121356868	121349885	121353490	121355918	121356868	4192	134,178,62	9,11,5	110,144,620	14,11,50	2528	100	0.329204121898	0.7930464021544192	0.371,0.39,0.329	0.237,0.341,0.329	0.061
4195	"Fbxo48"	NA	chrNC_000077.7	+	16902255	16903681	16902255	16902464	16903141	16903681	4195	18,5,6	0,1,3	11,6,1	11,1,0	777	100	0.193472165569	0.5983444193852084	1.0,0.392,0.205	0.114,0.436,1.0	0.016
4196	"Fbxo48"	NA	chrNC_000077.7	+	16903141	16903681	16903141	16903253	16903348	16903681	4196	5,1,7	0,0,5	4,6,1	2,0,0	195	100	0.110881429126	0.43697921146335056	1.0,1.0,0.418	0.506,1.0,1.0	-0.029
4197	"Plch2"	NA	chrNC_000070.7	-	155067582	155069849	155067582	155069422	155069822	155069849	4197	6,16,5	51,38,13	3,7,23	32,63,162	500	100	0.0263602316241	0.18055182585887694	0.023,0.078,0.071	0.018,0.022,0.028	0.035
4198	"Plch2"	NA	chrNC_000070.7	-	155069822	155071473	155069822	155069849	155070671	155071473	4198	52,72,9	28,23,8	61,43,246	23,49,109	922	100	0.511833295399	0.9743992147702888	0.168,0.253,0.109	0.223,0.087,0.197	0.008
4199	"Plch2"	NA	chrNC_000070.7	-	155069822	155071473	155069822	155069849	155071175	155071473	4199	329,294,124	1,0,0	236,253,1171	0,0,0	1426	100	1	1.0	0.958,1.0,1.0	1.0,1.0,1.0	-0.014
4200	"Gm31615"	NA	chrNC_000083.7	-	88641202	88651422	88641202	88651123	88651359	88651422	4200	2,0,0	1,2,0	0,0,2	0,0,1	336	100	1	1.0	0.373,0.0,NA	NA,NA,0.373	-0.186
4208	"Iffo1"	NA	chrNC_000072.7	+	125128757	125129734	125128757	125128766	125129576	125129734	4208	560,446,433	45,54,45	562,537,545	45,41,29	910	100	0.0297523307954	0.19736328751234286	0.578,0.476,0.514	0.578,0.59,0.674	-0.091
4209	"Iffo1"	NA	chrNC_000072.7	+	125137495	125138746	125137495	125137607	125137719	125138746	4209	268,232,255	36,48,32	307,314,243	32,34,40	212	100	0.205392915672	0.6227978926726275	0.778,0.695,0.79	0.819,0.813,0.741	-0.037
4210	"Vamp1"	NA	chrNC_000072.7	+	125196548	125199269	125196548	125196600	125197012	125199269	4210	211,176,216	13,62,23	243,248,307	49,24,231	512	100	0.212830725428	0.6331565870671421	0.76,0.357,0.647	0.492,0.669,0.206	0.132
4211	"Rad51ap1"	NA	chrNC_000072.7	-	126904500	126905190	126904500	126904650	126905103	126905190	4211	13,6,12	1,2,5	0,18,12	5,2,6	553	100	0.212498341754	0.6331565870671421	0.702,0.352,0.303	0.0,0.619,0.266	0.157
4212	"Rad51ap1"	NA	chrNC_000072.7	-	126904500	126905190	126904500	126904653	126905103	126905190	4212	13,6,12	4,4,3	0,18,12	3,13,2	550	100	0.279770468014	0.7281759378690951	0.371,0.214,0.421	0.0,0.201,0.522	0.094
4213	"Adgre1"	NA	chrNC_000083.7	+	57790114	57790527	57790114	57790167	57790254	57790527	4213	76,98,57	9,4,6	32,70,43	1,5,1	187	100	0.0901994816976	0.3858466480094932	0.819,0.929,0.836	0.945,0.882,0.958	-0.067
4214	"Rhno1"	NA	chrNC_000072.7	-	128336068	128339147	128336068	128336317	128339020	128339147	4214	378,302,387	2,11,2	386,473,390	2,7,2	2803	100	0.438256366243	0.8995345275096553	0.871,0.495,0.873	0.873,0.707,0.874	-0.072
4215	"Rhno1"	NA	chrNC_000072.7	-	128336068	128339147	128336068	128336317	128339131	128339147	4215	391,314,398	0,0,2	399,493,410	0,0,0	2914	100	1	1.0	1.0,1.0,0.872	1.0,1.0,1.0	-0.043
4224	"Gm35248"	NA	chrNC_000081.7	+	38306179	38308379	38306179	38307061	38308170	38308379	4224	4,10,1	0,5,0	15,8,20	0,0,0	1209	100	0.0105119176679	0.10459684536630931	1.0,0.142,1.0	1.0,1.0,1.0	-0.286
4225	"Lmo3"	NA	chrNC_000072.7	-	138399438	138399886	138399438	138399504	138399633	138399886	4225	5,38,21	0,1,1	20,6,52	2,1,3	229	100	0.0163775477242	0.13700695276328148	1.0,0.943,0.902	0.814,0.724,0.883	0.141
4226	"Lmo3"	NA	chrNC_000072.7	-	138399438	138399886	138399438	138399504	138399726	138399886	4226	15,44,29	0,0,1	32,14,85	1,0,4	322	100	0.0648421251658	0.32259964135283103	1.0,1.0,0.9	0.909,1.0,0.868	0.041
4231	"Tmem145"	NA	chrNC_000073.7	+	25008187	25008497	25008187	25008266	25008403	25008497	4231	23,38,11	31,36,13	17,34,132	16,23,78	237	100	0.0186265864466	0.1480742387389511	0.238,0.308,0.263	0.31,0.384,0.417	-0.101
4232	"Tmem145"	NA	chrNC_000073.7	+	25014123	25015621	25014123	25014330	25014821	25015621	4232	28,48,26	23,14,10	11,9,91	8,14,82	591	100	0.0112308831438	0.11037959997771533	0.171,0.367,0.306	0.189,0.098,0.158	0.133
4233	"Cfap44"	NA	chrNC_000082.7	+	44280509	44282072	44280509	44280705	44281820	44282072	4233	270,224,435	3,6,5	787,478,353	16,4,10	1215	100	0.463123744688	0.9291474502068579	0.881,0.754,0.877	0.802,0.908,0.744	0.019
4234	"Cfap44"	NA	chrNC_000082.7	+	44280509	44282072	44280509	44280705	44281992	44282072	4234	318,280,520	1,0,2	890,569,431	3,0,1	1387	100	0.965207039582	1.0	0.958,1.0,0.949	0.955,1.0,0.969	-0.006
4235	"Cfap44"	NA	chrNC_000082.7	+	44280509	44282072	44280509	44281904	44281992	44282072	4235	49,59,94	2,2,3	123,94,82	6,4,4	188	100	0.326610342377	0.792546921741964	0.929,0.94,0.943	0.916,0.926,0.916	0.018
4237	"Pacs1"	NA	chrNC_000085.7	-	5322566	5323138	5322566	5322835	5322951	5323138	4237	51,32,74	0,0,0	63,21,140	2,0,0	216	100	1	1.0	1.0,1.0,1.0	0.936,1.0,1.0	0.021
4238	"Slc9a7"	NA	chrNC_000086.8	-	19965089	19972453	19965089	19969012	19972159	19972453	4238	2142,2107,1572	21,12,20	1817,1848,3148	19,21,12	3247	100	0.564636561691	1.0	0.759,0.844,0.708	0.747,0.73,0.89	-0.019
4240	"9330154J02Rik"	NA	chrNC_000075.7	-	85702353	85705178	85702353	85703091	85705017	85705178	4240	158,79,107	3,6,7	149,106,70	9,10,3	2026	100	0.436618927775	0.8973233127588839	0.722,0.394,0.43	0.45,0.343,0.535	0.073
4242	"Mtf2"	NA	chrNC_000071.7	+	108217027	108221320	108217027	108217229	108221172	108221320	4242	174,198,131	3,2,9	141,222,269	5,3,5	4043	100	0.655038140563	1.0	0.589,0.71,0.265	0.411,0.647,0.571	-0.022
4243	"Mtf2"	NA	chrNC_000071.7	+	108228690	108228889	108228690	108228707	108228787	108228889	4243	111,72,86	4,0,1	84,108,113	2,5,2	180	100	0.227395984625	0.6520706134888794	0.939,1.0,0.979	0.959,0.923,0.969	0.022
4245	"Gm6288"	NA	chrNC_000072.7	-	147357305	147358097	147357305	147357580	147357975	147358097	4245	2,4,0	0,0,0	1,4,6	0,2,1	495	100	1	1.0	1.0,1.0,NA	1.0,0.288,0.548	0.388
4246	"Etfbkmt"	NA	chrNC_000072.7	+	149045531	149048786	149045531	149045940	149048655	149048786	4246	374,245,413	199,234,297	409,394,211	329,237,193	2815	100	0.595450655085	1.0	0.063,0.036,0.047	0.042,0.056,0.037	0.004
4247	"Etfbkmt"	NA	chrNC_000072.7	+	149051839	149052669	149051839	149051929	149052006	149052669	4247	336,338,489	24,13,22	441,422,260	34,22,15	177	100	0.272709282298	0.7197368537749523	0.888,0.936,0.926	0.88,0.916,0.907	0.016
4252	"Hcfc1r1"	NA	chrNC_000083.7	+	23892569	23893042	23892569	23892677	23892942	23893042	4252	359,486,386	56,55,42	496,512,513	67,39,59	365	100	0.365840861509	0.8254606480808705	0.637,0.708,0.716	0.67,0.782,0.704	-0.032
4253	"Hcfc1r1"	NA	chrNC_000083.7	+	23892569	23893042	23892569	23892864	23892942	23893042	4253	221,331,259	33,27,22	364,296,315	23,44,35	178	100	0.868560404869	1.0	0.79,0.873,0.869	0.899,0.791,0.835	0.002
4254	"Cnot3"	NA	chrNC_000073.7	+	3648245	3649064	3648245	3648583	3648991	3649064	4254	46,30,49	9,2,8	23,33,44	5,7,4	508	100	0.819960894233	1.0	0.502,0.747,0.547	0.475,0.481,0.684	0.052
4256	"Pts"	NA	chrNC_000075.7	-	50436452	50437091	50436452	50436584	50436930	50437091	4256	89,34,75	1,0,1	92,71,51	0,0,1	446	100	1	1.0	0.952,1.0,0.944	1.0,1.0,0.92	-0.008
4257	"Pts"	NA	chrNC_000075.7	-	50436561	50437091	50436561	50436584	50436991	50437091	4257	97,45,95	0,0,0	106,89,62	1,0,0	507	100	1	1.0	1.0,1.0,1.0	0.954,1.0,1.0	0.015
4258	"Arhgap26"	NA	chrNC_000084.7	+	39490605	39490881	39490605	39490716	39490851	39490881	4258	13,0,5	1,0,0	8,0,22	0,0,7	235	100	1	1.0	0.847,NA,1.0	1.0,NA,0.572	0.137
4259	"Zfp628"	NA	chrNC_000073.7	+	4921774	4925001	4921774	4921951	4922097	4925001	4259	197,195,166	19,17,9	148,163,172	11,13,11	246	100	0.658185011695	1.0	0.808,0.823,0.882	0.845,0.836,0.864	-0.011
4261	"Zfp865"	NA	chrNC_000073.7	+	5031617	5035583	5031617	5031649	5031989	5035583	4261	100,119,48	3,9,1	91,87,75	0,0,2	440	100	9.10435924375e-05	0.004788155599781548	0.883,0.75,0.916	1.0,1.0,0.895	-0.115
4263	"Cdkl4"	NA	chrNC_000083.7	-	80830978	80832815	80830978	80832529	80832634	80832815	4263	272,478,529	0,0,7	857,333,450	8,1,2	205	100	0.819395566381	1.0	1.0,1.0,0.974	0.981,0.994,0.991	0.003
4265	"Tpcn2"	NA	chrNC_000073.7	-	144739753	144740596	144739753	144740215	144740394	144740596	4265	16,12,12	0,1,0	34,7,10	1,0,0	279	100	1	1.0	1.0,0.811,1.0	0.924,1.0,1.0	-0.038
4266	"Gm34857"	NA	chrNC_000083.7	+	44360916	44377173	44360916	44363254	44363585	44377173	4266	1,6,1	0,0,0	0,0,0	2,0,0	431	100	1	1.0	1.0,1.0,1.0	0.0,NA,NA	1.0
4269	"Peg3"	NA	chrNC_000073.7	-	6706890	6714730	6706890	6712235	6712265	6714730	4269	215,236,157	9,2,0	193,216,299	0,2,1	130	100	0.186752600015	0.5868392873913176	0.948,0.989,1.0	1.0,0.988,0.996	-0.016
4270	"Peg3"	NA	chrNC_000073.7	-	6726780	6727497	6726780	6726901	6727462	6727497	4270	58,57,38	0,5,0	79,65,125	0,1,2	661	100	0.291529006435	0.7448561073100858	1.0,0.633,1.0	1.0,0.908,0.904	-0.06
4271	"Peg3"	NA	chrNC_000073.7	-	6726780	6729482	6726780	6727497	6727906	6729482	4271	20,46,28	6,2,1	56,25,69	0,1,1	509	100	0.000193482902086	0.007653323682512889	0.396,0.819,0.846	1.0,0.831,0.931	-0.234
4272	"Adamtsl1"	NA	chrNC_000070.7	+	86342396	86346627	86342396	86342617	86344078	86346627	4272	499,413,488	85,97,68	411,505,231	84,58,34	1561	100	0.337492515909	0.8047236281900103	0.273,0.214,0.315	0.239,0.358,0.303	-0.033
4273	"Trmt1"	NA	chrNC_000074.7	+	85416260	85417201	85416260	85416537	85417145	85417201	4273	185,170,119	136,120,98	137,241,320	107,107,141	708	100	0.00824607320019	0.09034501177346939	0.161,0.167,0.146	0.153,0.241,0.243	-0.054
4274	"Trmt1"	NA	chrNC_000074.7	+	85416260	85417576	85416260	85416537	85417401	85417576	4274	318,309,189	1,0,0	252,375,523	0,0,2	964	100	1	1.0	0.971,1.0,1.0	1.0,1.0,0.964	0.002
4275	"Trmt1"	NA	chrNC_000074.7	+	85416260	85417576	85416260	85417201	85417401	85417576	4275	167,171,85	2,5,4	151,170,249	3,0,9	300	100	0.879733548551	1.0	0.965,0.919,0.876	0.944,1.0,0.902	-0.029
4276	"Trmt1"	NA	chrNC_000074.7	+	85417145	85417576	85417145	85417201	85417439	85417576	4276	197,195,111	90,79,85	189,191,281	62,64,85	338	100	0.004231836191	0.05908226711954961	0.393,0.422,0.279	0.474,0.469,0.494	-0.114
4277	"Zfp945"	NA	chrNC_000083.7	-	23080479	23080826	23080479	23080535	23080705	23080826	4277	27,29,16	22,21,15	54,37,55	24,26,34	270	100	0.147464126619	0.5152399800297448	0.312,0.338,0.283	0.455,0.345,0.375	-0.081
4278	"Zfp945"	NA	chrNC_000083.7	-	23080479	23080954	23080479	23080826	23080911	23080954	4278	26,26,30	5,3,8	26,30,25	0,2,4	185	100	0.0223020763696	0.16540706640786668	0.738,0.824,0.67	1.0,0.89,0.772	-0.143
4279	"Hsd3b7"	NA	chrNC_000073.7	+	127401005	127401285	127401005	127401114	127401185	127401285	4279	39,47,41	157,118,142	57,36,49	167,153,95	171	100	0.473762670172	0.9384880799756736	0.127,0.189,0.144	0.166,0.121,0.232	-0.02
4282	"Pigk"	NA	chrNC_000069.7	+	152528263	152533420	152528263	152528354	152533346	152533420	4282	21,28,26	0,1,1	22,17,89	0,1,2	5092	100	0.887297310307	1.0	1.0,0.355,0.338	1.0,0.25,0.466	-0.008
4283	"Pigk"	NA	chrNC_000069.7	+	152528263	152535548	152528263	152528354	152535232	152535548	4283	29,46,35	4,0,0	23,30,117	0,1,0	6978	100	0.043815978319	0.2561795520694818	0.094,1.0,1.0	1.0,0.301,1.0	-0.069
4285	"Pigk"	NA	chrNC_000069.7	+	152528263	152547539	152528263	152533778	152535232	152547539	4285	6,13,5	0,0,0	0,7,16	1,2,2	1554	100	1.8367328769e-08	1.4712230343969e-05	1.0,1.0,1.0	0.0,0.184,0.34	0.825
4287	"Pigk"	NA	chrNC_000069.7	+	152528263	152545920	152528263	152535548	152545712	152545920	4287	22,56,14	2,0,0	21,25,96	0,0,0	10264	100	0.192881617756	0.5974898607688347	0.097,1.0,1.0	1.0,1.0,1.0	-0.301
4288	"Pigk"	NA	chrNC_000069.7	+	152528263	152547539	152528263	152545920	152546744	152547539	4288	28,28,13	1,0,1	16,26,28	0,1,1	924	100	1	1.0	0.752,1.0,0.585	1.0,0.738,0.752	-0.051
4289	"Pigk"	NA	chrNC_000069.7	+	152528263	152548563	152528263	152547539	152548096	152548563	4289	14,20,10	0,1,3	21,22,52	2,1,1	657	100	0.526297011541	0.9844616198548356	1.0,0.753,0.337	0.615,0.77,0.888	-0.061
4290	"Zfp329"	NA	chrNC_000073.7	-	12539144	12545593	12539144	12540519	12541838	12545593	4290	578,381,605	16,32,25	647,614,504	19,31,46	1419	100	0.707664263922	1.0	0.718,0.456,0.63	0.706,0.583,0.436	0.026
4291	"Zfp329"	NA	chrNC_000073.7	-	12539144	12545593	12539144	12540519	12543619	12545593	4291	1480,1176,1536	0,0,2	1646,1651,1424	1,1,2	3200	100	0.584935152081	1.0	1.0,1.0,0.96	0.981,0.981,0.957	0.014
4292	"Zfp329"	NA	chrNC_000073.7	-	12541838	12545593	12541838	12541900	12543619	12545593	4292	913,801,954	2,7,0	1017,1058,928	3,2,2	1819	100	0.571119043848	1.0	0.962,0.863,1.0	0.949,0.967,0.962	-0.018
4293	"Zfp329"	NA	chrNC_000073.7	-	12539144	12545593	12539144	12540519	12544732	12545593	4293	2224,1863,2249	0,2,0	2359,2398,2232	0,0,0	4313	100	1	1.0	1.0,0.956,1.0	1.0,1.0,1.0	-0.015
4294	"Zfp329"	NA	chrNC_000073.7	-	12541838	12545593	12541838	12541900	12544732	12545593	4294	1657,1488,1667	1,3,4	1730,1805,1736	4,5,4	2932	100	0.271664811485	0.7176617255097971	0.983,0.944,0.934	0.937,0.925,0.937	0.021
4295	"Zfp446"	NA	chrNC_000073.7	+	12715772	12718310	12715772	12715854	12716045	12718310	4295	74,67,54	28,40,39	50,45,70	62,44,46	291	100	0.0191095331335	0.14969912997489976	0.476,0.365,0.322	0.217,0.26,0.343	0.114
4296	"Zfp446"	NA	chrNC_000073.7	+	12715772	12718310	12715772	12715854	12716049	12718310	4296	75,70,54	6,4,5	53,45,75	1,3,6	295	100	0.442736543277	0.9053209638782679	0.809,0.856,0.785	0.947,0.836,0.809	-0.047
4297	"Srsf4"	NA	chrNC_000070.7	+	131611586	131612803	131611586	131611793	131612619	131612803	4297	106,74,92	38,38,28	90,84,104	22,24,41	926	100	0.282018407653	0.7328361541931971	0.232,0.174,0.262	0.306,0.274,0.215	-0.042
4298	"Srsf4"	NA	chrNC_000070.7	+	131611586	131612803	131611586	131611793	131612666	131612803	4298	140,111,122	7,7,6	112,113,129	5,5,5	973	100	0.485688209796	0.9541048584833747	0.673,0.62,0.676	0.697,0.699,0.726	-0.051
4299	"Etfrf1"	NA	chrNC_000072.7	+	145160247	145160997	145160247	145160271	145160490	145160997	4299	293,296,286	2,0,0	341,243,218	5,0,0	319	100	0.560024177838	1.0	0.979,1.0,1.0	0.955,1.0,1.0	0.008
4300	"Etfrf1"	NA	chrNC_000072.7	+	145160247	145160997	145160247	145160510	145160909	145160997	4300	271,220,207	21,35,27	288,222,176	39,20,17	499	100	0.704531640331	1.0	0.721,0.557,0.606	0.597,0.69,0.675	-0.026
4301	"Fbxl5"	NA	chrNC_000071.7	-	43901957	43905000	43901957	43902717	43904870	43905000	4301	265,266,297	5,0,0	391,384,726	3,13,8	2253	100	0.0190803164772	0.14969912997489976	0.702,1.0,1.0	0.853,0.567,0.801	0.16
4302	"Fbxl5"	NA	chrNC_000071.7	-	43915563	43916286	43915563	43915753	43915849	43916286	4302	429,398,436	4,9,11	593,433,525	4,1,7	196	100	0.00742105529204	0.08560887982140172	0.982,0.958,0.953	0.987,0.995,0.975	-0.021
4304	"Gm2004"	NA	chrNC_000068.8	-	175885146	175886157	175885146	175885535	175886096	175886157	4304	3,3,0	1,3,0	3,4,2	0,0,0	661	100	1	1.0	0.312,0.131,NA	1.0,1.0,1.0	-0.778
4305	"Zc3h4"	NA	chrNC_000073.7	+	16133533	16134966	16133533	16133593	16134800	16134966	4305	99,83,154	4,16,7	146,104,84	9,0,5	1307	100	0.156508324064	0.535168271399206	0.654,0.284,0.627	0.554,1.0,0.562	-0.184
4306	"Med7"	NA	chrNC_000077.7	+	46330632	46330802	46330632	46330651	46330720	46330802	4306	287,285,297	13,9,14	307,317,309	7,13,6	169	100	0.131320407294	0.4823542003350103	0.929,0.949,0.926	0.963,0.935,0.968	-0.021
4308	"Gm39260"	NA	chrNC_000074.7	-	118144204	118145667	118144204	118144935	118145488	118145667	4308	2,5,0	0,0,0	10,6,2	0,0,1	653	100	1	1.0	1.0,1.0,NA	1.0,1.0,0.234	0.255
4309	"Gm39260"	NA	chrNC_000074.7	-	118144204	118146111	118144204	118144935	118146016	118146111	4309	4,8,2	0,1,1	13,8,2	0,3,0	1181	100	0.519490369052	0.9808174086285255	1.0,0.404,0.145	1.0,0.184,1.0	-0.212
4310	"Gm39260"	NA	chrNC_000074.7	-	118144204	118146111	118144204	118145667	118146016	118146111	4310	0,0,2	0,0,0	2,2,0	1,0,0	449	100	1	1.0	NA,NA,1.0	0.308,1.0,NA	0.346
4311	"Gm39260"	NA	chrNC_000074.7	-	118144204	118148190	118144204	118146111	118147954	118148190	4311	10,6,0	1,0,0	2,16,30	0,1,1	1943	100	1	1.0	0.34,1.0,NA	1.0,0.452,0.607	-0.016
4314	"Slc1a5"	NA	chrNC_000073.7	+	16529682	16530083	16529682	16529877	16529948	16530083	4314	31,15,17	26,37,17	24,12,14	43,9,30	171	100	0.552389238518	0.9971014761755899	0.411,0.192,0.369	0.246,0.438,0.214	0.025
4316	"Gm15834"	NA	chrNC_000067.7	+	58549729	58551425	58549729	58549803	58551297	58551425	4316	37,42,39	0,1,0	62,47,15	0,0,0	1594	100	1	1.0	1.0,0.725,1.0	1.0,1.0,1.0	-0.092
4317	"Dmpk"	NA	chrNC_000073.7	+	18821925	18822189	18821925	18822034	18822112	18822189	4317	1040,639,847	3,2,3	564,829,430	8,8,9	178	100	0.00288165924839	0.046867188994119596	0.995,0.994,0.994	0.975,0.983,0.964	0.02
4319	"Meiosin"	NA	chrNC_000073.7	-	18834710	18835174	18834710	18834946	18835015	18835174	4319	1,0,0	0,0,4	1,0,0	0,0,1	169	100	1	1.0	1.0,NA,0.0	1.0,NA,0.0	0.0
4322	"Meiosin"	NA	chrNC_000073.7	-	18837614	18838925	18837614	18837708	18838688	18838925	4322	6,0,0	0,1,0	2,0,12	0,0,4	1080	100	1	1.0	1.0,0.0,NA	1.0,NA,0.217	-0.109
4323	"Gipr"	NA	chrNC_000073.7	-	18893670	18893955	18893670	18893759	18893885	18893955	4323	7,20,7	1,19,19	52,3,252	57,3,364	226	100	0.581762153214	1.0	0.756,0.318,0.14	0.288,0.307,0.234	0.128
4324	"Dhtkd1"	NA	chrNC_000068.8	-	5928679	5929992	5928679	5928949	5929488	5929992	4324	3,4,2	2,6,0	0,0,4	5,1,4	639	100	0.0938814985328	0.3931978056197271	0.19,0.094,1.0	0.0,0.0,0.135	0.383
4325	"Baiap2"	NA	chrNC_000077.7	+	119893863	119897608	119893863	119893907	119897184	119897608	4325	3772,3623,4383	9,7,12	5110,3750,3349	12,8,0	3377	100	0.186760145996	0.5868392873913176	0.925,0.939,0.915	0.927,0.933,1.0	-0.027
4326	"Baiap2"	NA	chrNC_000077.7	+	119893863	119897608	119893863	119893911	119897184	119897608	4326	3768,3621,4382	73,85,90	5106,3746,3347	81,38,43	3373	100	0.00042306483698	0.012668221847513273	0.605,0.558,0.591	0.651,0.745,0.698	-0.113
4327	"Gm34744"	NA	chrNC_000073.7	+	19483675	19485868	19483675	19483874	19485724	19485868	4327	17,31,26	0,0,0	26,4,6	4,0,1	1950	100	5.2328170095e-05	0.003991891832961429	1.0,1.0,1.0	0.25,1.0,0.235	0.505
4328	"Gmppa"	NA	chrNC_000067.7	+	75412579	75412956	75412579	75412655	75412790	75412956	4328	135,98,88	10,8,14	111,119,177	10,16,16	235	100	0.870780468514	1.0	0.852,0.839,0.728	0.825,0.76,0.825	0.003
4329	"4930503L19Rik"	NA	chrNC_000084.7	-	70600401	70601588	70600401	70600556	70600829	70601588	4329	55,58,45	19,35,46	53,41,69	36,27,19	373	100	0.518682801751	0.9807997724555731	0.437,0.308,0.208	0.283,0.289,0.493	-0.037
4330	"4930503L19Rik"	NA	chrNC_000084.7	-	70600401	70601588	70600401	70600556	70601124	70601588	4330	192,193,168	1,1,1	286,196,241	4,0,1	668	100	0.506171924442	0.9694090886724946	0.966,0.967,0.962	0.915,1.0,0.973	0.002
4331	"Gm32861"	NA	chrNC_000073.7	-	109884708	109886304	109884708	109886006	109886169	109886304	4331	1,2,4	0,0,0	2,0,0	0,0,1	263	100	1	1.0	1.0,1.0,1.0	1.0,NA,0.0	0.5
4333	"Fgf14"	NA	chrNC_000080.7	-	124913921	124915098	124913921	124913986	124914603	124915098	4333	72,106,41	0,6,0	72,72,269	0,0,4	717	100	0.113508332165	0.4413600682726456	1.0,0.711,1.0	1.0,1.0,0.904	-0.064
4335	"Atp1a3"	NA	chrNC_000073.7	-	24677591	24678430	24677591	24678001	24678338	24678430	4335	13,22,11	1462,2839,958	10,25,78	1417,1509,9849	437	100	1	1.0	0.002,0.002,0.003	0.002,0.004,0.002	-0.0
4337	"Gm32221"	NA	chrNC_000067.7	-	134196795	134200259	134196795	134200075	134200225	134200259	4337	25,31,53	1,5,1	40,26,27	8,7,2	250	100	0.0229740135133	0.16837691815451508	0.909,0.713,0.955	0.667,0.598,0.844	0.156
4338	"Haao"	NA	chrNC_000083.7	-	84154065	84157589	84154065	84154251	84155220	84157589	4338	11,4,12	0,0,0	17,2,4	0,0,1	1069	100	1	1.0	1.0,1.0,1.0	1.0,1.0,0.272	0.243
4339	"Dnm2"	NA	chrNC_000075.7	+	21390194	21391841	21390194	21390333	21391702	21391841	4339	154,161,129	8,10,11	139,188,160	8,16,18	1469	100	0.352625693129	0.8172798542778441	0.567,0.523,0.444	0.542,0.444,0.377	0.057
4340	"Gm38972"	NA	chrNC_000073.7	-	27183717	27186292	27183717	27183840	27186149	27186292	4340	37,31,75	2,0,3	76,31,32	7,0,5	2409	100	0.420199690614	0.878225576469182	0.434,1.0,0.509	0.311,1.0,0.21	0.141
4343	"2310022A10Rik"	NA	chrNC_000073.7	+	27279761	27281524	27279761	27280116	27280775	27281524	4343	780,786,828	30,35,16	809,776,761	18,22,67	759	100	0.503173804577	0.9671079003387572	0.774,0.747,0.872	0.856,0.823,0.599	0.038
4346	"Zfp607a"	NA	chrNC_000073.7	+	27577190	27579015	27577190	27578864	27578937	27579015	4346	16,13,20	8,0,2	23,6,10	2,1,2	173	100	0.538614269626	0.9917869760405783	0.536,1.0,0.853	0.869,0.776,0.743	0.0
4347	"Plekhg2"	NA	chrNC_000073.7	-	28063895	28064057	28063895	28063934	28064009	28064057	4347	114,77,33	576,399,441	49,56,32	470,368,226	175	100	0.199568353845	0.6110163774197364	0.102,0.099,0.041	0.056,0.08,0.075	0.01
4348	"Plekhg2"	NA	chrNC_000073.7	-	28069662	28070467	28069662	28069919	28070302	28070467	4348	304,216,212	10,3,6	213,158,91	2,7,0	483	100	0.313640470232	0.7740998816537802	0.863,0.937,0.88	0.957,0.824,1.0	-0.034
4349	"Plekhg2"	NA	chrNC_000073.7	-	28069662	28070467	28069662	28069922	28070302	28070467	4349	304,215,212	10,1,6	213,158,91	7,3,4	480	100	0.612464377887	1.0	0.864,0.978,0.88	0.864,0.916,0.826	0.039
4350	"Plekhg2"	NA	chrNC_000073.7	-	28070302	28070670	28070302	28070467	28070539	28070670	4350	74,78,78	7,2,4	65,49,22	8,2,6	172	100	0.0837434285449	0.36805753780227657	0.86,0.958,0.919	0.825,0.934,0.681	0.099
4352	"Fbxo17"	NA	chrNC_000073.7	+	28436763	28437569	28436763	28436971	28437086	28437569	4352	2,4,11	2,4,3	3,5,4	1,1,2	215	100	0.355149626004	0.8186326631056231	0.317,0.317,0.63	0.583,0.699,0.482	-0.167
4353	"Fbxo17"	NA	chrNC_000073.7	+	28436763	28437569	28436763	28436971	28437089	28437569	4353	2,4,12	13,15,6	3,5,4	19,9,16	218	100	0.275086543864	0.722672351335623	0.066,0.109,0.478	0.068,0.203,0.103	0.093
4354	"Timm10b"	NA	chrNC_000073.7	+	105290234	105291053	105290234	105290367	105290828	105291053	4354	745,673,681	28,54,63	630,759,787	45,55,44	561	100	0.922915799696	1.0	0.826,0.69,0.658	0.714,0.711,0.761	-0.004
4355	"Timm10b"	NA	chrNC_000073.7	+	105290234	105291053	105290234	105290435	105290828	105291053	4355	295,226,263	81,60,76	256,339,320	61,53,88	493	100	0.15616132362	0.5351239367684277	0.425,0.433,0.412	0.46,0.565,0.424	-0.06
4356	"Hnrnpl"	NA	chrNC_000073.7	+	28516759	28517957	28516759	28516829	28517885	28517957	4356	1955,1612,1861	74,77,79	2293,1943,1900	91,93,110	1156	100	0.319452261682	0.7828047980017908	0.696,0.644,0.671	0.686,0.644,0.599	0.027
4357	"Hnrnpl"	NA	chrNC_000073.7	+	28517885	28518349	28517885	28517957	28518068	28518349	4357	901,901,752	1001,1058,968	590,842,743	1184,984,775	211	100	0.289987221734	0.7432952467485887	0.299,0.288,0.269	0.191,0.289,0.312	0.021
4359	"Rasgrp4"	NA	chrNC_000073.7	+	28848411	28849260	28848411	28848556	28849223	28849260	4359	4,0,0	0,0,1	0,0,8	0,0,0	767	100	1	1.0	1.0,NA,0.0	NA,NA,1.0	-0.5
4363	"Gm30189"	NA	chrNC_000068.8	-	174162698	174165758	174162698	174163990	174165456	174165758	4363	35,24,45	20,31,26	80,24,31	32,23,26	1566	100	0.387464518963	0.8498206233717045	0.101,0.047,0.1	0.138,0.062,0.071	-0.008
4366	"Mag"	NA	chrNC_000073.7	-	30608400	30608697	30608400	30608518	30608644	30608697	4366	48,28,24	2,2,1	47,48,10	0,0,1	226	100	0.017369678243	0.14129362992243655	0.914,0.861,0.914	1.0,1.0,0.816	-0.042
4368	"A230103J11Rik"	NA	chrNC_000074.7	-	85779788	85781449	85779788	85781105	85781294	85781449	4368	22,16,20	8,1,15	11,26,15	9,18,8	289	100	0.158288972781	0.5363238036588215	0.488,0.847,0.316	0.297,0.333,0.393	0.209
4372	"Gm34059"	NA	chrNC_000080.7	-	26044799	26045831	26044799	26044978	26045370	26045831	4372	0,0,2	0,1,0	4,0,4	0,0,0	492	100	1	1.0	NA,0.0,1.0	1.0,NA,1.0	-0.5
4374	"Morc4"	NA	chrNC_000086.8	-	138722383	138724162	138722383	138723577	138723878	138724162	4374	29,12,29	37,25,28	4,25,24	22,21,20	401	100	0.918874328568	1.0	0.164,0.107,0.205	0.043,0.229,0.23	-0.009
4376	"St6galnac4"	NA	chrNC_000068.8	+	32477099	32477693	32477099	32477239	32477592	32477693	4376	387,302,235	95,81,50	178,334,325	48,60,67	453	100	0.346697594924	0.8117104082921631	0.473,0.451,0.509	0.45,0.551,0.517	-0.028
4379	"Zfp939"	NA	chrNC_000073.7	+	39122281	39126851	39122281	39123863	39126734	39126851	4379	275,241,211	4,1,4	234,266,363	4,0,5	2971	100	0.682336476439	1.0	0.698,0.89,0.64	0.663,1.0,0.71	-0.048
4380	"Zfp939"	NA	chrNC_000073.7	+	39122281	39126851	39122281	39124196	39126734	39126851	4380	218,195,172	1,1,3	179,204,321	2,3,1	2638	100	0.85382392377	1.0	0.892,0.881,0.685	0.772,0.72,0.924	0.014
4381	"Zfp939"	NA	chrNC_000073.7	+	39122285	39126851	39122285	39123689	39126734	39126851	4381	335,273,252	0,2,0	268,306,415	2,0,0	3145	100	1	1.0	1.0,0.813,1.0	0.81,1.0,1.0	0.001
4382	"AI987944"	NA	chrNC_000073.7	-	41022346	41024798	41022346	41023394	41024490	41024798	4382	1055,1089,995	2,1,2	1071,1056,961	3,2,5	1196	100	0.101150916868	0.4112786010724264	0.978,0.989,0.977	0.968,0.978,0.941	0.019
4383	"AI987944"	NA	chrNC_000073.7	-	41022346	41024798	41022346	41023468	41024490	41024798	4383	1003,1040,936	0,1,0	1008,995,904	1,2,0	1122	100	1	1.0	1.0,0.989,1.0	0.989,0.978,1.0	0.007
4385	"Gm39299"	NA	chrNC_000075.7	+	20655067	20657062	20655067	20655140	20655405	20657062	4385	20,12,7	6,2,7	9,20,17	3,4,5	365	100	0.413491250312	0.870450700393987	0.477,0.622,0.215	0.451,0.578,0.482	-0.066
4388	"Syt3"	NA	chrNC_000073.7	+	44034644	44035545	44034644	44034720	44035352	44035545	4388	50,78,83	0,0,0	59,97,198	1,0,0	732	100	1	1.0	1.0,1.0,1.0	0.89,1.0,1.0	0.037
4389	"Syt3"	NA	chrNC_000073.7	+	44034644	44035545	44034644	44034720	44035374	44035545	4389	53,81,86	0,0,0	59,102,209	0,0,1	754	100	1	1.0	1.0,1.0,1.0	1.0,1.0,0.965	0.012
4390	"Syt3"	NA	chrNC_000073.7	+	44034644	44035545	44034644	44034720	44035379	44035545	4390	53,81,86	0,0,0	59,102,209	0,0,2	759	100	1	1.0	1.0,1.0,1.0	1.0,1.0,0.932	0.023
4391	"Gm39002"	NA	chrNC_000073.7	-	44070013	44072746	44070013	44071968	44072584	44072746	4391	19,33,37	1,11,8	35,33,17	3,8,4	716	100	0.841704044366	1.0	0.726,0.295,0.392	0.62,0.366,0.372	0.018
4392	"Garin5a"	NA	chrNC_000073.7	+	44146018	44146457	44146018	44146154	44146338	44146457	4392	207,237,180	95,150,141	187,174,227	202,118,141	284	100	0.146063818819	0.5136352458796579	0.434,0.357,0.31	0.246,0.342,0.362	0.05
4393	"Garin5a"	NA	chrNC_000073.7	+	44149573	44153690	44149573	44149862	44150827	44153690	4393	292,278,284	1,1,2	391,281,219	3,6,3	1065	100	0.0158435513585	0.1348542176891682	0.965,0.963,0.93	0.924,0.815,0.873	0.082
4394	"Garin5a"	NA	chrNC_000073.7	+	44149573	44153690	44149573	44149920	44150827	44153690	4394	292,277,280	0,0,0	390,281,219	5,0,0	1007	100	0.288585708064	0.74148244477711	1.0,1.0,1.0	0.886,1.0,1.0	0.038
4395	"Garin5a"	NA	chrNC_000073.7	+	44149573	44153690	44149573	44149862	44150968	44153690	4395	314,300,308	3,12,5	425,294,244	7,3,7	1206	100	0.623429534044	1.0	0.897,0.675,0.836	0.834,0.89,0.743	-0.02
4396	"Garin5a"	NA	chrNC_000073.7	+	44149573	44153690	44149573	44149920	44150968	44153690	4396	314,299,304	1,0,0	424,294,244	0,5,0	1148	100	0.246159576006	0.6760066715453402	0.965,1.0,1.0	1.0,0.837,1.0	0.043
4397	"Map7d1"	NA	chrNC_000070.7	-	126130688	126131071	126130688	126130852	126130948	126131071	4397	673,448,761	162,133,167	525,376,566	192,141,206	196	100	0.000318384051571	0.010304065669025092	0.679,0.632,0.699	0.582,0.576,0.584	0.089
4398	"Adamtsl5"	NA	chrNC_000076.7	-	80178140	80178854	80178140	80178227	80178742	80178854	4398	133,112,89	5,3,8	110,149,93	8,7,12	615	100	0.183741190955	0.5841022156895381	0.812,0.859,0.644	0.691,0.776,0.558	0.097
4399	"Adamtsl5"	NA	chrNC_000076.7	-	80178140	80178854	80178140	80178533	80178742	80178854	4399	32,32,17	8,9,15	26,55,19	16,13,13	309	100	0.782192806993	1.0	0.564,0.535,0.268	0.345,0.578,0.321	0.041
4401	"Pnkp"	NA	chrNC_000073.7	+	44506545	44506978	44506545	44506676	44506818	44506978	4401	270,233,263	2,6,2	276,247,203	9,2,0	242	100	0.75053163328	1.0	0.982,0.941,0.982	0.927,0.981,1.0	-0.001
4402	"Pnkp"	NA	chrNC_000073.7	+	44506569	44506978	44506569	44506726	44506818	44506978	4402	247,207,233	46,39,31	233,230,168	45,39,59	192	100	0.119161454974	0.45397538850974556	0.737,0.734,0.797	0.729,0.754,0.597	0.063
4403	"Ptov1"	NA	chrNC_000073.7	-	44512490	44512868	44512490	44512618	44512802	44512868	4403	1543,1640,1817	458,453,458	1554,1885,1608	538,409,538	284	100	0.575661050888	1.0	0.543,0.56,0.583	0.504,0.619,0.513	0.017
4404	"Cpt1c"	NA	chrNC_000073.7	-	44614507	44614990	44614507	44614690	44614794	44614990	4404	167,128,167	424,523,576	143,149,147	758,569,595	204	100	0.0117321266653	0.11235694159242478	0.162,0.107,0.124	0.085,0.114,0.108	0.029
4405	"Flt3l"	NA	chrNC_000073.7	-	44780606	44781836	44780606	44780990	44781090	44781836	4405	21,9,13	8,3,8	10,22,14	8,3,1	200	100	0.24194766793	0.669430335101658	0.568,0.6,0.448	0.385,0.786,0.875	-0.143
4406	"Flt3l"	NA	chrNC_000073.7	-	44781090	44781537	44781090	44781164	44781492	44781537	4406	24,23,17	3,1,5	24,29,14	1,1,1	428	100	0.0174669297782	0.14168112154266532	0.651,0.843,0.443	0.849,0.871,0.766	-0.183
4407	"Flt3l"	NA	chrNC_000073.7	-	44780606	44781836	44780606	44780855	44781492	44781836	4407	67,53,71	14,9,18	54,63,56	11,6,8	737	100	0.203687659765	0.6203567128203993	0.394,0.444,0.349	0.4,0.588,0.487	-0.096
4408	"Flt3l"	NA	chrNC_000073.7	-	44780606	44781836	44780606	44780990	44781492	44781836	4408	43,32,26	14,9,9	31,47,26	13,5,7	602	100	0.471792563535	0.9359897049945138	0.338,0.371,0.324	0.284,0.61,0.382	-0.081
4409	"Flt3l"	NA	chrNC_000073.7	-	44781090	44781836	44781090	44781537	44781651	44781836	4409	10,4,8	2,1,1	11,0,11	5,1,3	214	100	0.116066399206	0.4464306639328019	0.7,0.651,0.789	0.507,0.0,0.631	0.334
4410	"Flt3l"	NA	chrNC_000073.7	-	44781090	44781836	44781090	44781561	44781651	44781836	4410	4,4,4	30,26,23	5,0,1	20,14,5	190	100	0.56833557202	1.0	0.066,0.075,0.084	0.116,0.0,0.095	0.005
4411	"Flt3l"	NA	chrNC_000073.7	-	44782846	44783450	44782846	44782925	44783305	44783450	4411	119,69,121	16,5,3	97,79,103	3,4,6	480	100	0.230402824929	0.6550227604902538	0.608,0.742,0.894	0.871,0.804,0.781	-0.071
4413	"Flt3l"	NA	chrNC_000073.7	-	44782846	44783450	44782846	44782925	44783321	44783450	4413	146,80,133	5,6,4	107,90,112	2,1,0	496	100	0.000444039787315	0.012702709629975537	0.855,0.729,0.87	0.915,0.948,1.0	-0.136
4415	"Mamstr"	NA	chrNC_000073.7	+	45293942	45297630	45293942	45293997	45294129	45297630	4415	0,6,2	0,0,0	9,7,21	0,0,1	232	100	1	1.0	NA,1.0,1.0	1.0,1.0,0.901	0.033
4418	"Gm46058"	NA	chrNC_000074.7	-	125413972	125415263	125413972	125414722	125414796	125415263	4418	2,2,1	0,0,0	3,4,8	0,1,1	174	100	1	1.0	1.0,1.0,1.0	1.0,0.697,0.821	0.161
4419	"Lmtk3"	NA	chrNC_000073.7	+	45435874	45436384	45435874	45436008	45436233	45436384	4419	197,182,116	286,303,188	123,190,328	129,269,552	325	100	0.358521582081	0.8216760722371416	0.175,0.156,0.16	0.227,0.179,0.155	-0.023
4420	"Cyth2"	NA	chrNC_000073.7	-	45458153	45459662	45458153	45458156	45459550	45459662	4420	191,141,234	370,393,460	248,215,242	398,379,364	1494	100	0.00623310784476	0.07710763526876849	0.033,0.023,0.033	0.04,0.037,0.043	-0.01
4421	"Odad1"	NA	chrNC_000073.7	+	45591482	45592084	45591482	45591617	45591948	45592084	4421	314,334,455	4,6,8	685,414,366	30,13,7	431	100	0.00476961269332	0.06367432945582199	0.948,0.928,0.93	0.841,0.881,0.924	0.053
4422	"Odad1"	NA	chrNC_000073.7	+	45591482	45592084	45591482	45591617	45592001	45592084	4422	363,384,551	167,214,233	803,468,416	360,230,181	484	100	0.713029391782	1.0	0.31,0.27,0.328	0.315,0.296,0.322	-0.008
4423	"Abcc8"	NA	chrNC_000073.7	-	45755232	45756112	45755232	45755366	45756008	45756112	4423	6,14,5	7,7,1	6,5,92	12,2,41	742	100	0.882458581787	1.0	0.104,0.212,0.403	0.063,0.252,0.232	0.057
4424	"Abcc8"	NA	chrNC_000073.7	-	45756661	45757638	45756661	45756740	45757507	45757638	4424	6,20,2	1,10,8	7,4,34	7,4,33	867	100	0.807715748693	1.0	0.409,0.187,0.028	0.103,0.103,0.106	0.104
4425	"Rhbdd3"	NA	chrNC_000077.7	+	5055432	5056098	5055432	5055717	5055799	5056098	4425	47,39,37	125,118,155	37,31,46	139,130,111	182	100	0.846741670321	1.0	0.171,0.154,0.116	0.128,0.116,0.185	0.004
4430	"Gm39547"	NA	chrNC_000086.8	-	158917580	158919086	158917580	158917787	158919043	158919086	4430	6,20,24	5,1,0	24,15,35	0,0,1	1356	100	9.42537833757e-05	0.004870792289286174	0.081,0.596,1.0	1.0,1.0,0.721	-0.348
4431	"Gm39547"	NA	chrNC_000086.8	-	158919043	158921243	158919043	158919086	158920094	158921243	4431	23,38,19	0,0,0	32,29,43	2,0,0	1108	100	1	1.0	1.0,1.0,1.0	0.591,1.0,1.0	0.136
4432	"Med22"	NA	chrNC_000068.8	-	26795278	26798313	26795278	26796005	26798104	26798313	4432	3275,3321,3502	42,52,44	3106,3576,2150	58,49,66	2199	100	0.0353222571034	0.22234285217935873	0.78,0.744,0.784	0.709,0.768,0.597	0.078
4433	"Gm9567"	NA	chrNC_000073.7	-	3436829	3438772	3436829	3436876	3437692	3438772	4433	25,6,21	2,4,6	18,9,16	6,3,5	916	100	0.714584031754	1.0	0.577,0.141,0.276	0.247,0.247,0.259	0.08
4434	"Gm9567"	NA	chrNC_000073.7	-	3437692	3438772	3437692	3438193	3438277	3438772	4434	2,5,5	4,7,3	11,7,12	6,11,3	184	100	0.229096360991	0.6534778149719039	0.214,0.28,0.475	0.499,0.257,0.685	-0.157
4438	"Cfap100"	NA	chrNC_000072.7	-	90386323	90386632	90386323	90386475	90386583	90386632	4438	189,187,294	90,170,203	480,204,276	370,144,230	208	100	0.385398852117	0.8475071531797309	0.502,0.346,0.41	0.384,0.405,0.366	0.034
4439	"Cfap100"	NA	chrNC_000072.7	-	90390942	90392874	90390942	90391010	90392681	90392874	4439	567,862,1035	59,101,133	2655,709,1262	302,76,217	1771	100	0.456158570632	0.9226044048412392	0.352,0.325,0.305	0.332,0.345,0.247	0.019
4441	"Gm46363"	NA	chrNC_000078.7	-	80504875	80505553	80504875	80505350	80505451	80505553	4441	14,6,4	2,0,0	7,5,11	0,2,0	201	100	0.87357922695	1.0	0.777,1.0,1.0	1.0,0.554,1.0	0.074
4442	"Rtbdn"	NA	chrNC_000074.7	+	85676510	85677305	85676510	85676585	85677130	85677305	4442	6,7,0	2,6,0	18,4,46	0,1,7	645	100	1	1.0	0.317,0.153,NA	1.0,0.383,0.505	-0.394
4443	"Prx"	NA	chrNC_000073.7	+	27214675	27219466	27214675	27214872	27215464	27219466	4443	44,38,31	23,11,24	48,44,16	23,16,23	692	100	0.57749683808	1.0	0.217,0.333,0.157	0.232,0.284,0.091	0.033
4444	"Prx"	NA	chrNC_000073.7	+	27215464	27219466	27215464	27216604	27216682	27219466	4444	72,71,76	8,10,9	68,52,59	6,3,0	178	100	0.00823684192388	0.09034501177346939	0.835,0.8,0.826	0.864,0.907,1.0	-0.103
4450	"Plekhg4"	NA	chrNC_000074.7	+	106108572	106109492	106108572	106108688	106108867	106109492	4450	3,4,0	1,2,0	2,2,4	1,1,11	279	100	1	1.0	0.518,0.418,NA	0.418,0.418,0.115	0.151
4451	"Gm35828"	NA	chrNC_000077.7	+	105406928	105410676	105406928	105407053	105407379	105410676	4451	0,2,0	0,0,0	0,0,0	0,0,1	426	100	1	1.0	NA,1.0,NA	NA,NA,0.0	1.0
4453	"Tuba4a"	NA	chrNC_000067.7	-	75190866	75193619	75190866	75193092	75193470	75193619	4453	991,1371,522	0,0,3	446,973,2883	4,9,3	478	100	0.233542443709	0.6582921563148929	1.0,1.0,0.973	0.959,0.958,0.995	0.02
4454	"Tuba4a"	NA	chrNC_000067.7	-	75190866	75193619	75190866	75193237	75193470	75193619	4454	34,37,29	663,813,358	10,31,64	333,658,1980	333	100	0.0125085285975	0.1165038535650872	0.015,0.013,0.024	0.009,0.014,0.01	0.006
4456	"Gm46268"	NA	chrNC_000077.7	+	5211715	5212082	5211715	5211869	5211967	5212082	4456	0,2,1	0,0,0	2,1,0	0,1,0	198	100	1	1.0	NA,1.0,1.0	1.0,0.336,NA	0.332
4458	"Zfp641"	NA	chrNC_000081.7	-	98183465	98187101	98183465	98186263	98186294	98187101	4458	27,18,19	2,0,6	19,37,24	0,2,5	131	100	0.55493851015	0.9990960032189511	0.912,1.0,0.707	1.0,0.934,0.786	-0.034
4459	"Zfp641"	NA	chrNC_000081.7	-	98191500	98194395	98191500	98191709	98191841	98194395	4459	19,14,9	5,0,0	33,16,20	8,4,6	232	100	0.0300771568151	0.19869527924861935	0.621,1.0,1.0	0.64,0.633,0.59	0.253
4466	"Ttc23"	NA	chrNC_000073.7	+	67310430	67310748	67310430	67310540	67310639	67310748	4466	5,23,26	4,1,3	32,21,25	2,1,0	199	100	0.00643859661188	0.07814114978963455	0.386,0.92,0.813	0.889,0.913,1.0	-0.228
4468	"Gm20083"	NA	chrNC_000073.7	+	72836804	72842180	72836804	72836934	72838355	72842180	4468	22,8,28	0,4,3	56,11,40	6,1,5	1521	100	0.836331731793	1.0	1.0,0.116,0.38	0.38,0.42,0.345	0.117
4469	"Gm20083"	NA	chrNC_000073.7	+	72836804	72842180	72836804	72836934	72838926	72842180	4469	57,49,52	5,1,0	111,29,103	11,1,12	2092	100	0.0736550912719	0.344585397040292	0.353,0.701,1.0	0.325,0.581,0.291	0.286
4470	"Ntrk3"	NA	chrNC_000073.7	-	77825710	77832688	77825710	77831325	77832294	77832688	4470	228,308,135	1,3,1	120,224,585	1,0,3	1069	100	0.393600370888	0.8555601006276472	0.955,0.906,0.927	0.918,1.0,0.948	-0.026
4471	"Ntrk3"	NA	chrNC_000073.7	-	77825710	77842492	77825710	77832688	77835165	77842492	4471	384,563,234	2,0,0	270,412,1173	2,0,3	2577	100	0.190922891109	0.5944771070099475	0.882,1.0,1.0	0.84,1.0,0.938	0.035
4472	"Ntrk3"	NA	chrNC_000073.7	-	77825710	77842492	77825710	77832688	77840163	77842492	4472	1146,1399,682	0,1,0	758,1013,3271	0,0,2	7575	100	1	1.0	1.0,0.949,1.0	1.0,1.0,0.956	-0.002
4473	"Ntrk3"	NA	chrNC_000073.7	-	77825710	77842492	77825710	77839153	77840163	77842492	4473	155,188,98	0,0,0	95,145,436	0,0,1	1110	100	1	1.0	1.0,1.0,1.0	1.0,1.0,0.975	0.008
4474	"Ntrk3"	NA	chrNC_000073.7	-	77825710	77842492	77825710	77832688	77841397	77842492	4474	1392,1680,796	0,1,0	930,1233,3844	2,0,0	8809	100	1	1.0	1.0,0.95,1.0	0.841,1.0,1.0	0.036
4475	"Ntrk3"	NA	chrNC_000073.7	-	77825710	77842492	77825710	77839153	77841397	77842492	4475	401,469,212	2,0,0	267,365,1009	0,0,0	2344	100	1	1.0	0.895,1.0,1.0	1.0,1.0,1.0	-0.035
4476	"Gm57212"	NA	chrNC_000073.7	+	78532684	78533464	78532684	78532786	78532961	78533464	4476	2,5,1	0,1,0	3,1,10	0,0,0	275	100	1	1.0	1.0,0.645,1.0	1.0,1.0,1.0	-0.118
4477	"Gm57212"	NA	chrNC_000073.7	+	78532684	78533464	78532684	78533119	78533344	78533464	4477	6,6,3	1,3,0	0,1,15	0,0,6	325	100	1	1.0	0.649,0.381,1.0	NA,1.0,0.435	-0.041
4478	"Gm57212"	NA	chrNC_000073.7	+	78535946	78539264	78535946	78536014	78537103	78539264	4478	4,6,0	1,3,1	1,1,24	0,0,4	1189	100	0.302242676687	0.7583285325803821	0.252,0.144,0.0	1.0,1.0,0.335	-0.646
4482	"Gm31966"	NA	chrNC_000073.7	+	79587321	79589846	79587321	79587467	79588121	79589846	4482	5,6,19	0,0,0	16,4,21	3,0,1	754	100	0.0169567429995	0.1396642791012802	1.0,1.0,1.0	0.414,1.0,0.736	0.283
4484	"Rccd1"	NA	chrNC_000073.7	-	79973497	79974512	79973497	79973617	79973812	79974512	4484	127,131,135	1,0,0	186,132,219	4,0,3	295	100	0.161429529142	0.5415918443675058	0.977,1.0,1.0	0.94,1.0,0.961	0.025
4485	"Ccl25"	NA	chrNC_000074.7	+	4397792	4399091	4397792	4397913	4398502	4399091	4485	26,25,36	0,2,0	31,21,57	0,0,2	689	100	1	1.0	1.0,0.645,1.0	1.0,1.0,0.805	-0.053
4486	"Wdr73"	NA	chrNC_000073.7	-	80550391	80551017	80550391	80550459	80550932	80551017	4486	309,261,270	41,44,53	312,286,412	47,57,39	573	100	0.477866854485	0.9439490763069914	0.568,0.509,0.471	0.537,0.467,0.648	-0.035
4487	"Gm32178"	NA	chrNC_000073.7	-	80629695	80630660	80629695	80629772	80630341	80630660	4487	52,83,78	0,0,4	239,59,112	3,0,0	669	100	0.604373392476	1.0	1.0,1.0,0.745	0.923,1.0,1.0	-0.059
4488	"Ptdss2"	NA	chrNC_000073.7	+	140723005	140723584	140723005	140723088	140723259	140723584	4488	7,5,18	7,13,5	20,12,17	10,4,11	271	100	0.241619632052	0.669430335101658	0.27,0.124,0.571	0.425,0.525,0.363	-0.116
4489	"Qtrt1"	NA	chrNC_000075.7	+	21330734	21331008	21330734	21330844	21330920	21331008	4489	65,42,35	90,95,105	41,42,68	62,88,121	176	100	0.441478853829	0.9044106442890767	0.291,0.201,0.159	0.273,0.213,0.242	-0.026
4491	"Gm30440"	NA	chrNC_000073.7	+	83662267	83664346	83662267	83663315	83664213	83664346	4491	21,4,0	0,0,0	24,29,23	2,0,0	998	100	1	1.0	1.0,1.0,NA	0.546,1.0,1.0	0.151
4493	"Mepce"	NA	chrNC_000071.7	-	137780167	137780983	137780167	137780746	137780856	137780983	4493	6,3,6	398,418,497	10,6,22	484,436,404	210	100	0.278153864045	0.7281086441177941	0.007,0.003,0.006	0.01,0.007,0.025	-0.009
4494	"Mepce"	NA	chrNC_000071.7	-	137782722	137784922	137782722	137783803	137784855	137784922	4494	803,885,1085	4,7,4	970,834,814	0,1,0	1152	100	0.000132544830201	0.006338412477074686	0.946,0.916,0.959	1.0,0.986,1.0	-0.055
4495	"Nfkbid"	NA	chrNC_000073.7	+	30121821	30122928	30121821	30121939	30122827	30122928	4495	27,34,26	2,1,1	27,28,48	2,0,7	988	100	0.484109951606	0.9521450843547975	0.577,0.775,0.725	0.577,1.0,0.41	0.03
4496	"Crebzf"	NA	chrNC_000073.7	+	90091988	90093585	90091988	90093295	90093507	90093585	4496	712,540,550	186,129,129	588,686,688	136,174,91	312	100	0.182613209924	0.5841022156895381	0.551,0.573,0.577	0.581,0.558,0.708	-0.049
4497	"Crebzf"	NA	chrNC_000073.7	+	90091988	90097251	90091988	90093585	90094632	90097251	4497	989,825,888	271,212,242	832,1000,991	236,244,207	1147	100	0.352363291232	0.8172798542778441	0.241,0.253,0.242	0.235,0.263,0.294	-0.019
4498	"Crebzf"	NA	chrNC_000073.7	+	90094632	90097251	90094632	90094701	90096404	90097251	4498	1845,1571,1442	48,45,47	1595,1995,1662	32,62,33	1803	100	0.222707400172	0.6457506879195367	0.681,0.659,0.63	0.734,0.641,0.736	-0.047
4499	"Trim9"	NA	chrNC_000078.7	-	70291306	70295201	70291306	70293225	70295038	70295201	4499	309,245,199	359,403,225	187,264,527	224,277,550	1913	100	0.093160008737	0.3917121627209291	0.043,0.031,0.044	0.042,0.047,0.048	-0.006
4500	"Trim9"	NA	chrNC_000078.7	-	70291306	70295201	70291306	70293343	70295038	70295201	4500	281,230,181	0,3,3	172,244,485	1,0,6	1795	100	0.557472597297	1.0	1.0,0.81,0.771	0.906,1.0,0.818	-0.048
4501	"Trim9"	NA	chrNC_000078.7	-	70312922	70314037	70312922	70313266	70314007	70314037	4501	448,306,288	0,4,2	221,359,539	0,2,8	841	100	0.345803833074	0.8110947885571712	1.0,0.901,0.945	1.0,0.955,0.889	0.001
4502	"Trim9"	NA	chrNC_000078.7	-	70312922	70314974	70312922	70314306	70314766	70314974	4502	350,193,232	0,1,0	168,287,391	0,0,1	560	100	1	1.0	1.0,0.972,1.0	1.0,1.0,0.986	-0.005
4503	"Trim9"	NA	chrNC_000078.7	-	70312922	70314974	70312922	70313266	70314835	70314974	4503	919,585,593	1,4,0	497,751,1105	5,1,0	1669	100	0.863487402812	1.0	0.982,0.898,1.0	0.856,0.978,1.0	0.015
4504	"Trim9"	NA	chrNC_000078.7	-	70312922	70314974	70312922	70314037	70314835	70314974	4504	501,298,335	43,54,19	297,428,607	21,39,117	898	100	0.679441560173	1.0	0.565,0.381,0.663	0.612,0.55,0.366	0.027
4505	"Trim9"	NA	chrNC_000078.7	-	70312922	70314974	70312922	70314040	70314835	70314974	4505	500,295,329	91,105,51	296,422,601	28,78,260	895	100	0.816651517577	1.0	0.38,0.239,0.419	0.542,0.377,0.205	-0.029
4506	"Trim9"	NA	chrNC_000078.7	-	70312922	70314974	70312922	70314306	70314835	70314974	4506	394,218,254	11,8,5	195,314,423	5,5,22	629	100	0.567516934245	1.0	0.851,0.812,0.89	0.861,0.909,0.754	0.01
4507	"Nnmt"	NA	chrNC_000075.7	-	48503189	48503662	48503189	48503482	48503613	48503662	4507	51,41,50	5,2,9	43,32,81	4,3,10	231	100	0.899962330134	1.0	0.815,0.899,0.706	0.823,0.822,0.778	-0.001
4511	"Map6"	NA	chrNC_000073.7	+	98969705	98970492	98969705	98969791	98970300	98970492	4511	10,15,6	3,2,1	9,10,27	1,0,2	609	100	0.0242015236983	0.1730841114494491	0.354,0.552,0.496	0.596,1.0,0.689	-0.294
4512	"Map6"	NA	chrNC_000073.7	+	98969705	98970492	98969705	98969791	98970305	98970492	4512	11,15,6	0,0,1	9,10,28	0,0,0	614	100	1	1.0	1.0,1.0,0.494	1.0,1.0,1.0	-0.169
4513	"Map6"	NA	chrNC_000073.7	+	98969705	98970492	98969705	98969791	98970372	98970492	4513	13,19,7	0,0,0	10,12,37	0,0,4	681	100	0.106180970661	0.424723882644	1.0,1.0,1.0	1.0,1.0,0.576	0.141
4515	"Gm40449"	NA	chrNC_000073.7	-	98949480	98953591	98949480	98950254	98953160	98953591	4515	162,122,197	0,2,1	201,189,156	0,1,1	3006	100	0.690999729453	1.0	1.0,0.67,0.868	1.0,0.863,0.838	-0.054
4516	"Gm40449"	NA	chrNC_000073.7	-	98949480	98953591	98949480	98951461	98953160	98953591	4516	73,43,85	4,5,4	117,112,62	2,7,1	1799	100	0.137368304741	0.4945258970676001	0.504,0.323,0.542	0.765,0.471,0.775	-0.214
4517	"Sfpq"	NA	chrNC_000070.7	+	126923619	126929647	126923619	126926598	126929600	126929647	4517	4699,3535,4387	19,28,27	5937,4489,5083	23,22,59	3102	100	0.643031557563	1.0	0.889,0.803,0.84	0.893,0.868,0.735	0.012
4518	"Atg16l2"	NA	chrNC_000073.7	-	100941314	100941631	100941314	100941386	100941560	100941631	4518	49,22,42	76,56,61	43,38,41	79,79,38	274	100	0.644919737951	1.0	0.19,0.125,0.201	0.166,0.149,0.283	-0.027
4519	"Lrrc8e"	NA	chrNC_000074.7	+	4283914	4287470	4283914	4284114	4284920	4287470	4519	12,9,17	0,0,0	36,11,28	1,1,0	906	100	1	1.0	1.0,1.0,1.0	0.799,0.548,1.0	0.218
4520	"Lrrc51"	NA	chrNC_000073.7	-	101562195	101562790	101562195	101562419	101562641	101562790	4520	856,1188,1195	181,311,301	1766,848,1062	430,190,239	322	100	0.649596845146	1.0	0.595,0.543,0.552	0.561,0.581,0.58	-0.011
4521	"Mtcl1"	NA	chrNC_000083.7	-	66647478	66651360	66647478	66647535	66649820	66651360	4521	29,42,36	5,3,2	66,64,40	7,17,18	2385	100	0.0359885956236	0.22477087792985265	0.196,0.37,0.43	0.283,0.136,0.085	0.164
4523	"Tnrc6a"	NA	chrNC_000073.7	+	122791801	122794519	122791801	122792036	122792077	122794519	4523	183,168,183	16,10,10	175,157,191	12,11,9	141	100	0.700377786812	1.0	0.89,0.923,0.928	0.912,0.91,0.938	-0.006
4524	"Gm41361"	NA	chrNC_000081.7	+	79917475	79926806	79917475	79917628	79926626	79926806	4524	86,86,39	8,6,6	72,63,220	9,3,14	9098	100	0.382510228669	0.8452157052796386	0.106,0.136,0.067	0.081,0.188,0.147	-0.036
4525	"Gm41361"	NA	chrNC_000081.7	+	79928044	79929191	79928044	79928269	79928628	79929191	4525	12,12,3	3,0,0	20,4,33	0,0,2	459	100	0.438992602838	0.9004688216984328	0.466,1.0,1.0	1.0,1.0,0.782	-0.105
4526	"Cdv3"	NA	chrNC_000075.7	-	103230300	103233228	103230300	103232512	103233225	103233228	4526	2435,2271,2275	1,2,12	2232,2537,1915	0,1,6	813	100	0.343037367493	0.8069689614152512	0.997,0.993,0.959	1.0,0.997,0.975	-0.008
4527	"Trim34a"	NA	chrNC_000073.7	+	103909684	103911446	103909684	103909711	103910097	103911446	4527	55,19,27	87,135,144	59,45,17	138,95,68	486	100	0.0455315649963	0.2619086790810506	0.115,0.028,0.037	0.081,0.089,0.049	-0.013
4528	"Uba3"	NA	chrNC_000072.7	-	97181368	97182308	97181368	97181483	97182266	97182308	4528	117,87,96	1,3,2	110,142,77	3,2,5	883	100	0.304513215113	0.7628410450566548	0.93,0.767,0.845	0.806,0.889,0.636	0.07
4529	"Gm26911"	NA	chrNC_000072.7	+	101185711	101196502	101185711	101185874	101186653	101196502	4529	3,12,22	1,1,1	17,14,2	4,2,6	879	100	0.0429383713332	0.25279290107797214	0.254,0.577,0.715	0.326,0.443,0.037	0.247
4532	"Gm26911"	NA	chrNC_000072.7	+	101185711	101196502	101185711	101185874	101196378	101196502	4532	47,75,112	0,3,2	67,53,79	1,2,1	10604	100	0.888919017573	1.0	1.0,0.191,0.346	0.387,0.2,0.427	0.174
4533	"Gm26911"	NA	chrNC_000072.7	+	101185711	101196502	101185711	101186819	101196378	101196502	4533	44,59,88	0,0,1	48,37,73	1,0,2	9659	100	0.0149405362682	0.1307909240527672	1.0,1.0,0.477	0.332,1.0,0.274	0.29
4534	"Gm26911"	NA	chrNC_000072.7	+	101185711	101196502	101185711	101185874	101196381	101196502	4534	47,75,112	0,0,2	67,53,79	1,0,2	10607	100	0.0359064580716	0.22469588215118436	1.0,1.0,0.346	0.387,1.0,0.271	0.229
4535	"Gm26911"	NA	chrNC_000072.7	+	101185711	101196502	101185711	101186819	101196381	101196502	4535	44,59,88	0,0,2	48,37,73	1,0,0	9662	100	0.529213349381	0.9875361510872008	1.0,1.0,0.313	0.332,1.0,1.0	-0.006
4536	"Gm26911"	NA	chrNC_000072.7	+	101196661	101198198	101196661	101196720	101197503	101198198	4536	31,48,49	3,4,3	35,26,43	8,1,11	883	100	0.145303254201	0.5127220555726916	0.539,0.576,0.649	0.331,0.746,0.307	0.127
4540	"Rasal3"	NA	chrNC_000083.7	-	32622029	32622555	32622029	32622373	32622494	32622555	4540	4,3,0	0,0,1	0,0,0	0,1,0	221	100	1	1.0	1.0,1.0,0.0	NA,0.0,NA	0.667
4542	"Gm28863"	NA	chrNC_000073.7	-	110225941	110227622	110225941	110226029	110226736	110227622	4542	36,61,35	1,2,1	181,29,47	9,1,6	807	100	0.0697464535569	0.333959056580074	0.817,0.791,0.813	0.714,0.782,0.493	0.144
4544	"P2rx2"	NA	chrNC_000071.7	-	110487677	110488448	110487677	110488163	110488370	110488448	4544	6,8,21	2,0,0	12,14,15	0,2,0	307	100	0.767438812214	1.0	0.494,1.0,1.0	1.0,0.695,1.0	-0.067
4545	"P2rx2"	NA	chrNC_000071.7	-	110490198	110490501	110490198	110490270	110490365	110490501	4545	0,0,2	7,3,1	1,0,0	2,1,2	195	100	0.812069877591	1.0	0.0,0.0,0.506	0.204,0.0,0.0	0.101
4547	"Plekha7"	NA	chrNC_000073.7	-	115731855	115734474	115731855	115732011	115734273	115734474	4547	1807,1724,1945	140,130,97	2596,2202,1709	164,120,91	2362	100	0.237120133368	0.6635221897913293	0.353,0.36,0.459	0.401,0.437,0.443	-0.036
4548	"Evpl"	NA	chrNC_000077.7	-	116120226	116120668	116120226	116120399	116120570	116120668	4548	0,3,0	0,1,0	5,2,2	0,0,1	271	100	1	1.0	NA,0.525,NA	1.0,1.0,0.425	-0.283
4549	"Evpl"	NA	chrNC_000077.7	-	116123455	116123812	116123455	116123563	116123650	116123812	4549	5,0,1	0,0,3	0,6,2	0,1,2	187	100	1	1.0	1.0,NA,0.151	NA,0.762,0.348	0.021
4552	"Gm33031"	NA	chrNC_000073.7	+	139183759	139184954	139183759	139183987	139184465	139184954	4552	17,15,35	0,0,0	22,28,26	2,0,0	578	100	1	1.0	1.0,1.0,1.0	0.656,1.0,1.0	0.115
4553	"Zfp931"	NA	chrNC_000068.8	-	177708238	177711408	177708238	177710193	177711347	177711408	4553	1394,1181,1285	2,3,5	1318,1433,1283	4,1,4	1254	100	0.73351808938	1.0	0.982,0.969,0.953	0.963,0.991,0.962	-0.004
4554	"Colgalt2"	NA	chrNC_000067.7	+	152380068	152380341	152380068	152380126	152380247	152380341	4554	7,0,1	0,0,2	1,0,0	0,0,0	221	100	1	1.0	1.0,NA,0.185	1.0,NA,NA	-0.407
4558	"Palb2"	NA	chrNC_000073.7	-	121709904	121711255	121709904	121710053	121711167	121711255	4558	11,10,6	11,1,3	16,7,7	5,7,4	1214	100	0.869754900055	1.0	0.076,0.452,0.141	0.209,0.076,0.126	0.086
4560	"Gramd1b"	NA	chrNC_000075.7	-	40204528	40209375	40204528	40205723	40209241	40209375	4560	3846,3799,3048	9,21,14	3639,4090,8005	4,10,35	3618	100	0.186042310051	0.5868392873913176	0.922,0.833,0.857	0.962,0.919,0.863	-0.044
4561	"Gramd1b"	NA	chrNC_000075.7	-	40204528	40209375	40204528	40205723	40209281	40209375	4561	3922,3873,3093	11,12,16	3692,4156,8124	17,21,66	3658	100	0.00417483049583	0.058846763833163694	0.907,0.898,0.841	0.856,0.844,0.771	0.058
4562	"Gramd1b"	NA	chrNC_000075.7	-	40302975	40304955	40302975	40303019	40303624	40304955	4562	0,6,8	4,1,3	9,1,2	2,6,9	705	100	0.300714310727	0.7563687915937959	0.0,0.46,0.274	0.39,0.023,0.031	0.097
4563	"Zkscan2"	NA	chrNC_000073.7	-	123094028	123094586	123094028	123094155	123094515	123094586	4563	37,60,42	14,6,9	60,28,102	3,13,11	460	100	0.48439341058	0.9521450843547975	0.365,0.685,0.504	0.813,0.319,0.668	-0.082
4564	"Gm16183"	NA	chrNC_000074.7	-	85333760	85339085	85333760	85338453	85338700	85339085	4564	10,5,6	0,0,0	6,11,10	0,2,0	347	100	1	1.0	1.0,1.0,1.0	1.0,0.613,1.0	0.129
4567	"Doc2a"	NA	chrNC_000073.7	+	126447085	126448034	126447085	126447204	126447586	126448034	4567	1,0,6	2,2,1	0,0,10	2,1,17	482	100	0.681631527635	1.0	0.094,0.0,0.555	0.0,0.0,0.109	0.18
4568	"Doc2a"	NA	chrNC_000073.7	+	126447085	126448034	126447085	126447204	126447678	126448034	4568	1,2,8	0,2,0	4,2,49	1,0,1	574	100	0.352620726341	0.8172798542778441	1.0,0.148,1.0	0.411,1.0,0.895	-0.053
4569	"Taok2"	NA	chrNC_000073.7	-	126466168	126470813	126466168	126466351	126466486	126470813	4569	175,110,176	19,28,24	233,160,177	36,16,16	235	100	0.226031481624	0.6512633697151943	0.797,0.626,0.757	0.734,0.81,0.825	-0.063
4570	"Taok2"	NA	chrNC_000073.7	-	126466168	126470813	126466168	126466351	126470573	126470813	4570	4921,4339,4920	1,0,2	5318,5108,4666	1,1,1	4322	100	1	1.0	0.991,1.0,0.983	0.992,0.992,0.991	-0.0
4571	"Luzp1"	NA	chrNC_000070.7	+	136279154	136282036	136279154	136279393	136281814	136282036	4571	814,940,885	0,0,1	882,809,968	0,1,0	2521	100	1	1.0	1.0,1.0,0.972	1.0,0.97,1.0	0.001
4572	"Gm39326"	NA	chrNC_000075.7	+	44790789	44794001	44790789	44791471	44791661	44794001	4572	6,9,14	17,12,17	5,2,8	36,15,9	290	100	0.0232500913712	0.16930293807573818	0.108,0.205,0.221	0.046,0.044,0.235	0.07
4573	"Gm39326"	NA	chrNC_000075.7	+	44790789	44794001	44790789	44792581	44793784	44794001	4573	102,112,124	0,0,2	159,74,82	0,0,1	1303	100	1	1.0	1.0,1.0,0.826	1.0,1.0,0.863	-0.012
4574	"Gm39326"	NA	chrNC_000075.7	+	44790789	44794001	44790789	44793379	44793784	44794001	4574	11,22,4	11,12,10	15,8,8	12,1,3	505	100	0.173165327733	0.566144602098502	0.165,0.266,0.073	0.198,0.613,0.346	-0.218
4575	"Gm39326"	NA	chrNC_000075.7	+	44790789	44794001	44790789	44793601	44793784	44794001	4575	7,5,1	1,3,1	3,2,2	0,3,0	283	100	0.0920806243554	0.3897309384870563	0.712,0.371,0.261	1.0,0.191,1.0	-0.282
4576	"Prrt2"	NA	chrNC_000073.7	-	126618055	126619527	126618055	126618188	126618566	126619527	4576	593,503,582	237,247,118	965,629,660	121,170,681	478	100	0.906627121073	1.0	0.344,0.299,0.508	0.625,0.436,0.169	-0.026
4577	"Tra2a"	NA	chrNC_000072.7	-	49229315	49230008	49229315	49229449	49229730	49230008	4577	487,379,461	29,56,24	601,486,488	23,29,42	381	100	0.212660218007	0.6331565870671421	0.815,0.64,0.834	0.873,0.815,0.753	-0.051
4578	"Tra2a"	NA	chrNC_000072.7	-	49229315	49230042	49229315	49229449	49229736	49230042	4578	499,393,466	0,0,1	619,495,499	0,2,0	387	100	1	1.0	1.0,1.0,0.992	1.0,0.985,1.0	0.002
4579	"Kif22"	NA	chrNC_000073.7	-	126626900	126627162	126626900	126627012	126627102	126627162	4579	20,10,10	62,78,62	10,11,18	74,40,62	190	100	0.679295396088	1.0	0.145,0.063,0.078	0.066,0.126,0.133	-0.013
4581	"Gm39314"	NA	chrNC_000075.7	-	27695753	27697939	27695753	27697616	27697804	27697939	4581	2,0,0	0,0,1	0,0,1	0,0,1	288	100	1	1.0	1.0,NA,0.0	NA,NA,0.258	0.242
4582	"Phkg2"	NA	chrNC_000073.7	+	127176706	127177201	127176706	127176818	127177146	127177201	4582	379,340,373	8,18,11	405,385,432	18,16,38	428	100	0.0204305845024	0.15660189652078854	0.917,0.815,0.888	0.84,0.849,0.726	0.068
4583	"Phkg2"	NA	chrNC_000073.7	+	127176706	127177201	127176706	127176860	127177146	127177201	4583	272,263,286	4,5,4	322,301,353	7,3,2	386	100	0.555980161123	0.9994811291498061	0.946,0.932,0.949	0.923,0.963,0.979	-0.013
4584	"Phkg2"	NA	chrNC_000073.7	+	127176706	127177201	127176706	127176882	127177146	127177201	4584	227,209,232	132,177,137	285,244,297	126,135,199	364	100	0.137322794127	0.4945258970676001	0.321,0.245,0.318	0.383,0.332,0.291	-0.041
4585	"Cfap119"	NA	chrNC_000073.7	-	127184316	127184696	127184316	127184433	127184588	127184696	4585	145,158,174	13,18,14	145,109,95	19,3,5	255	100	0.323784018971	0.7882185756874442	0.814,0.775,0.83	0.75,0.934,0.882	-0.049
4586	"Cfap119"	NA	chrNC_000073.7	-	127184316	127184696	127184316	127184433	127184625	127184696	4586	161,178,207	164,212,263	171,127,112	319,170,116	292	100	0.114673657956	0.44303186923937354	0.252,0.223,0.212	0.155,0.204,0.248	0.027
4587	"Sec16a"	NA	chrNC_000068.8	-	26328398	26332082	26328398	26328830	26329526	26332082	4587	992,944,905	8,6,16	1021,861,903	29,12,18	796	100	0.00241651085108	0.042391105820799344	0.94,0.952,0.877	0.816,0.9,0.863	0.063
4588	"Gm31135"	NA	chrNC_000074.7	-	8490587	8491468	8490587	8490732	8491293	8491468	4588	1,0,6	0,0,1	2,0,0	4,0,0	661	100	1	1.0	1.0,NA,0.476	0.07,NA,NA	0.668
4591	"Tial1"	NA	chrNC_000073.7	-	128045530	128045824	128045530	128045670	128045765	128045824	4591	251,144,193	32,54,26	327,209,406	30,27,80	195	100	0.229247523105	0.6534778149719039	0.801,0.578,0.792	0.848,0.799,0.722	-0.066
4592	"Tial1"	NA	chrNC_000073.7	-	128045765	128046128	128045765	128045824	128046004	128046128	4592	252,191,181	25,49,32	346,289,417	23,35,73	280	100	0.14243284729	0.5070609363524	0.783,0.582,0.669	0.843,0.747,0.671	-0.076
4593	"Tial1"	NA	chrNC_000073.7	-	128048454	128048831	128048454	128048522	128048762	128048831	4593	209,189,187	9,1,9	237,239,306	8,7,13	340	100	0.703269068822	1.0	0.872,0.982,0.859	0.897,0.909,0.874	0.011
4594	"Tial1"	NA	chrNC_000073.7	-	128048454	128048831	128048454	128048522	128048765	128048831	4594	210,189,188	2,4,1	238,245,309	0,6,5	343	100	0.635703006061	1.0	0.968,0.932,0.982	1.0,0.923,0.947	0.004
4595	"Tial1"	NA	chrNC_000073.7	-	128048454	128049932	128048454	128048522	128049844	128049932	4595	499,449,426	24,21,13	637,552,761	37,21,59	1422	100	0.152981973213	0.5276149000801421	0.594,0.601,0.697	0.548,0.649,0.476	0.073
4596	"Tial1"	NA	chrNC_000073.7	-	128048454	128049932	128048454	128048831	128049844	128049932	4596	305,270,256	33,54,27	412,328,469	21,44,48	1113	100	0.133689706284	0.48510557060457077	0.454,0.31,0.46	0.638,0.401,0.467	-0.094
4597	"Gm32816"	NA	chrNC_000073.7	+	128076034	128076351	128076034	128076151	128076278	128076351	4597	17,20,14	3,1,0	22,31,12	0,0,0	227	100	0.177149704565	0.5739005595816582	0.714,0.898,1.0	1.0,1.0,1.0	-0.129
4600	"Gm33122"	NA	chrNC_000073.7	-	129249021	129253280	129249021	129252542	129253156	129253280	4600	3,0,0	0,0,0	0,5,0	1,0,0	714	100	1	1.0	1.0,NA,NA	0.0,1.0,NA	0.5
4603	"Slc35b3"	NA	chrNC_000079.7	-	39116280	39118783	39116280	39116892	39117431	39118783	4603	99,119,133	4,5,5	142,141,128	2,2,7	639	100	0.341135050252	0.8060447647547258	0.795,0.788,0.806	0.917,0.917,0.741	-0.062
4604	"Slc35b3"	NA	chrNC_000079.7	-	39116280	39118783	39116280	39116892	39118713	39118783	4604	463,449,435	38,43,26	441,464,490	39,26,29	1921	100	0.400034422141	0.8639369493653827	0.388,0.352,0.466	0.371,0.482,0.468	-0.038
4605	"Cep126"	NA	chrNC_000075.7	-	8104653	8112192	8104653	8105789	8112080	8112192	4605	182,213,249	1,8,7	509,161,224	3,1,9	6391	100	0.424109736404	0.880826878846539	0.74,0.294,0.358	0.726,0.716,0.28	-0.11
4606	"Zfp78"	NA	chrNC_000073.7	+	6365812	6366916	6365812	6366438	6366738	6366916	4606	2,2,0	0,2,0	2,2,2	0,0,0	400	100	1	1.0	1.0,0.2,NA	1.0,1.0,1.0	-0.4
4607	"Gm30827"	NA	chrNC_000069.7	+	148709464	148715110	148709464	148711348	148712326	148715110	4607	2,4,11	3,0,3	2,4,5	0,0,2	1078	100	0.0896730577843	0.3847329790639566	0.058,1.0,0.254	1.0,1.0,0.188	-0.292
4608	"Gm30827"	NA	chrNC_000069.7	+	148709464	148715110	148709464	148711348	148712868	148715110	4608	2,4,14	0,1,0	2,6,5	0,0,0	1620	100	1	1.0	1.0,0.198,1.0	1.0,1.0,1.0	-0.267
4609	"Gm30827"	NA	chrNC_000069.7	+	148709464	148715110	148709464	148712417	148712868	148715110	4609	0,0,3	1,0,0	0,2,0	2,0,1	551	100	1	1.0	0.0,NA,1.0	0.0,1.0,0.0	0.167
4610	"Tcf25"	NA	chrNC_000074.7	+	124127796	124130554	124127796	124127928	124129885	124130554	4610	6333,5462,5497	29,35,38	8668,6235,6079	51,36,39	2057	100	0.898323757465	1.0	0.914,0.884,0.876	0.892,0.894,0.883	0.002
4611	"Tcf25"	NA	chrNC_000074.7	+	124127796	124130554	124127796	124127928	124129888	124130554	4611	6344,5475,5505	14,18,22	8682,6252,6087	13,31,26	2060	100	0.690058358559	1.0	0.957,0.937,0.924	0.97,0.907,0.919	0.007
4612	"Gm39857"	NA	chrNC_000068.8	-	75197813	75202528	75197813	75200313	75201397	75202528	4612	68,64,95	1,8,6	109,69,58	15,6,1	1184	100	0.694410449895	1.0	0.852,0.403,0.572	0.38,0.493,0.83	0.041
4613	"Ache"	NA	chrNC_000071.7	+	137291429	137292728	137291429	137291599	137291715	137292728	4613	5,11,0	1,3,1	17,1,20	5,0,2	216	100	0.378824116724	0.8388061299127133	0.698,0.629,0.0	0.612,1.0,0.822	-0.369
4614	"Ache"	NA	chrNC_000071.7	+	137291429	137292728	137291429	137291599	137292378	137292728	4614	43,52,32	170,182,68	65,26,101	166,116,610	879	100	0.0764315471042	0.34998259526459996	0.028,0.031,0.051	0.043,0.025,0.018	0.008
4617	"Mad2l2"	NA	chrNC_000070.7	+	148224299	148225291	148224299	148224477	148225049	148225291	4617	52,54,66	6,2,3	61,62,45	2,2,0	672	100	0.0239986538794	0.17240288571658652	0.563,0.801,0.766	0.819,0.822,1.0	-0.17
4618	"Mad2l2"	NA	chrNC_000070.7	+	148224299	148225291	148224299	148224477	148225241	148225291	4618	184,204,203	6,9,7	184,205,184	2,8,10	864	100	0.790292221976	1.0	0.78,0.724,0.77	0.914,0.748,0.68	-0.023
4620	"Slc7a4"	NA	chrNC_000082.7	-	17391419	17392450	17391419	17391528	17391809	17392450	4620	22,15,33	60,74,84	60,37,155	93,91,240	381	100	0.000441150630615	0.012702709629975537	0.088,0.051,0.093	0.145,0.096,0.145	-0.051
4621	"Slc7a4"	NA	chrNC_000082.7	-	17391419	17392450	17391419	17391528	17392337	17392450	4621	374,465,524	1,0,0	685,491,1239	0,2,2	909	100	1	1.0	0.976,1.0,1.0	1.0,0.964,0.986	0.009
4622	"Slc7a4"	NA	chrNC_000082.7	-	17391809	17392450	17391809	17391911	17392337	17392450	4622	351,448,488	2,1,2	622,452,1070	3,2,9	526	100	0.11457069218	0.44303186923937354	0.971,0.988,0.979	0.975,0.977,0.958	0.009
4623	"Slc7a4"	NA	chrNC_000082.7	-	17392815	17393829	17392815	17392865	17393480	17393829	4623	475,620,662	0,4,4	972,547,1409	10,5,2	715	100	0.353908847714	0.8175370930610353	1.0,0.956,0.959	0.931,0.939,0.99	0.018
4624	"Gm31907"	NA	chrNC_000084.7	-	45563330	45565214	45563330	45563697	45565029	45565214	4624	8,0,0	0,0,0	0,0,0	0,0,4	1432	100	1	1.0	1.0,NA,NA	NA,NA,0.0	1.0
4626	"Hras"	NA	chrNC_000073.7	-	140770838	140771380	140770838	140771107	140771254	140771380	4626	952,989,798	468,529,391	663,988,1174	370,452,661	247	100	0.706569493052	1.0	0.452,0.431,0.452	0.42,0.469,0.418	0.009
4627	"Hras"	NA	chrNC_000073.7	-	140770838	140771380	140770838	140771140	140771254	140771380	4627	829,846,701	22,19,20	573,820,1017	22,30,41	214	100	0.0254874535589	0.17693416037492787	0.946,0.954,0.942	0.924,0.927,0.921	0.023
4629	"Gm35641"	NA	chrNC_000086.8	-	92758326	92761106	92758326	92758473	92758584	92761106	4629	0,0,0	1,0,0	1,2,2	0,0,0	211	100	1	1.0	0.0,NA,NA	1.0,1.0,1.0	-1.0
4630	"Syt8"	NA	chrNC_000073.7	+	141992630	141993017	141992630	141992729	141992858	141993017	4630	6,0,2	0,2,0	1,2,1	0,0,0	229	100	0.197412893547	0.6071989919268495	1.0,0.0,1.0	1.0,1.0,1.0	-0.333
4633	"Gm33148"	NA	chrNC_000073.7	+	142167829	142174548	142167829	142168066	142174325	142174548	4633	2,12,8	0,4,0	32,2,18	0,0,0	6359	100	0.0047572404739	0.06367432945582199	1.0,0.045,1.0	1.0,1.0,1.0	-0.318
4634	"Tssc4"	NA	chrNC_000073.7	+	142623672	142624824	142623672	142624029	142624528	142624824	4634	1963,1645,1802	14,12,18	1831,2108,1831	24,11,11	599	100	0.890810363056	1.0	0.959,0.958,0.944	0.927,0.97,0.965	-0.0
4635	"Cdkn1c"	NA	chrNC_000073.7	-	143013495	143014412	143013495	143013763	143013835	143014412	4635	413,431,560	12,17,20	560,249,131	18,21,13	172	100	0.0262199171801	0.18027599709236136	0.952,0.936,0.942	0.948,0.873,0.854	0.052
4636	"Srgap1"	NA	chrNC_000076.7	-	121664633	121665234	121664633	121664667	121665131	121665234	4636	36,8,9	0,6,0	12,7,4	0,0,0	564	100	0.0117995892334	0.11235694159242478	1.0,0.191,1.0	1.0,1.0,1.0	-0.27
4637	"Gm33409"	NA	chrNC_000083.7	+	24360690	24361134	24360690	24360811	24361055	24361134	4637	18,5,8	5,2,1	23,12,15	1,1,1	344	100	0.00749428521037	0.085756035050091	0.511,0.421,0.699	0.87,0.777,0.813	-0.276
4639	"LTO1"	NA	chrNC_000073.7	+	144472960	144474871	144472960	144473078	144473346	144474871	4639	32,22,15	103,99,92	25,40,17	105,102,82	368	100	0.342096345045	0.8066393495440941	0.078,0.057,0.042	0.061,0.096,0.053	-0.011
4644	"Gm16150"	NA	chrNC_000067.7	+	38257961	38284790	38257961	38279048	38284657	38284790	4644	18,10,8	2,2,0	19,12,19	0,0,2	5709	100	0.146635643721	0.5144592966506389	0.136,0.081,1.0	1.0,1.0,0.143	-0.309
4647	"Trpm2"	NA	chrNC_000076.7	-	77752198	77753642	77752198	77752205	77753540	77753642	4647	2,15,14	0,0,0	68,10,178	0,0,1	1435	100	1	1.0	1.0,1.0,1.0	1.0,1.0,0.925	0.025
4651	"Prr36"	NA	chrNC_000074.7	-	4266181	4267511	4266181	4266468	4266848	4267511	4651	16,40,7	1,2,2	19,19,77	1,2,0	480	100	0.055872480655	0.2939497997021675	0.769,0.806,0.422	0.798,0.664,1.0	-0.155
4652	"Prr36"	NA	chrNC_000074.7	-	4266181	4267511	4266181	4266555	4266848	4267511	4652	2,10,2	6,20,3	1,6,10	9,12,30	393	100	0.584231166669	1.0	0.078,0.113,0.145	0.027,0.113,0.078	0.039
4653	"Prr36"	NA	chrNC_000074.7	-	4266848	4267511	4266848	4266979	4267088	4267511	4653	3,9,2	4,21,4	0,4,14	1,4,26	209	100	0.848014710523	1.0	0.264,0.17,0.193	0.0,0.324,0.205	0.033
4654	"Prr36"	NA	chrNC_000074.7	-	4266848	4267511	4266848	4266979	4267096	4267511	4654	3,9,2	1,1,0	0,4,14	0,2,4	217	100	1	1.0	0.58,0.806,1.0	NA,0.48,0.617	0.247
4655	"Prr36"	NA	chrNC_000074.7	-	4266848	4267511	4266848	4266979	4267109	4267511	4655	4,14,2	0,0,0	2,5,19	3,0,1	230	100	0.0388161938247	0.23554372161806592	1.0,1.0,1.0	0.225,1.0,0.892	0.294
4662	"Col4a1"	NA	chrNC_000074.7	-	11252893	11254552	11252893	11253008	11254535	11254552	4662	72,59,62	3,16,2	40,57,104	0,2,30	1627	100	0.560015959436	1.0	0.596,0.185,0.656	1.0,0.637,0.176	-0.125
4666	"Cfap97d2"	NA	chrNC_000074.7	+	13785902	13788488	13785902	13786021	13788318	13788488	4666	373,395,569	36,72,82	1066,479,628	91,62,83	2397	100	0.142090932988	0.5064063952097352	0.302,0.186,0.224	0.328,0.244,0.24	-0.033
4667	"Kbtbd11"	NA	chrNC_000074.7	+	15076650	15083333	15076650	15082508	15082856	15083333	4667	919,968,812	10,5,4	2136,1107,1721	35,15,21	448	100	0.00242121484557	0.042391105820799344	0.954,0.977,0.978	0.932,0.943,0.948	0.029
4668	"Kbtbd11"	NA	chrNC_000074.7	+	15076650	15083333	15076650	15082508	15082859	15083333	4668	926,976,819	16,24,10	2157,1114,1730	42,28,26	451	100	0.699478611794	1.0	0.928,0.9,0.948	0.919,0.898,0.937	0.007
4670	"Phf12"	NA	chrNC_000077.7	+	77915638	77915912	77915638	77915693	77915786	77915912	4670	48,73,42	1,1,0	65,73,114	2,4,1	193	100	1	1.0	0.961,0.974,1.0	0.944,0.904,0.983	0.035
4671	"Nppb"	NA	chrNC_000070.7	+	148070752	148071662	148070752	148070975	148071418	148071662	4671	2,5,0	0,4,0	2,0,2	1,0,0	543	100	1	1.0	1.0,0.187,NA	0.269,NA,1.0	-0.041
4672	"Primpol"	NA	chrNC_000074.7	-	47028613	47032201	47028613	47029756	47031053	47032201	4672	21,5,28	16,19,12	49,12,22	22,28,29	1397	100	0.82862094682	1.0	0.086,0.018,0.143	0.138,0.03,0.052	0.009
4673	"Pnck"	NA	chrNC_000086.8	-	72700836	72701119	72700836	72700949	72701043	72701119	4673	51,69,27	139,112,84	27,65,172	125,132,448	194	100	0.339861758616	0.8058362047535291	0.159,0.241,0.142	0.1,0.202,0.165	0.025
4675	"Atp7b"	NA	chrNC_000074.7	-	22482800	22484940	22482800	22483421	22484552	22484940	4675	828,766,892	7,15,23	1119,764,758	13,10,14	1231	100	0.340139992691	0.8058362047535291	0.906,0.806,0.759	0.875,0.861,0.815	-0.027
4679	"Spmip8"	NA	chrNC_000074.7	+	96052114	96053239	96052114	96052232	96052386	96053239	4679	59,30,40	0,0,3	52,89,44	0,0,0	254	100	0.759461073327	1.0	1.0,1.0,0.84	1.0,1.0,1.0	-0.053
4680	"Spmip8"	NA	chrNC_000074.7	+	96052114	96053239	96052114	96052232	96052588	96053239	4680	122,102,115	0,0,0	113,218,125	0,0,2	456	100	1	1.0	1.0,1.0,1.0	1.0,1.0,0.932	0.023
4681	"Spmip8"	NA	chrNC_000074.7	+	96052114	96053239	96052114	96052469	96052588	96053239	4681	67,76,79	0,0,3	63,136,88	0,0,1	219	100	0.906269688889	1.0	1.0,1.0,0.923	1.0,1.0,0.976	-0.018
4682	"Golga7"	NA	chrNC_000074.7	-	23746689	23747096	23746689	23746822	23747035	23747096	4682	705,583,497	260,268,255	592,598,479	280,268,244	313	100	0.481398190097	0.9480023362451063	0.464,0.41,0.384	0.403,0.416,0.385	0.018
4683	"Adam9"	NA	chrNC_000074.7	-	25452875	25453104	25452875	25452892	25452946	25453104	4683	385,306,338	6,5,9	357,374,309	4,3,6	154	100	0.185149929328	0.586186139888253	0.977,0.975,0.961	0.983,0.988,0.971	-0.01
4684	"Letm2"	NA	chrNC_000074.7	-	26068493	26069810	26068493	26068820	26069735	26069810	4684	55,47,58	22,21,43	133,71,106	92,36,63	1015	100	0.531072663451	0.9880295275232018	0.198,0.181,0.117	0.125,0.163,0.142	0.022
4685	"Ddhd2"	NA	chrNC_000074.7	-	26215372	26217764	26215372	26217390	26217656	26217764	4685	143,90,86	103,87,94	46,123,148	75,116,92	366	100	0.764017900134	1.0	0.275,0.22,0.2	0.144,0.225,0.305	0.007
4689	"Gm26578"	NA	chrNC_000074.7	+	32499968	32502596	32499968	32500189	32502483	32502596	4689	292,206,284	0,4,0	326,286,178	0,0,0	2394	100	0.213480472487	0.6345004024567236	1.0,0.683,1.0	1.0,1.0,1.0	-0.106
4690	"Gm26578"	NA	chrNC_000074.7	+	32505241	32508413	32505241	32505301	32506099	32508413	4690	59,54,50	3,1,4	61,70,58	7,9,9	898	100	0.0142701356087	0.12801193003068065	0.687,0.857,0.582	0.492,0.464,0.418	0.251
4692	"Gm30873"	NA	chrNC_000073.7	+	83993715	83994581	83993715	83993856	83994535	83994581	4692	34,26,43	5,2,2	23,33,2	2,2,2	779	100	0.468378493937	0.9321305936129665	0.466,0.625,0.734	0.596,0.679,0.114	0.145
4693	"Gm30873"	NA	chrNC_000073.7	+	83993715	83998206	83993715	83993856	83995997	83998206	4693	110,72,103	6,0,1	55,77,9	0,1,0	2241	100	0.000210977695212	0.008144247415171663	0.45,1.0,0.821	1.0,0.775,1.0	-0.168
4694	"Gm30873"	NA	chrNC_000073.7	+	83993715	83998206	83993715	83994581	83995997	83998206	4694	78,48,62	12,4,7	34,46,7	3,4,2	1516	100	0.973826136828	1.0	0.3,0.442,0.369	0.428,0.431,0.188	0.021
4695	"Gm35021"	NA	chrNC_000074.7	+	36191452	36191844	36191452	36191622	36191715	36191844	4695	0,4,9	0,0,1	2,4,6	0,0,2	193	100	1	1.0	NA,1.0,0.823	1.0,1.0,0.609	0.042
4697	"Gm35520"	NA	chrNC_000074.7	+	36661850	36663111	36661850	36662100	36662931	36663111	4697	0,0,0	0,1,0	2,1,4	0,0,0	931	100	1	1.0	NA,0.0,NA	1.0,1.0,1.0	-1.0
4700	"Gm36188"	NA	chrNC_000074.7	-	124512250	124514755	124512250	124512382	124514131	124514755	4700	9,2,10	0,0,0	6,10,10	4,0,2	1849	100	1.12371498551e-07	6.0006380226233997e-05	1.0,1.0,1.0	0.075,1.0,0.213	0.571
4703	"Vps37a"	NA	chrNC_000074.7	+	40994065	40996994	40994065	40994134	40996850	40996994	4703	305,187,288	227,255,230	449,287,367	249,253,235	2816	100	0.00385552718851	0.05615049596357291	0.046,0.025,0.043	0.06,0.039,0.053	-0.013
4704	"Vps37a"	NA	chrNC_000074.7	+	40994065	40996994	40994065	40996212	40996850	40996994	4704	101,58,85	0,1,0	112,102,121	0,0,0	738	100	1	1.0	1.0,0.887,1.0	1.0,1.0,1.0	-0.038
4705	"Dhx36"	NA	chrNC_000069.7	-	62375435	62378168	62375435	62375728	62376250	62378168	4705	419,448,411	11,10,12	523,326,440	20,7,14	622	100	0.410956909137	0.869031516001343	0.86,0.878,0.846	0.808,0.882,0.835	0.02
4706	"Dhx36"	NA	chrNC_000069.7	-	62375435	62378168	62375435	62375728	62376789	62378168	4706	874,894,826	16,12,18	1105,731,927	14,9,32	1161	100	0.742340049395	1.0	0.825,0.865,0.798	0.872,0.875,0.714	0.009
4708	"Ints3"	NA	chrNC_000069.7	-	90298690	90299412	90298690	90299218	90299299	90299412	4708	448,512,471	60,59,73	461,519,579	77,67,80	181	100	0.593803233132	1.0	0.805,0.827,0.781	0.768,0.811,0.8	0.011
4713	"Gm39178"	NA	chrNC_000074.7	+	49118569	49124927	49118569	49118723	49120419	49124927	4713	2,2,0	2,3,2	2,0,0	0,0,3	1796	100	1	1.0	0.053,0.036,0.0	1.0,NA,0.0	-0.47
4716	"Cep44"	NA	chrNC_000074.7	-	56983515	56985935	56983515	56984767	56985810	56985935	4716	49,39,67	0,2,1	79,33,45	0,0,0	1143	100	0.657510011402	1.0	1.0,0.63,0.854	1.0,1.0,1.0	-0.172
4717	"Rnf150"	NA	chrNC_000074.7	+	83589895	83591119	83589895	83590521	83590746	83591119	4717	19,63,28	3,0,0	72,37,160	1,1,5	325	100	0.231907087235	0.6581313618254562	0.661,1.0,1.0	0.957,0.919,0.908	-0.041
4718	"Ilf3"	NA	chrNC_000075.7	+	21311747	21314797	21311747	21314240	21314431	21314797	4718	74,69,62	0,1,1	75,74,104	0,0,0	291	100	1	1.0	1.0,0.96,0.955	1.0,1.0,1.0	-0.028
4721	"Slc26a11"	NA	chrNC_000077.7	+	119253042	119254368	119253042	119253122	119254225	119254368	4721	48,22,38	39,28,46	48,44,55	30,33,32	1203	100	0.0170587139337	0.14014389600916613	0.093,0.061,0.064	0.117,0.1,0.125	-0.041
4722	"Ints10"	NA	chrNC_000074.7	+	69276819	69277781	69276819	69276919	69277703	69277781	4722	213,196,119	13,13,15	196,196,467	4,18,56	884	100	0.749791292677	1.0	0.65,0.63,0.473	0.847,0.552,0.485	-0.044
4723	"Zfp672"	NA	chrNC_000077.7	-	58210149	58210780	58210149	58210416	58210692	58210780	4723	56,43,41	30,33,38	45,63,77	21,23,27	376	100	0.0030366152363	0.048646576085526	0.332,0.257,0.223	0.363,0.421,0.431	-0.134
4724	"Zfp672"	NA	chrNC_000077.7	-	58210692	58213555	58210692	58210780	58213394	58213555	4724	477,441,347	14,16,36	323,437,572	23,21,22	2714	100	0.973451435802	1.0	0.557,0.504,0.262	0.341,0.434,0.489	0.02
4725	"Zfp672"	NA	chrNC_000077.7	-	58210692	58213555	58210692	58210780	58213425	58213555	4725	506,460,372	42,29,31	336,459,592	38,32,48	2745	100	0.48985310819	0.9558400478932765	0.305,0.366,0.304	0.244,0.343,0.31	0.026
4726	"Potefam3d"	NA	chrNC_000074.7	-	69927351	69935366	69927351	69927946	69935323	69935366	4726	2,6,1	0,0,0	21,2,20	0,0,1	7477	100	1	1.0	1.0,1.0,1.0	1.0,1.0,0.211	0.263
4727	"Potefam3d"	NA	chrNC_000074.7	-	69938412	69940128	69938412	69938474	69940091	69940128	4727	0,6,0	0,2,0	5,4,4	0,0,0	1717	100	1	1.0	NA,0.149,NA	1.0,1.0,1.0	-0.851
4729	"Gm12843"	NA	chrNC_000070.7	+	117154280	117162586	117154280	117154954	117158715	117162586	4729	0,2,1	0,0,0	1,9,6	0,2,0	3861	100	1	1.0	NA,1.0,1.0	1.0,0.104,1.0	0.299
4730	"Gm12843"	NA	chrNC_000070.7	+	117154280	117162586	117154280	117156606	117158715	117162586	4730	0,2,0	0,6,2	1,8,2	0,0,0	2209	100	1	1.0	NA,0.015,0.0	1.0,1.0,1.0	-0.993
4735	"Sugp1"	NA	chrNC_000074.7	+	70495436	70495730	70495436	70495527	70495670	70495730	4735	58,53,41	0,0,0	62,58,44	0,2,1	243	100	0.323671020392	0.7882185756874442	1.0,1.0,1.0	1.0,0.923,0.948	0.043
4736	"Dcaf15"	NA	chrNC_000074.7	-	84823702	84824481	84823702	84824137	84824251	84824481	4736	68,54,58	4,5,6	87,95,103	3,0,3	214	100	0.00144036218735	0.030562387074631787	0.888,0.835,0.819	0.931,1.0,0.941	-0.11
4737	"Dcaf15"	NA	chrNC_000074.7	-	84828792	84829510	84828792	84828899	84829374	84829510	4737	84,65,70	112,85,105	69,87,91	107,132,145	575	100	0.426083695699	0.8813248295801136	0.115,0.117,0.104	0.101,0.103,0.098	0.011
4738	"Sugp2"	NA	chrNC_000074.7	+	70713118	70713967	70713118	70713239	70713880	70713967	4738	322,358,270	81,38,52	250,377,781	60,49,72	741	100	0.410183231908	0.869031516001343	0.349,0.56,0.412	0.36,0.509,0.594	-0.047
4739	"Sugp2"	NA	chrNC_000074.7	+	70713118	70715755	70713118	70713239	70715520	70715755	4739	599,700,465	40,55,31	462,624,1465	15,38,76	2381	100	0.0487370906485	0.2701620042176367	0.386,0.348,0.386	0.564,0.408,0.447	-0.1
4740	"Sugp2"	NA	chrNC_000074.7	+	70713118	70715755	70713118	70713967	70715520	70715755	4740	287,350,205	75,56,71	218,251,698	55,79,82	1653	100	0.422808593934	0.8808054193527542	0.188,0.274,0.149	0.193,0.161,0.34	-0.028
4741	"Nsmaf"	NA	chrNC_000070.7	-	6417164	6417877	6417164	6417207	6417431	6417877	4741	94,68,84	0,0,1	111,74,43	2,2,0	324	100	0.338237049316	0.8047236281900103	1.0,1.0,0.963	0.945,0.919,1.0	0.033
4742	"Nsmaf"	NA	chrNC_000070.7	-	6417164	6417877	6417164	6417207	6417745	6417877	4742	170,127,135	169,140,141	224,118,81	138,174,127	638	100	0.739606303108	1.0	0.136,0.124,0.13	0.203,0.096,0.091	0.0
4743	"Crtc1"	NA	chrNC_000074.7	-	70844510	70844813	70844510	70844561	70844669	70844813	4743	328,278,262	7,11,4	220,297,436	7,3,7	208	100	0.278725749362	0.7281759378690951	0.957,0.924,0.969	0.938,0.979,0.968	-0.012
4744	"Klhl26"	NA	chrNC_000074.7	-	70902870	70905669	70902870	70905293	70905394	70905669	4744	614,704,587	24,15,19	725,593,649	28,24,16	201	100	0.522369233435	0.9822013051207394	0.927,0.959,0.939	0.928,0.925,0.953	0.006
4747	"Mtmr2"	NA	chrNC_000075.7	+	13716670	13720192	13716670	13718566	13719997	13720192	4747	714,741,686	19,13,30	933,707,779	21,32,54	1531	100	0.156423198117	0.535168271399206	0.711,0.788,0.599	0.744,0.591,0.485	0.093
4748	"Mat2a"	NA	chrNC_000072.7	-	72409778	72412097	72409778	72411378	72411963	72412097	4748	2277,1804,2275	796,699,703	2942,2104,2033	592,893,600	685	100	0.233059645784	0.6582921563148929	0.295,0.274,0.321	0.42,0.256,0.331	-0.039
4749	"Mat2a"	NA	chrNC_000072.7	-	72409778	72412097	72409778	72411722	72411963	72412097	4749	1140,823,1144	3,10,10	1394,1023,1075	7,12,8	341	100	0.868697908	1.0	0.991,0.96,0.971	0.983,0.962,0.975	0.001
4750	"Gtpbp3"	NA	chrNC_000074.7	+	71943709	71944234	71943709	71943853	71944068	71944234	4750	47,56,22	62,94,98	24,85,68	94,101,74	315	100	0.248540002389	0.6777209937483881	0.194,0.159,0.067	0.075,0.211,0.226	-0.031
4751	"Slc27a1"	NA	chrNC_000074.7	+	72021985	72023532	72021985	72022076	72023364	72023532	4751	503,464,504	31,51,58	664,481,410	111,32,37	1388	100	0.68347450412	1.0	0.539,0.396,0.385	0.301,0.52,0.444	0.018
4752	"Slc27a1"	NA	chrNC_000074.7	+	72021985	72023532	72021985	72022092	72023364	72023532	4752	485,451,491	13,21,18	647,462,394	34,13,17	1372	100	0.552205098278	0.9971014761755899	0.731,0.61,0.665	0.581,0.721,0.628	0.025
4753	"Slc27a1"	NA	chrNC_000074.7	+	72021985	72023532	72021985	72022240	72023364	72023532	4753	452,408,428	6,5,13	566,422,357	7,9,5	1224	100	0.640343080491	1.0	0.86,0.87,0.729	0.869,0.793,0.854	-0.019
4754	"Slc27a1"	NA	chrNC_000074.7	+	72021985	72023532	72021985	72022485	72023364	72023532	4754	323,227,259	92,114,115	373,281,255	106,113,97	979	100	0.319795188081	0.7828047980017908	0.264,0.169,0.187	0.264,0.203,0.212	-0.02
4755	"Niban3"	NA	chrNC_000074.7	+	72057551	72058362	72057551	72057679	72058250	72058362	4755	32,30,37	6,8,3	43,15,32	2,7,7	671	100	0.890555035155	1.0	0.443,0.359,0.648	0.762,0.242,0.405	0.014
4756	"Colgalt1"	NA	chrNC_000074.7	+	72074407	72075474	72074407	72074540	72075346	72075474	4756	375,420,353	120,127,150	565,400,502	145,151,109	906	100	0.0871626067531	0.3773905297796384	0.256,0.267,0.206	0.301,0.226,0.337	-0.045
4757	"Colgalt1"	NA	chrNC_000074.7	+	72074407	72075474	72074407	72074928	72075346	72075474	4757	240,301,234	5,12,6	355,263,322	5,6,12	518	100	0.55039074081	0.9971014761755899	0.903,0.829,0.883	0.932,0.894,0.838	-0.016
4758	"Unc13a"	NA	chrNC_000074.7	-	72094772	72095819	72094772	72094850	72095735	72095819	4758	312,355,103	118,200,61	120,266,837	90,116,522	985	100	0.159104340203	0.5377323903063417	0.212,0.153,0.146	0.119,0.189,0.14	0.021
4759	"Unc13a"	NA	chrNC_000074.7	-	72094772	72095819	72094772	72094850	72095738	72095819	4759	314,356,103	17,14,2	120,267,844	3,12,49	988	100	0.576649899697	1.0	0.652,0.72,0.839	0.802,0.692,0.635	0.027
4761	"Gucy2e"	NA	chrNC_000077.7	-	69126343	69127480	69126343	69126648	69126741	69127480	4761	7,1,9	0,0,0	8,3,17	1,0,2	193	100	0.664992873656	1.0	1.0,1.0,1.0	0.806,1.0,0.815	0.126
4762	"Eps15l1"	NA	chrNC_000074.7	-	73127666	73132999	73127666	73127790	73129013	73132999	4762	445,410,393	3,3,0	513,428,499	6,3,4	1323	100	0.0907013020611	0.3874759624050192	0.918,0.912,1.0	0.866,0.915,0.904	0.048
4763	"Eps15l1"	NA	chrNC_000074.7	-	73127666	73132999	73127666	73127790	73132834	73132999	4763	2121,1729,1842	75,97,101	2071,2001,1963	107,123,143	5144	100	0.0538407687758	0.28769784549673477	0.355,0.257,0.262	0.273,0.24,0.211	0.05
4764	"Eps15l1"	NA	chrNC_000074.7	-	73127666	73132999	73127666	73130510	73132834	73132999	4764	1253,1020,1108	2,0,0	1092,1217,1019	0,3,2	2424	100	0.709889690444	1.0	0.963,1.0,1.0	1.0,0.944,0.955	0.021
4765	"Eps15l1"	NA	chrNC_000074.7	-	73127666	73132999	73127666	73127790	73132927	73132999	4765	2274,1908,1994	8,13,4	2230,2163,2176	3,0,18	5237	100	0.266366717787	0.707074535036908	0.844,0.737,0.905	0.934,1.0,0.698	-0.049
4766	"Hhip"	NA	chrNC_000074.7	-	80692479	80699155	80692479	80693057	80699026	80699155	4766	138,97,169	4,1,0	188,72,102	0,0,0	6069	100	0.000765307403671	0.01865818192298021	0.362,0.615,1.0	1.0,1.0,1.0	-0.341
4767	"Il15"	NA	chrNC_000074.7	-	83129367	83129882	83129367	83129502	83129597	83129882	4767	17,14,16	0,0,2	22,25,8	0,0,0	195	100	1	1.0	1.0,1.0,0.804	1.0,1.0,1.0	-0.065
4769	"Mical2"	NA	chrNC_000073.7	+	111950531	111953161	111950531	111950634	111953105	111953161	4769	886,977,702	205,444,141	1157,889,1703	225,254,1587	2571	100	0.0194694203432	0.15132990971642907	0.144,0.079,0.162	0.167,0.12,0.04	0.019
4770	"Mical2"	NA	chrNC_000073.7	+	111950531	111954401	111950531	111950634	111954153	111954401	4770	1576,1876,1205	0,0,0	1792,1579,4259	1,0,0	3619	100	1	1.0	1.0,1.0,1.0	0.98,1.0,1.0	0.007
4771	"Mical2"	NA	chrNC_000073.7	+	111950531	111954401	111950531	111953161	111954153	111954401	4771	718,935,519	104,249,87	654,710,2661	135,142,892	1092	100	0.0756396578283	0.3497106258035688	0.387,0.256,0.353	0.307,0.314,0.215	0.053
4772	"Gm39212"	NA	chrNC_000074.7	-	85358197	85359831	85358197	85358588	85359668	85359831	4772	11,41,28	0,1,0	34,26,56	1,0,2	1180	100	0.904236419837	1.0	1.0,0.777,1.0	0.742,1.0,0.704	0.11
4773	"Rad23a"	NA	chrNC_000074.7	-	85562383	85562960	85562383	85562548	85562896	85562960	4773	150,112,89	3,3,1	109,139,124	7,2,2	448	100	0.425653049144	0.8812905057501397	0.918,0.893,0.952	0.777,0.939,0.933	0.038
4774	"Id1"	NA	chrNC_000068.8	+	152578170	152579330	152578170	152578665	152578891	152579330	4774	400,319,279	2103,2412,1572	272,411,224	1427,2233,1213	326	100	0.208204655499	0.6282675744337965	0.055,0.039,0.052	0.055,0.053,0.054	-0.005
4775	"Id1"	NA	chrNC_000068.8	+	152578170	152579330	152578170	152578670	152578891	152579330	4775	395,316,274	40,44,38	270,403,222	33,48,34	321	100	0.821700868457	1.0	0.755,0.691,0.692	0.718,0.723,0.67	0.009
4776	"Gcdh"	NA	chrNC_000074.7	-	85620183	85620550	85620183	85620313	85620370	85620550	4776	40,50,30	75,50,69	49,78,48	76,66,66	157	100	0.196200646892	0.6050306762675342	0.254,0.389,0.217	0.291,0.429,0.317	-0.059
4777	"Gm39214"	NA	chrNC_000074.7	+	86453027	86459114	86453027	86457544	86458937	86459114	4777	22,6,24	0,2,2	6,19,24	2,0,0	1493	100	0.0509889148033	0.278310873985985	1.0,0.167,0.446	0.167,1.0,1.0	-0.185
4778	"Tmem107"	NA	chrNC_000077.7	+	68963248	68964119	68963248	68963345	68963571	68964119	4778	42,49,94	365,603,691	103,69,54	1011,445,630	326	100	1	1.0	0.034,0.024,0.04	0.03,0.045,0.026	-0.001
4783	"Gm26797"	NA	chrNC_000075.7	-	122137639	122139994	122137639	122137805	122139651	122139994	4783	133,115,114	1,0,1	87,85,80	0,0,0	1946	100	1	1.0	0.872,1.0,0.854	1.0,1.0,1.0	-0.091
4784	"Crnde"	NA	chrNC_000074.7	-	93052660	93053090	93052660	93052894	93053014	93053090	4784	54,44,96	3,1,1	88,63,47	2,4,0	220	100	0.743782556992	1.0	0.891,0.952,0.978	0.952,0.877,1.0	-0.003
4785	"Slc25a45"	NA	chrNC_000085.7	+	5927849	5928719	5927849	5928123	5928634	5928719	4785	89,102,88	5,3,4	86,82,59	3,4,0	611	100	0.350887530172	0.8160981806939261	0.744,0.848,0.783	0.824,0.77,1.0	-0.073
4792	"Ctla2b"	NA	chrNC_000079.7	-	61043164	61043957	61043164	61043533	61043834	61043957	4792	36,59,85	16,5,7	22,42,21	4,5,5	401	100	0.993649387188	1.0	0.359,0.746,0.752	0.578,0.677,0.512	0.03
4793	"Zfp408"	NA	chrNC_000068.8	-	91479280	91480120	91479280	91479371	91479495	91480120	4793	27,39,26	3,7,4	27,38,35	4,3,19	224	100	0.420141057709	0.878225576469182	0.801,0.713,0.744	0.751,0.85,0.451	0.069
4794	"Zfp408"	NA	chrNC_000068.8	-	91479495	91480120	91479495	91479770	91479986	91480120	4794	100,125,92	11,4,10	62,121,136	14,8,1	316	100	0.743580204393	1.0	0.742,0.908,0.744	0.584,0.827,0.977	0.002
4795	"Zfp408"	NA	chrNC_000068.8	-	91479495	91480120	91479495	91479770	91480048	91480120	4795	115,134,98	27,20,16	68,129,147	16,16,12	378	100	0.267351228863	0.7091004447657715	0.53,0.639,0.618	0.529,0.681,0.764	-0.062
4796	"Dync1li2"	NA	chrNC_000074.7	-	105144311	105149035	105144311	105147314	105148918	105149035	4796	489,452,311	408,351,331	395,410,533	312,452,324	1704	100	0.43125473916	0.8885788966357813	0.066,0.07,0.052	0.069,0.051,0.088	-0.007
4797	"Kcnj3"	NA	chrNC_000068.8	+	55322064	55327914	55322064	55326522	55326792	55327914	4797	49,73,6	14,9,1	14,67,160	1,5,14	370	100	0.0225513551795	0.16686961199796305	0.486,0.687,0.619	0.791,0.784,0.755	-0.179
4798	"Kcnj3"	NA	chrNC_000068.8	+	55322064	55327914	55322064	55326522	55327157	55327914	4798	206,236,71	3,0,0	77,245,559	0,0,1	735	100	0.91757282281	1.0	0.903,1.0,1.0	1.0,1.0,0.987	-0.028
4799	"Kcnj3"	NA	chrNC_000068.8	+	55326792	55327914	55326792	55326844	55327157	55327914	4799	166,185,69	15,7,5	68,197,435	1,8,16	413	100	0.0610617880613	0.3100506639435899	0.728,0.865,0.77	0.943,0.856,0.868	-0.101
4800	"Kcnj3"	NA	chrNC_000068.8	+	55336837	55337054	55336837	55336856	55336968	55337054	4800	172,201,79	0,6,2	73,187,454	7,7,5	212	100	0.142724945872	0.5075368774404972	1.0,0.94,0.949	0.831,0.926,0.977	0.052
4801	"Ces2e"	NA	chrNC_000074.7	+	105660159	105661304	105660159	105660386	105661078	105661304	4801	6,10,6	14,18,3	0,0,4	1,6,0	792	100	0.383946690473	0.8466381254476889	0.051,0.066,0.202	0.0,0.0,1.0	-0.227
4802	"Fignl1"	NA	chrNC_000077.7	-	11737428	11739158	11737428	11737897	11739006	11739158	4802	0,0,2	0,0,1	0,0,3	0,0,0	1209	100	1	1.0	NA,NA,0.142	NA,NA,1.0	-0.858
4804	"Fignl1"	NA	chrNC_000077.7	-	11750375	11753063	11750375	11751696	11752850	11753063	4804	215,224,209	0,0,0	193,173,101	0,2,0	1254	100	1	1.0	1.0,1.0,1.0	1.0,0.873,1.0	0.042
4805	"Fignl1"	NA	chrNC_000077.7	-	11750375	11753063	11750375	11752761	11752850	11753063	4805	24,22,18	0,0,0	13,24,4	2,0,0	189	100	1	1.0	1.0,1.0,1.0	0.775,1.0,1.0	0.075
4806	"B3gnt9"	NA	chrNC_000074.7	-	105979269	105981785	105979269	105981474	105981662	105981785	4806	1,1,1	2,0,0	0,2,13	5,1,0	288	100	0.0630859181465	0.3172554353404834	0.148,1.0,1.0	0.0,0.41,1.0	0.246
4807	"Fbxl9"	NA	chrNC_000074.7	-	106038971	106039577	106038971	106039289	106039402	106039577	4807	21,32,32	0,2,1	17,20,13	0,1,0	213	100	0.585373786725	1.0	1.0,0.883,0.938	1.0,0.904,1.0	-0.028
4808	"Fbxl9"	NA	chrNC_000074.7	-	106041707	106042654	106041707	106042218	106042577	106042654	4808	59,58,38	0,0,1	53,45,39	0,0,0	459	100	1	1.0	1.0,1.0,0.892	1.0,1.0,1.0	-0.036
4809	"Slc9a5"	NA	chrNC_000074.7	+	106083162	106083805	106083162	106083383	106083491	106083805	4809	45,27,23	0,1,1	15,33,57	9,5,7	208	100	1	1.0	1.0,0.928,0.917	0.445,0.76,0.797	0.281
4810	"Slc9a5"	NA	chrNC_000074.7	+	106083162	106083805	106083162	106083383	106083602	106083805	4810	59,42,51	18,16,21	23,49,87	27,14,52	319	100	0.120665818198	0.456989694452	0.507,0.451,0.432	0.211,0.523,0.344	0.104
4811	"Ank1"	NA	chrNC_000074.7	+	23622112	23622650	23622112	23622487	23622577	23622650	4811	16,21,16	0,1,0	23,3,40	4,0,1	190	100	0.0506712542871	0.27742527837244507	1.0,0.917,1.0	0.752,1.0,0.955	0.07
4812	"Ank1"	NA	chrNC_000074.7	+	23622112	23622650	23622112	23622499	23622577	23622650	4812	13,19,16	2,1,0	23,3,40	4,4,2	178	100	0.00866796643065	0.09289467173410194	0.785,0.914,1.0	0.764,0.296,0.918	0.24
4814	"Dus2"	NA	chrNC_000074.7	+	106756983	106758431	106756983	106757075	106758329	106758431	4814	63,33,50	54,51,72	94,70,62	66,34,65	1354	100	0.00253114845152	0.04373397363212516	0.079,0.046,0.049	0.095,0.132,0.066	-0.04
4815	"Slc7a6"	NA	chrNC_000074.7	+	106905733	106906292	106905733	106905919	106906118	106906292	4815	199,229,182	2,1,2	141,207,211	4,0,2	299	100	0.622874159967	1.0	0.971,0.987,0.968	0.922,1.0,0.972	0.011
4816	"Slc7a6"	NA	chrNC_000074.7	+	106918970	106919906	106918970	106919066	106919782	106919906	4816	172,143,112	11,5,6	166,143,258	3,3,9	816	100	0.0479553615218	0.268054714776425	0.657,0.778,0.696	0.871,0.854,0.778	-0.124
4817	"Slc7a6"	NA	chrNC_000074.7	+	106918970	106919906	106918970	106919115	106919782	106919906	4817	107,104,71	57,53,63	117,102,207	48,77,60	767	100	0.0845536226452	0.3700953646929246	0.197,0.204,0.128	0.241,0.147,0.31	-0.056
4819	"Nip7"	NA	chrNC_000074.7	+	107783724	107784043	107783724	107783811	107783904	107784043	4819	59,47,28	247,224,255	37,61,50	211,228,272	193	100	0.425668346374	0.8812905057501397	0.11,0.098,0.054	0.083,0.122,0.087	-0.01
4820	"Limk1"	NA	chrNC_000071.7	-	134690242	134690712	134690242	134690407	134690646	134690712	4820	11,7,9	1,0,0	9,9,24	1,0,3	339	100	0.0807976733889	0.35855366418010465	0.764,1.0,1.0	0.726,1.0,0.702	0.112
4821	"Nfat5"	NA	chrNC_000074.7	+	108065440	108065999	108065440	108065580	108065721	108065999	4821	156,110,89	5,0,0	141,148,122	0,1,0	241	100	0.92416572487	1.0	0.928,1.0,1.0	1.0,0.984,1.0	-0.019
4823	"Nfat5"	NA	chrNC_000074.7	+	108065440	108065999	108065440	108065829	108065927	108065999	4823	187,110,105	5,0,1	141,107,89	1,2,1	198	100	0.521772757699	0.9822013051207394	0.95,1.0,0.981	0.986,0.964,0.978	0.001
4824	"Ist1"	NA	chrNC_000074.7	-	110402007	110402434	110402007	110402014	110402274	110402434	4824	393,391,421	0,0,1	453,431,498	0,0,0	360	100	1	1.0	1.0,1.0,0.992	1.0,1.0,1.0	-0.003
4825	"Ist1"	NA	chrNC_000074.7	-	110402007	110402434	110402007	110402056	110402274	110402434	4825	183,151,170	7,13,13	254,183,243	8,11,4	318	100	0.0246553962529	0.17476966724400797	0.892,0.785,0.804	0.909,0.84,0.95	-0.073
4826	"Ist1"	NA	chrNC_000074.7	-	110402274	110403482	110402274	110402434	110403389	110403482	4826	598,563,521	3,1,2	777,579,838	5,13,0	1055	100	0.0253375182301	0.17691242849748784	0.95,0.982,0.961	0.936,0.808,1.0	0.05
4830	"Znrf1"	NA	chrNC_000074.7	+	112348227	112352352	112348227	112348319	112349106	112352352	4830	1203,1018,879	170,166,98	935,1121,1362	138,137,252	887	100	0.491090038739	0.9562375472551349	0.444,0.409,0.503	0.433,0.48,0.379	0.021
4831	"Znrf1"	NA	chrNC_000074.7	+	112348227	112352352	112348227	112348319	112349430	112352352	4831	2524,2428,1936	51,38,36	2025,2360,3531	51,45,89	1211	100	0.0773317644104	0.34998259526459996	0.803,0.841,0.816	0.766,0.812,0.766	0.039
4835	"Adamts18"	NA	chrNC_000074.7	-	114574825	114575375	114574825	114574916	114575018	114575375	4835	0,0,2	0,1,0	1,1,2	0,0,0	202	100	1	1.0	NA,0.0,1.0	1.0,1.0,1.0	-0.5
4841	"Mthfsd"	NA	chrNC_000074.7	-	121823343	121825891	121823343	121824664	121825446	121825891	4841	389,299,366	107,138,87	495,493,624	126,121,97	882	100	0.01737505936	0.14129362992243655	0.292,0.197,0.323	0.308,0.316,0.422	-0.078
4842	"Mthfsd"	NA	chrNC_000074.7	-	121823343	121825891	121823343	121824664	121825737	121825891	4842	622,576,612	0,0,1	772,745,935	0,1,0	1173	100	1	1.0	1.0,1.0,0.981	1.0,0.984,1.0	-0.001
4843	"Mthfsd"	NA	chrNC_000074.7	-	121825446	121825891	121825446	121825510	121825737	121825891	4843	255,306,267	84,89,96	311,294,351	84,53,81	327	100	0.00903492675612	0.09514381402912603	0.481,0.513,0.46	0.531,0.629,0.57	-0.092
4844	"Mmgt2"	NA	chrNC_000077.7	+	62555495	62557182	62555495	62556062	62556569	62557182	4844	297,217,260	54,44,67	241,258,209	99,82,71	607	100	0.000304462440802	0.010056676910614517	0.475,0.448,0.39	0.286,0.341,0.327	0.12
4846	"Def8"	NA	chrNC_000074.7	+	124186555	124187255	124186555	124186665	124187085	124187255	4846	11,9,5	0,1,0	7,10,22	1,0,0	520	100	1	1.0	1.0,0.634,1.0	0.574,1.0,1.0	0.02
4847	"1700016J18Rik"	NA	chrNC_000076.7	+	41894603	41896088	41894603	41894908	41895710	41896088	4847	7,24,12	2,3,3	20,19,15	0,0,2	902	100	0.000437387048877	0.012702709629975537	0.28,0.47,0.307	1.0,1.0,0.454	-0.466
4851	"Spin2c"	NA	chrNC_000086.8	+	152615245	152615544	152615245	152615325	152615430	152615544	4851	9,9,6	5,8,7	1,10,1	2,1,2	205	100	0.932745107638	1.0	0.468,0.354,0.295	0.196,0.83,0.196	-0.035
4852	"Armcx6"	NA	chrNC_000086.8	-	133651689	133652116	133651689	133651782	133652078	133652116	4852	26,36,22	82,75,56	32,21,25	55,56,58	396	100	0.463686392911	0.9296941194535945	0.074,0.108,0.09	0.128,0.087,0.098	-0.014
4854	"Gm45971"	NA	chrNC_000073.7	-	12605447	12606417	12605447	12605525	12606360	12606417	4854	3,10,5	1,0,0	18,8,16	0,0,0	935	100	1	1.0	0.243,1.0,1.0	1.0,1.0,1.0	-0.252
4855	"Gm45971"	NA	chrNC_000073.7	-	12605447	12607407	12605447	12606417	12607305	12607407	4855	10,4,3	1,0,0	19,4,12	0,1,0	988	100	1	1.0	0.503,1.0,1.0	1.0,0.288,1.0	0.072
4857	"Klhl23"	NA	chrNC_000068.8	+	69664018	69666995	69664018	69665594	69666437	69666995	4857	800,874,591	1,6,0	629,797,1537	2,0,0	943	100	0.365000785487	0.8254606480808705	0.988,0.939,1.0	0.971,1.0,1.0	-0.015
4858	"Snhg16"	NA	chrNC_000077.7	+	116565125	116566624	116565125	116565201	116566333	116566624	4858	100,96,157	18,27,27	113,130,154	15,17,52	1232	100	0.80559977165	1.0	0.311,0.224,0.321	0.379,0.383,0.194	-0.033
4860	"Tbc1d19"	NA	chrNC_000071.7	+	53987796	53988830	53987796	53987842	53988708	53988830	4860	512,387,569	17,14,9	930,502,348	11,13,8	966	100	0.130776947981	0.48217415573201844	0.757,0.741,0.867	0.897,0.8,0.818	-0.05
4861	"Tbc1d19"	NA	chrNC_000071.7	+	53987796	53988830	53987796	53987842	53988730	53988830	4861	541,409,600	20,24,19	968,531,365	23,14,11	988	100	0.0378599545278	0.23105389391823086	0.732,0.633,0.762	0.81,0.793,0.771	-0.082
4862	"Ccdc82"	NA	chrNC_000075.7	+	13248883	13252423	13248883	13248967	13251695	13252423	4862	70,72,59	14,14,9	124,72,74	8,13,10	2828	100	0.134770164142	0.4874973790974176	0.15,0.154,0.188	0.354,0.164,0.207	-0.078
4863	"Gm53498"	NA	chrNC_000075.7	-	13676742	13677169	13676742	13676846	13676950	13677169	4863	3,0,0	0,0,2	0,2,2	0,1,0	204	100	1	1.0	1.0,NA,0.0	NA,0.495,1.0	-0.248
4866	"Ttc9c"	NA	chrNC_000085.7	-	8786429	8789202	8786429	8788280	8788998	8789202	4866	1025,953,1001	10,5,10	912,913,843	9,7,5	818	100	0.797233741732	1.0	0.926,0.959,0.924	0.925,0.941,0.954	-0.004
4867	"Taf1d"	NA	chrNC_000075.7	+	15222822	15223401	15222822	15222991	15223204	15223401	4867	61,47,52	5,6,2	73,57,100	3,3,6	313	100	0.359946571761	0.8237745796162371	0.796,0.715,0.893	0.886,0.859,0.842	-0.061
4868	"Taf1d"	NA	chrNC_000075.7	+	15226397	15226736	15226397	15226427	15226678	15226736	4868	25,31,25	45,68,49	33,28,32	67,56,66	351	100	0.959561450161	1.0	0.137,0.115,0.127	0.123,0.125,0.121	0.003
4869	"Taf1d"	NA	chrNC_000075.7	+	15226397	15228274	15226397	15226427	15228184	15228274	4869	241,223,267	0,0,0	262,264,289	0,1,0	1857	100	1	1.0	1.0,1.0,1.0	1.0,0.934,1.0	0.022
4870	"Taf1d"	NA	chrNC_000075.7	+	15226397	15228274	15226397	15226736	15228184	15228274	4870	219,199,248	27,50,32	238,240,266	43,42,40	1548	100	0.863371930779	1.0	0.344,0.205,0.334	0.263,0.27,0.3	0.017
4871	"Taf1d"	NA	chrNC_000075.7	+	15226397	15228274	15226397	15226772	15228184	15228274	4871	217,192,243	0,1,0	229,236,258	1,4,4	1512	100	0.000151129303038	0.006694456880459675	1.0,0.927,1.0	0.938,0.796,0.81	0.128
4872	"Cep295"	NA	chrNC_000075.7	-	15262986	15264395	15262986	15263111	15264194	15264395	4872	26,43,14	18,37,12	19,25,51	14,26,30	1183	100	0.722224011077	1.0	0.109,0.089,0.09	0.103,0.075,0.126	-0.005
4873	"Gm26871"	NA	chrNC_000069.7	+	118307786	118309443	118307786	118307916	118309375	118309443	4873	2,16,2	0,1,0	2,4,65	2,0,1	1559	100	0.0227852351443	0.16782504230422343	1.0,0.506,1.0	0.06,1.0,0.807	0.213
4875	"Gm26871"	NA	chrNC_000069.7	+	118307786	118310760	118307786	118309571	118310097	118310760	4875	8,16,0	0,2,0	12,4,27	0,1,3	626	100	1	1.0	1.0,0.561,NA	1.0,0.39,0.59	0.12
4877	"Gm26871"	NA	chrNC_000069.7	+	118307786	118310760	118307786	118309571	118310101	118310760	4877	8,16,0	0,0,0	12,4,27	0,0,3	630	100	1	1.0	1.0,1.0,NA	1.0,1.0,0.588	0.137
4880	"Homer3"	NA	chrNC_000074.7	+	70745624	70747007	70745624	70746328	70746633	70747007	4880	1158,914,1075	10,7,8	1052,1009,1028	15,5,10	405	100	0.469614411981	0.9330686877441092	0.966,0.97,0.971	0.945,0.98,0.962	0.007
4883	"Gm16754"	NA	chrNC_000075.7	+	21142037	21144425	21142037	21142103	21142469	21144425	4883	245,257,275	0,0,1	308,218,289	11,0,3	466	100	9.89681115209e-05	0.005033235385920057	1.0,1.0,0.983	0.857,1.0,0.954	0.057
4884	"Gm16754"	NA	chrNC_000075.7	+	21142037	21144425	21142037	21142103	21144203	21144425	4884	994,989,953	8,15,12	1230,965,1205	15,20,12	2200	100	0.516020691991	0.9778139419850527	0.85,0.75,0.783	0.788,0.687,0.82	0.029
4885	"Gm16754"	NA	chrNC_000075.7	+	21142469	21144425	21142469	21142625	21144203	21144425	4885	746,728,673	0,0,0	912,744,911	5,0,2	1678	100	0.101721709243	0.4120307919273983	1.0,1.0,1.0	0.916,1.0,0.964	0.04
4886	"Tmed1"	NA	chrNC_000075.7	-	21420226	21420647	21420226	21420410	21420549	21420647	4886	20,20,20	148,133,147	13,14,20	160,174,97	239	100	0.261204857822	0.6986882458549983	0.054,0.059,0.054	0.033,0.033,0.079	0.007
4888	"Epor"	NA	chrNC_000075.7	-	21871742	21872139	21871742	21871907	21871985	21872139	4888	0,0,2	9,1,3	4,0,7	1,1,8	178	100	0.00122160332072	0.02664379953072245	0.0,0.0,0.272	0.692,0.0,0.33	-0.25
4889	"Larp1b"	NA	chrNC_000069.7	+	40988379	40990310	40988379	40988524	40990200	40990310	4889	26,28,28	4,8,13	36,63,33	8,13,10	1776	100	0.397578157398	0.8607394145380866	0.268,0.165,0.108	0.202,0.214,0.157	-0.011
4890	"Larp1b"	NA	chrNC_000069.7	+	40988379	40991252	40988379	40988524	40991124	40991252	4890	35,36,34	1,0,0	58,71,46	0,0,1	2700	100	1	1.0	0.565,1.0,1.0	1.0,1.0,0.63	-0.022
4891	"Larp1b"	NA	chrNC_000069.7	+	40988379	40991252	40988379	40990310	40991124	40991252	4891	9,8,6	11,5,14	21,6,12	13,20,15	914	100	0.805370935367	1.0	0.082,0.149,0.045	0.15,0.032,0.08	0.005
4892	"Poll"	NA	chrNC_000085.7	-	45548635	45548982	45548635	45548803	45548924	45548982	4892	1,6,1	1,3,0	10,4,6	2,0,3	221	100	0.614710829584	1.0	0.312,0.475,1.0	0.693,1.0,0.475	-0.127
4894	"Guca1b"	NA	chrNC_000083.7	+	47701905	47703892	47701905	47702026	47702799	47703892	4894	11,3,6	4,1,7	7,3,16	1,5,3	873	100	0.452641106351	0.9166474317313683	0.24,0.256,0.089	0.445,0.064,0.379	-0.101
4899	"Foxred1"	NA	chrNC_000075.7	-	35120333	35120803	35120333	35120452	35120711	35120803	4899	67,56,75	118,177,114	89,59,68	118,120,152	359	100	0.392024069747	0.8544524622240736	0.137,0.081,0.155	0.174,0.12,0.111	-0.011
4900	"Foxred1"	NA	chrNC_000075.7	-	35120711	35121461	35120711	35120803	35121235	35121461	4900	206,216,175	0,0,0	207,172,296	1,0,3	532	100	0.401363880534	0.8642270653433709	1.0,1.0,1.0	0.975,1.0,0.949	0.025
4901	"Foxred1"	NA	chrNC_000075.7	-	35120711	35121461	35120711	35120825	35121235	35121461	4901	171,170,148	0,0,2	185,136,244	1,0,0	510	100	1	1.0	1.0,1.0,0.936	0.973,1.0,1.0	-0.012
4902	"Foxred1"	NA	chrNC_000075.7	-	35120711	35121461	35120711	35120803	35121240	35121461	4902	211,222,175	10,1,3	207,176,297	9,1,2	537	100	0.537900462996	0.9910483516039013	0.797,0.976,0.916	0.811,0.97,0.965	-0.019
4903	"Foxred1"	NA	chrNC_000075.7	-	35120711	35121461	35120711	35120825	35121240	35121461	4903	176,176,148	133,143,112	185,140,245	136,143,145	515	100	0.826452374121	1.0	0.204,0.193,0.204	0.209,0.16,0.247	-0.005
4905	"Msantd2"	NA	chrNC_000075.7	+	37397033	37401129	37397033	37400866	37400906	37401129	4905	8,4,7	0,1,0	4,0,3	0,0,0	140	100	1	1.0	1.0,0.741,1.0	1.0,NA,1.0	-0.086
4906	"Msantd2"	NA	chrNC_000075.7	+	37424909	37428768	37424909	37424999	37428512	37428768	4906	720,512,633	2,5,2	701,676,629	3,4,4	3613	100	0.848005082187	1.0	0.909,0.739,0.898	0.866,0.824,0.813	0.014
4907	"Msantd2"	NA	chrNC_000075.7	+	37424909	37428768	37424909	37424999	37428668	37428768	4907	783,587,684	9,11,3	787,729,706	3,5,7	3769	100	0.184987362265	0.586186139888253	0.698,0.586,0.858	0.874,0.795,0.728	-0.085
4908	"Marchf2"	NA	chrNC_000083.7	-	33904665	33907216	33904665	33905372	33906201	33907216	4908	187,176,137	0,1,2	221,170,314	0,0,1	929	100	0.652736696144	1.0	1.0,0.95,0.881	1.0,1.0,0.971	-0.047
4911	"Trim15"	NA	chrNC_000083.7	-	37171581	37173251	37171581	37172388	37173218	37173251	4911	37,20,21	1,0,0	32,20,15	0,0,0	930	100	1	1.0	0.799,1.0,1.0	1.0,1.0,1.0	-0.067
4913	"Gm35835"	NA	chrNC_000075.7	-	41642601	41648037	41642601	41647487	41647899	41648037	4913	2,0,4	0,0,0	0,9,0	0,0,2	512	100	1	1.0	1.0,NA,1.0	NA,1.0,0.0	0.5
4914	"Cdr2l"	NA	chrNC_000077.7	+	115281005	115281449	115281005	115281102	115281336	115281449	4914	18,10,8	1,0,1	8,27,9	9,0,0	334	100	0.0543554753061	0.28929392505107043	0.843,1.0,0.705	0.21,1.0,1.0	0.113
4915	"Gm36227"	NA	chrNC_000075.7	-	41823244	41826610	41823244	41824253	41826557	41826610	4915	26,11,33	5,1,1	11,17,15	5,2,6	2404	100	0.0603673814496	0.3070112542293943	0.178,0.314,0.579	0.084,0.261,0.094	0.211
4916	"Gm36227"	NA	chrNC_000075.7	-	41823244	41826610	41823244	41825691	41826557	41826610	4916	4,6,17	0,2,1	0,10,7	2,0,0	966	100	0.364436285218	0.8254606480808705	1.0,0.237,0.638	0.0,1.0,1.0	-0.042
4918	"Gm36648"	NA	chrNC_000075.7	+	42859003	42860212	42859003	42859651	42859830	42860212	4918	4,8,5	3,3,7	4,1,9	3,1,2	279	100	0.508381021144	0.9715301269332237	0.323,0.489,0.204	0.323,0.264,0.617	-0.063
4921	"Cenatac"	NA	chrNC_000075.7	-	44321987	44323780	44321987	44322077	44323749	44323780	4921	439,313,360	41,40,45	568,374,367	35,48,35	1772	100	0.262852475795	0.701277749602831	0.377,0.306,0.311	0.478,0.305,0.372	-0.054
4922	"Cenatac"	NA	chrNC_000075.7	-	44323749	44324319	44323749	44323780	44324213	44324319	4922	219,142,149	55,46,54	188,155,153	43,67,39	533	100	0.876777598827	1.0	0.428,0.367,0.341	0.451,0.303,0.424	-0.014
4923	"Cenatac"	NA	chrNC_000075.7	-	44323749	44324498	44323749	44323780	44324433	44324498	4923	362,254,260	0,0,0	280,296,244	0,1,1	753	100	1	1.0	1.0,1.0,1.0	1.0,0.975,0.97	0.018
4924	"Cenatac"	NA	chrNC_000075.7	-	44323749	44324498	44323749	44324319	44324433	44324498	4924	135,103,101	52,34,37	85,131,90	50,44,38	214	100	0.327564380805	0.792546921741964	0.548,0.586,0.561	0.443,0.582,0.525	0.048
4925	"Cenatac"	NA	chrNC_000075.7	-	44323749	44324498	44323749	44324340	44324433	44324498	4925	118,91,94	2,0,1	80,119,83	3,2,8	193	100	0.000767620839628	0.01865818192298021	0.968,1.0,0.98	0.933,0.969,0.843	0.068
4926	"Cenatac"	NA	chrNC_000075.7	-	44324213	44324498	44324213	44324363	44324433	44324498	4926	106,83,81	8,6,7	75,112,78	1,2,4	170	100	0.00365933604323	0.05389270021488715	0.886,0.891,0.872	0.978,0.971,0.92	-0.073
4928	"Hdac10"	NA	chrNC_000081.7	-	89008377	89008791	89008377	89008456	89008734	89008791	4928	84,96,121	26,41,35	140,141,111	33,35,36	378	100	0.190606641024	0.5944771070099475	0.461,0.383,0.478	0.529,0.516,0.449	-0.057
4929	"Hdac10"	NA	chrNC_000081.7	-	89008377	89008791	89008377	89008459	89008734	89008791	4929	84,95,120	5,7,2	140,140,111	3,8,5	375	100	0.805451747061	1.0	0.818,0.784,0.941	0.926,0.824,0.855	-0.021
4930	"Hdac10"	NA	chrNC_000081.7	-	89008377	89008791	89008377	89008631	89008734	89008791	4930	51,39,54	0,3,9	89,61,59	0,0,2	203	100	7.56971200895e-05	0.004489504927822555	1.0,0.865,0.747	1.0,1.0,0.936	-0.108
4931	"Tmem25"	NA	chrNC_000075.7	-	44709960	44710544	44709960	44710054	44710326	44710544	4931	72,56,55	3,5,1	89,68,168	7,8,5	372	100	0.357181525552	0.8191908431414516	0.866,0.751,0.937	0.774,0.696,0.9	0.061
4932	"Tmem25"	NA	chrNC_000075.7	-	44709960	44710569	44709960	44710057	44710326	44710569	4932	72,56,55	2,6,1	87,68,167	0,1,0	369	100	7.92775755165e-05	0.004489504927822555	0.907,0.717,0.937	1.0,0.949,1.0	-0.129
4933	"Tmem25"	NA	chrNC_000075.7	-	44709960	44710544	44709960	44710054	44710378	44710544	4933	88,79,66	7,10,1	110,86,219	6,3,17	424	100	0.744240699037	1.0	0.748,0.651,0.94	0.812,0.871,0.752	-0.032
4934	"Tmem25"	NA	chrNC_000075.7	-	44709960	44710544	44709960	44710054	44710477	44710544	4934	93,97,72	3,2,6	121,97,235	4,2,24	523	100	0.395698989604	0.8589563432867318	0.856,0.903,0.696	0.853,0.903,0.652	0.016
4935	"Kcnh1"	NA	chrNC_000067.7	+	192187571	192192467	192187571	192189064	192191627	192192467	4935	728,667,404	2,12,2	372,766,1479	1,4,0	2663	100	0.00124152866353	0.0268774178239873	0.932,0.676,0.884	0.933,0.878,1.0	-0.106
